lrs/actor_lr,debug/a2_1_std,debug/q_a1,round_time,debug/a_0,debug/actor_grad_norm,sampling_duration,debug/q1_std,debug/q_a1_std,debug/backup,debug/log_pi_std,debug/a1_2_std,_step,debug/a2_2,debug/a1_0_std,debug/q1,debug/logp_a2,debug/d_std,debug/a_1_std,debug/a2_2_std,debug/log_pi,lrs/critic_lr,debug/d,debug/a_1,debug/a2_1,debug/q_a1_targ,debug/a1_1_std,debug/a_0_std,training_step_duration,debug/a_2_std,debug/a2_0,debug/r_std,losses/loss_critic,memory_len,debug/a1_2,debug/backup_std,debug/demo_fraction_in_batch,debug/q2_std,debug/a2_0_std,debug/q_a1_targ_std,_timestamp,debug/r,episode_length_test,losses/loss_actor,idle_time,return_train,debug/logp_a2_std,debug/a_2,debug/a1_0,episode_length_train,debug/q2,debug/a1_1,_runtime,return_test,debug/critic_grad_norm
1e-05,0.5912016547,0.4999190267,327.2342085838,0.3976284825,0.0286423414,0.0104787755,0.2004280599,0.100232137,0.5446237141,0.3645847771,0.598259446,0,-0.0476006595,0.5837521857,0.4928922017,-1.9891078897,0.0069426529,0.6400685801,0.5986962754,-1.9920679994,5e-05,0.0003450521,-0.2058792549,-0.0129906144,0.1579275377,0.5919926091,0.5174836741,0.0411938469,0.7097508574,0.0557453934,0.0976805833,0.015433499,5859,-0.0489729332,0.2852841866,0.0,0.2077311198,0.5849802087,0.0864290637,1772300746.480947,0.130709548,0,-0.5197793558,311.5162024498,180.4232330322,0.3653464064,-0.0140259548,0.0565940647,1488.0,0.4993814087,-0.0122844929,459.8268015,0,0.0572165871
1e-05,0.5867169565,0.9383854167,14.9157226086,0.396783692,0.0174296011,0.0100881894,0.3475911458,0.3085091146,0.9384562395,0.248653894,0.5870262676,1,-0.0345493764,0.5876874518,0.9348307292,-2.0394833732,0.0064142127,0.6397773099,0.5869500746,-2.0384804845,5e-05,0.0003255208,-0.2061611917,-0.0195939863,0.5602205733,0.5867491577,0.5185022921,0.0388791958,0.7100841614,0.0096799572,0.0965954914,0.0094652196,5859,-0.0405369401,0.3920192309,0.0,0.3489257812,0.5899032766,0.1935580139,1772300746.48162,0.1309362868,0,-0.9585715197,0.0,180.4232330322,0.2490958801,-0.0160443628,0.0109433316,1488.0,0.9351692708,-0.0200274157,459.8273018,0,0.1618222306
1e-05,0.5861903125,1.3803515625,14.5774919987,0.399475911,0.0168881399,0.0100664361,0.5505924479,0.5246549479,1.3856312948,0.237784,0.5874485383,2,-0.0094896342,0.5882637415,1.3766145833,-2.0418425067,0.0062668988,0.6385696669,0.5884550687,-2.0425582465,5e-05,0.0003190104,-0.2079779684,-0.0407488613,1.0153646777,0.5871997138,0.5173925484,0.0378778235,0.7084885887,0.0003494334,0.0966718086,0.0106303187,5859,-0.0110175804,0.5844810978,0.0,0.5524283854,0.589135024,0.378292511,1772300746.48162,0.1315912032,0,-1.4006042679,0.0,180.4232330322,0.2366830411,-0.0145729839,-0.0012452689,1488.0,1.3775651042,-0.0426096291,459.8278011,0,0.3146266537
1e-05,0.5866534116,1.8176822917,14.8476605415,0.3950348269,0.0159846962,0.0104078579,0.7828385417,0.7608723958,1.8252733386,0.2291665841,0.5870393451,3,0.0015023107,0.5861411536,1.814609375,-2.0441033848,0.006865604,0.6409451807,0.5879973199,-2.0447389277,5e-05,0.0003645833,-0.204077531,-0.0295136269,1.4720427553,0.5869736759,0.5207800665,0.0382578834,0.7094556932,0.0135615747,0.0965599081,0.0122707321,5859,-0.001619149,0.8095326629,0.0,0.7808007812,0.5861392248,0.6047010725,1772300746.4821205,0.1292248336,0,-1.8383649309,0.0,180.4232330322,0.2291907167,-0.0178129764,0.0143774137,1488.0,1.813515625,-0.0321621161,459.8283024,0,0.4848188511
1e-05,0.5864898707,2.2759895833,14.2673864365,0.4001222866,0.0165012983,0.0097548525,1.0195182292,1.0020963542,2.2918597639,0.2354300937,0.5880710387,4,-0.0064322367,0.5870154021,2.2742708333,-2.0441854485,0.0059371385,0.6390955486,0.5864067731,-2.0427729972,5e-05,0.0002929688,-0.2074455854,-0.0373972776,1.9389787424,0.5855661303,0.5159124911,0.0371702075,0.7092832788,-0.0134080647,0.0975482712,0.0146246093,5859,-0.0042746891,1.0406036774,0.0,1.0174609375,0.5871051097,0.8362038058,1772300746.4826198,0.1325057364,0,-2.2964475548,0.0,180.4232330322,0.236705414,-0.0124500665,-0.0140801346,1488.0,2.2726041667,-0.0404234434,459.8288018,0,0.7458435532
1e-05,0.5854582487,2.7123697917,14.4778234959,0.4002110974,0.0163612597,0.0102951129,1.26765625,1.2538151042,2.7305903828,0.2464809331,0.5885935054,5,-0.013438092,0.5867663739,2.7084114583,-2.0406773551,0.0063277143,0.6396868871,0.5882792236,-2.0402269348,5e-05,0.0003255208,-0.2070553779,-0.032198593,2.386045748,0.5851002582,0.5148071327,0.0373425357,0.7104710714,-0.0435435815,0.0977240827,0.0150101887,5859,-0.0145941434,1.2815526221,0.0,1.2674869792,0.5859193814,1.0822240313,1772300746.483121,0.1329249694,0,-2.7329532043,0.0,180.4232330322,0.2448759689,-0.0117241283,-0.041942261,1488.0,2.7106510417,-0.03428612,459.8288018,0,0.8584823692
1e-05,0.5857272436,3.1449479167,14.6915235519,0.396384227,0.0163199193,0.0101692708,1.4676041667,1.4507421875,3.162435743,0.2538350333,0.5875600823,6,-0.016833381,0.5851517924,3.1368229167,-2.0395706129,0.0043166855,0.6409332005,0.5888659861,-2.0393058912,5e-05,0.0002213542,-0.2019871972,-0.0360210541,2.8347298745,0.5857294331,0.5202574676,0.0380588007,0.7102436801,-0.0566101505,0.0960041666,0.0201613797,6607,-0.0178363837,1.4877482225,0.0,1.4679166667,0.5846758177,1.3033529109,1772300746.4836206,0.1307643365,0,-3.1659062115,0.0,141.6044273376,0.2568979425,-0.0164186997,-0.0562609948,1241.0,3.1453125,-0.0331874222,459.8293015,0,1.2512538285
1e-05,0.5881016944,3.55125,14.3423333168,0.3918792885,0.0161891339,0.0098161165,1.65109375,1.6315104167,3.5731820973,0.231063394,0.5877339911,7,0.0237285875,0.5883554375,3.54984375,-2.0439960337,0.0034490354,0.6430587327,0.5878955229,-2.0439200433,5e-05,0.00015625,-0.1961525367,-0.0172045192,3.2646734103,0.5873802779,0.5246058151,0.0373001281,0.7114670897,-0.0067367997,0.095510546,0.0249065172,6607,0.0213101697,1.6624828281,0.0,1.6488932292,0.5866014441,1.4903953505,1772300746.4841204,0.1276538354,0,-3.5716820312,0.0,63.9668159485,0.2295041184,-0.015721155,-0.0054402862,747.0,3.5453645833,-0.0145286055,459.8298023,0,1.5178380128
1e-05,0.5870334309,3.85609375,14.4295156002,0.3942241155,0.015854494,0.0102405151,1.9414973958,1.9217708333,3.8875769591,0.2341582727,0.5859223497,8,-0.0050899798,0.5864663082,3.8515625,-2.0434632357,0.0060587694,0.6440583553,0.5863757994,-2.043472681,5e-05,0.0003059896,-0.1948583127,-0.0127479404,3.589576358,0.5866206896,0.5211536705,0.0372109731,0.7119322159,-0.0364523726,0.0988228686,0.0284191004,6607,-0.0059519802,1.9477975337,0.0,1.9344921875,0.5869680671,1.770875449,1772300746.484621,0.1262809591,0,-3.876562558,0.0,63.9668159485,0.2372462858,-0.009644139,-0.0328101782,747.0,3.8529166667,-0.0169059798,459.8303012,0,1.9570497252
1e-05,0.5864669373,4.1925,14.7457556725,0.394060533,0.0155020752,0.0100906046,2.183046875,2.1654166667,4.2190758872,0.2345147567,0.5858354231,9,0.0179558803,0.5866365568,4.19046875,-2.0432476211,0.005997954,0.6434125086,0.5864601237,-2.044611361,5e-05,0.0002994792,-0.196843904,-0.0160637068,3.9274553784,0.5874016585,0.5222236182,0.0383839901,0.7105732926,0.0229950708,0.097918834,0.029517345,6607,0.0213111646,2.1896244399,0.0,2.1752864583,0.5869467034,2.0182356612,1772300746.484621,0.1265929127,0,-4.212896324,0.0,63.9668159485,0.2322960518,-0.0128996657,0.0196950304,747.0,4.1942708333,-0.0175309163,605.0623255,0,2.0290541554
1e-05,0.5856716826,4.4682291667,14.691380024,0.3899706973,0.0163989503,0.0103221957,2.4221354167,2.4058333333,4.4942631165,0.2596828776,0.5851019436,10,0.0639005972,0.5879406621,4.4682291667,-2.0380377483,0.0065872096,0.6417598335,0.5863429697,-2.0377094281,5e-05,0.0003255208,-0.1955147353,0.0065544374,4.2197258878,0.5858776575,0.525811095,0.0379669285,0.7076187567,-0.0057486629,0.0980173381,0.0342415293,7653,0.0642797527,2.4307950823,0.0,2.419765625,0.5874838909,2.2664544908,1772300891.7254655,0.1230064872,0,-4.4882261809,0.0,12.2488565445,0.2594179964,-0.0152236579,-0.0021435101,282.0,4.4627604167,0.0080921158,605.0623255,0,2.4982152009
1e-05,0.5849157959,4.80375,14.4511363506,0.3875045839,0.0158971685,0.0099621511,2.5890364583,2.5755729167,4.8306952254,0.2416235875,0.5861598204,11,0.0384742258,0.5857961214,4.801875,-2.0410209433,0.0046369963,0.6417138902,0.5866670191,-2.0414537414,5e-05,0.0002278646,-0.1961936264,0.0397819541,4.560183541,0.5857699873,0.5257939925,0.0375337569,0.7078108501,-0.0069656762,0.0966779661,0.0372409401,7653,0.0398187787,2.5994920015,0.0,2.59625,0.587574387,2.4430898778,1772300891.7258441,0.1243114958,0,-4.8244396186,0.0,12.2488565445,0.2429168118,-0.0154019995,-0.0042980072,282.0,4.8061979167,0.0366785115,605.0634467,0,2.780299027
1e-05,0.5859341053,5.1288541667,14.464413166,0.3887667582,0.0155488366,0.0103719664,2.7750260417,2.76265625,5.1574312377,0.2428209447,0.5836188328,12,0.0392674865,0.5859202137,5.12515625,-2.0406846682,0.0042207375,0.6416262519,0.5847629648,-2.040869503,5e-05,0.0002018229,-0.1987363077,-0.0172897376,4.8932195926,0.5856480835,0.5259013674,0.0372340926,0.707909499,-0.0366974058,0.0960526709,0.035894331,7653,0.0393973684,2.7815121682,0.0,2.7790364583,0.5855924231,2.6310723285,1772300891.7264655,0.1247504977,0,-5.1489698362,0.0,12.2488565445,0.2447423841,-0.0165914372,-0.0382049399,282.0,5.1268229167,-0.018689694,605.0639467,0,2.8598556433
1e-05,0.5840774117,5.32328125,14.4120543003,0.386445882,0.0157513272,0.0100975966,3.122265625,3.101796875,5.3510904368,0.236574152,0.5867835792,13,0.0260256881,0.5868111877,5.3147395833,-2.0426030715,0.0063790802,0.6392335117,0.5865938,-2.0420093958,5e-05,0.0003125,-0.1969257708,0.0311320215,5.0987655497,0.5849127821,0.5250866693,0.0372596113,0.7031699598,-0.0155966479,0.0979022536,0.0444698055,8228,0.0230057077,3.1292891808,0.0,3.1163802083,0.5870923531,2.9816322998,1772300891.7269654,0.1219743253,0,-5.3438831433,0.0,13.6345822016,0.2372219009,-0.0152025749,-0.01932999,264.6666666667,5.32625,0.0314082269,605.0644465,0,3.3827104633
1e-05,0.5850229992,5.6243229167,14.1644694805,0.3903333556,0.0160033188,0.0099511862,3.2859375,3.2720052083,5.6383206518,0.2813099167,0.5827274829,14,0.0869208319,0.585346881,5.6208333333,-2.0306543644,0.0069426529,0.6389533585,0.5829937689,-2.0293089684,5e-05,0.0003450521,-0.2003360384,-0.0046676044,5.3908252319,0.5852938137,0.5250456945,0.0366796962,0.7036602956,-0.0159178503,0.0980563166,0.0423343828,8228,0.0909792939,3.3069223273,0.0,3.290625,0.5856517484,3.163784622,1772300891.7274654,0.122419901,0,-5.6440427899,0.0,14.3274450302,0.283200561,-0.0166665743,-0.0147760153,256.0,5.6170833333,-0.0018902757,605.0649472,0,3.1955684101
1e-05,0.583308056,5.8834375,14.4482200146,0.3803380711,0.0156944148,0.0101010005,3.5388541667,3.5232552083,5.9066416375,0.2682156469,0.584127757,15,0.0484677948,0.5863247172,5.8849479167,-2.0348095489,0.0081819797,0.6393382428,0.585459939,-2.0331430594,5e-05,0.0004036458,-0.1910820893,-0.0542531703,5.6675863949,0.584726153,0.5264289237,0.0373201068,0.7033333462,-0.0324544378,0.0978756418,0.0472135734,8228,0.0509335237,3.5502470513,0.0,3.540546875,0.5852893406,3.4126141791,1772300891.727965,0.121482987,0,-5.9039529173,0.0,14.3274450302,0.2712165148,-0.0151637967,-0.0323777784,256.0,5.87796875,-0.0545616485,605.0649472,0,3.6991843062
1e-05,0.5851125401,6.0222395833,14.2997226715,0.3711627214,0.0154668966,0.0100215872,3.804609375,3.7844010417,6.0675589379,0.2455843043,0.5858056072,16,-0.0206690134,0.5861509905,6.0181770833,-2.039519217,0.0090564136,0.6372171275,0.586351549,-2.0414106146,5e-05,0.0004231771,-0.1884314446,-0.0286726988,5.8398475297,0.5851552186,0.5282741125,0.0369317897,0.6986584087,-0.0161108061,0.0980886749,0.0543620931,8846,-0.0233165924,3.8118958525,0.0,3.80046875,0.5869548386,3.679947679,1772300891.728466,0.1188605218,0,-6.0419146999,0.0,26.2965284983,0.2420305238,-0.0154275224,-0.0188250466,376.3333333333,6.020625,-0.0256942363,605.0659458,0,4.3194922049
1e-05,0.5849696652,6.344375,14.8452658653,0.3797568253,0.0158734871,0.0106173158,3.8555989583,3.837109375,6.3789152797,0.2475658748,0.5866532199,17,-0.0339588801,0.5849243395,6.34796875,-2.039351629,0.0062574493,0.6395771805,0.5878133317,-2.0393425679,5e-05,0.0002994792,-0.1928961995,-0.017846363,6.1475707213,0.5846739173,0.5255032754,0.0382221913,0.7025592603,-0.0288723399,0.0972986409,0.0562385892,8846,-0.0335504721,3.864944435,0.0,3.8580729167,0.5856095964,3.7386791583,1772300891.7289653,0.1226697346,0,-6.3657349022,0.0,50.2346954346,0.2483846463,-0.0144973671,-0.0292107388,617.0,6.335,-0.0138706804,605.0664465,0,4.4737517375
1e-05,0.5858060763,6.4329166667,14.6660466194,0.375371277,0.0152105266,0.0102870282,4.1111197917,4.0927604167,6.4858023047,0.2539458598,0.5855148033,18,0.0129895507,0.5854025318,6.41921875,-2.0371480056,0.008319844,0.6396013224,0.5865289529,-2.0374941619,5e-05,0.000390625,-0.1894531503,0.0071935611,6.2658142916,0.5848655307,0.5297450777,0.037944719,0.7023221465,-0.0622813033,0.0976494977,0.0613217444,8846,0.0153530494,4.1103635108,0.0,4.1046354167,0.5845291257,3.9910247763,1772300891.7299652,0.1194591794,0,-6.4539786681,0.0,50.2346954346,0.2530932681,-0.0178705434,-0.0611490393,617.0,6.4459895833,0.0062873074,605.0669471,0,4.8166181802
1e-05,0.5844962792,6.6963541667,14.3010649681,0.3735081052,0.01539069,0.0099950886,4.2559375,4.2351822917,6.7279479027,0.2462711107,0.5865190995,19,-0.006295667,0.5867418387,6.6961979167,-2.0403505286,0.0080860317,0.6399955964,0.5858739169,-2.039010394,5e-05,0.0003841146,-0.1880005747,-0.0315575937,6.5085630465,0.5855509855,0.5273612145,0.0370027153,0.7036271761,-0.0156939217,0.0977715423,0.0578494832,8846,-0.0005627991,4.2661831307,0.0,4.2462760417,0.5867510271,4.1508568454,1772300891.7299652,0.1209792317,0,-6.7163689383,0.0,50.2346954346,0.2473399062,-0.0155157681,-0.0190426522,617.0,6.691875,-0.0348739165,752.5817803,0,4.3580295599
1e-05,0.5847379275,6.87015625,14.3798558712,0.3800949066,0.0154865505,0.0101866396,4.4092447917,4.387109375,6.8992837509,0.2439286465,0.5850999645,20,-0.0305421091,0.5852965041,6.8616145833,-2.0397191799,0.0076440899,0.6380658418,0.5836574258,-2.04026733,5e-05,0.0003645833,-0.1941896027,0.0299651931,6.6830241283,0.5854290944,0.5261366674,0.0370734429,0.7001805296,-0.0139948234,0.0983237146,0.0643083585,10184,-0.0309124457,4.4123190387,0.0,4.4067447917,0.5854176811,4.2997146149,1772301039.253637,0.1212686983,0,-6.8892646503,0.0,154.968170166,0.241088754,-0.0131360716,-0.0147821378,1337.0,6.86984375,0.030901749,752.5827809,0,5.1782447916
1e-05,0.5832280687,7.11375,14.3800702095,0.3685692614,0.0153645517,0.0099912175,4.5359375,4.5156770833,7.1466008965,0.2704274476,0.5851261463,21,-0.0373507429,0.5863807491,7.1176041667,-2.0337601145,0.004957307,0.6397193174,0.586764671,-2.0336792755,5e-05,0.000234375,-0.1854896847,0.0539144698,6.9332202117,0.5846338409,0.5261301671,0.0372998214,0.7022625268,-0.0370605352,0.0975432219,0.0622719401,10184,-0.0373593983,4.5320679315,0.0,4.5338541667,0.5863706871,4.4239596208,1772301039.2541358,0.1225056552,0,-7.1320026882,0.0,154.968170166,0.2700814992,-0.007652123,-0.0379356546,1337.0,7.1047395833,0.0545932064,752.5832808,0,4.8836013856
1e-05,0.5861590842,7.20578125,15.0782232285,0.3287557277,0.015275054,0.0105025967,4.7950520833,4.7725,7.2498506705,0.2706707645,0.5835509264,22,0.0587175429,0.5839844034,7.2026041667,-2.0336868509,0.0099754295,0.6330687048,0.5838693476,-2.034139204,5e-05,0.0004752604,-0.1716066157,0.0085322082,7.0575858545,0.5864778006,0.5320569981,0.0390345049,0.6849971094,-0.0413485568,0.0975783086,0.0773434077,10184,0.0575707965,4.8046874579,0.0,4.8013020833,0.5836804471,4.7061317333,1772301039.2551365,0.1154516491,0,-7.2249542522,0.0,154.968170166,0.2705902453,-0.0046988679,-0.0412549466,1337.0,7.2083854167,0.00702129,752.583781,0,6.0179848818
1e-05,0.5854887005,7.6021875,15.0853157043,0.2927138581,0.0149122636,0.0102043271,4.72953125,4.696875,7.6340868823,0.240982885,0.585407901,23,0.0434167026,0.5863057321,7.5852083333,-2.0415948006,0.0050181225,0.629918162,0.585972784,-2.0413581562,5e-05,0.0002408854,-0.1510788333,0.0023918342,7.4494150654,0.584825996,0.5435235201,0.0393472083,0.674981337,-0.0095249601,0.0917154555,0.074368033,11032,0.0421959576,4.7244538665,0.0,4.719375,0.5862343748,4.6419033933,1772301039.2556365,0.1167870674,0,-7.6221648773,0.0,62.8507868449,0.2426117883,-0.0027974431,-0.010456361,595.6666666667,7.6175520833,0.0002740044,752.584281,0,5.7318029453
1e-05,0.5844735901,7.89421875,14.9380376339,0.258191825,0.0155223004,0.0101433627,4.7309895833,4.70625,7.9353458865,0.278373057,0.5814153985,24,0.0794111346,0.5874446988,7.891875,-2.0308726339,0.0053384333,0.6230970734,0.5824242266,-2.0289629118,5e-05,0.0002473958,-0.1352471784,-0.040716767,7.7533719476,0.5844555746,0.5459771917,0.0389744957,0.6616934317,-0.0022474421,0.0898767055,0.0753040085,11032,0.0829384884,4.7261406732,0.0,4.7404166667,0.5870725795,4.6504316664,1772301039.2561367,0.1179803627,0,-7.9144127353,0.0,16.7920951843,0.2836641327,0.0066117911,0.0019907765,225.0,7.89515625,-0.0447792386,752.5847808,0,5.7029906432
1e-05,0.5872143298,7.91,15.1641144753,0.2848183126,0.0154236106,0.0104646111,4.9815104167,4.9545833333,7.9572602812,0.2530442487,0.5854366755,25,0.0376556059,0.5857537222,7.91546875,-2.0386068773,0.0064304461,0.6246385044,0.5867751483,-2.0377091273,5e-05,0.0002994792,-0.1505609616,-0.0026837072,7.7705827284,0.5868145825,0.5424061703,0.0393675288,0.667714809,-0.0323036416,0.0926800006,0.0752789648,11032,0.039189966,4.969671092,0.0,4.97328125,0.585550283,4.8912706478,1772301039.2566369,0.1194522625,0,-7.9311691586,0.0,16.7920951843,0.2552458372,0.0024628959,-0.0334644259,225.0,7.9052083333,-0.008633279,752.5852811,0,6.1378082037
1e-05,0.5845593146,8.2948958333,14.9156990051,0.24837216,0.0151823176,0.0101874081,4.9456770833,4.9150520833,8.3283566999,0.2666438959,0.5873627957,26,-0.0193930427,0.5846846016,8.2835416667,-2.0330892324,0.0051654364,0.6216284364,0.5857464745,-2.0346429352,5e-05,0.0002473958,-0.1293570994,0.0473292174,8.1528696314,0.584833073,0.5491430414,0.0387725608,0.6584325687,0.0588804428,0.08860345,0.0808190488,11312,-0.016978967,4.9316599655,0.0,4.9464583333,0.5853457244,4.8660151752,1772301039.2571366,0.1187850051,0,-8.3151019653,0.0,16.1615629196,0.2634303674,0.0064856636,0.0607397581,243.0,8.3007291667,0.0457567403,752.5857815,0,6.5064109331
1e-05,0.5840428644,8.074375,14.4853363037,0.2873941051,0.0144882084,0.0103213429,5.3330208333,5.2997395833,8.1054799461,0.234200103,0.585357851,27,-0.0086786686,0.5854345636,8.08078125,-2.0424092356,0.0073845946,0.6273987542,0.5844123894,-2.041416769,5e-05,0.0003645833,-0.1439057981,0.0123439993,7.9341048988,0.5850454766,0.5414042169,0.0372767679,0.6688523308,0.0241292686,0.0934918386,0.0899737678,11312,-0.009438041,5.3143043733,0.0,5.32609375,0.585267603,5.2460878754,1772301039.2576368,0.1152043456,0,-8.0940498416,0.0,14.9004983902,0.236214151,0.004111373,0.024899363,279.0,8.0675,0.0127610775,752.5862803,0,6.7333427052
1e-05,0.5839887768,8.3570833333,14.1758284569,0.2543530327,0.0150608801,0.0099435409,5.3236458333,5.29125,8.3855264839,0.2442490463,0.5857057947,28,0.0183643357,0.5856052373,8.3553125,-2.0388855604,0.0061615013,0.6226245485,0.5859923249,-2.0395545578,5e-05,0.0002799479,-0.1358310783,-0.0043255724,8.2210036818,0.5842176191,0.5507438196,0.0366687822,0.6603131719,0.0359949194,0.0896958378,0.0862325832,11312,0.0153564267,5.3115338484,0.0,5.31625,0.5854270275,5.2533053303,1772301039.2581372,0.1155129309,0,-8.3771199528,0.0005004406,14.9004983902,0.2436747999,0.0005016516,0.0349336783,279.0,8.3610416667,-0.0037676848,752.5867809,0,6.5178156202
1e-05,0.5842574157,8.5775,14.3405101299,0.2676367027,0.0146983608,0.0103455154,5.30296875,5.2741666667,8.6174759674,0.2542222662,0.5865841333,29,0.042414944,0.5857983965,8.5875,-2.0387383338,0.00498299,0.6270541133,0.5865755735,-2.039168663,5e-05,0.0002278646,-0.1383391577,-0.0062853739,8.4533369827,0.5848909928,0.5479094325,0.0368393668,0.6688977571,0.0159606379,0.0891199834,0.0837412409,11312,0.042536012,5.2967352017,0.0,5.2950520833,0.5870027481,5.2425069531,1772301039.2586362,0.1173647979,0,-8.5964739307,0.0,14.9004983902,0.2534370671,-0.0002585579,0.0155320756,279.0,8.5742708333,-0.007056902,897.2099406,0,6.1387318158
1e-05,0.5816906724,8.555,14.3159403801,0.2626426991,0.0141028201,0.0099637047,5.504375,5.4780208333,8.609875981,0.2750297243,0.5848561593,30,0.035621686,0.5865744704,8.565,-2.0325821185,0.0074710931,0.6238503947,0.5844769879,-2.0338199917,5e-05,0.0003645833,-0.1358133259,-0.075229622,8.4489948304,0.5812786049,0.546841254,0.0370862023,0.6627425325,0.0226733709,0.0907046926,0.0915672835,12985,0.0341729716,5.4905173286,0.0,5.5097395833,0.5859617954,5.4380775515,1772301183.8904555,0.1155546546,0,-8.5755514272,0.0,165.7574005127,0.2730604723,0.004518842,0.0207261478,1672.0,8.5484375,-0.0757174021,897.210441,0,6.5909849677
1e-05,0.586009258,8.6167708333,14.3388478756,0.2997799789,0.0143075087,0.009915572,5.5998958333,5.5707291667,8.6580750895,0.2562695465,0.5841304678,31,0.0502942932,0.5866928667,8.61375,-2.0376218828,0.0051911194,0.6321573577,0.5837115119,-2.0372915999,5e-05,0.0002408854,-0.1498553885,-0.0315047333,8.4954979229,0.5848439117,0.5425066863,0.0372220771,0.6798584179,-0.0123418478,0.0914192911,0.0859993529,12985,0.048502279,5.5867424981,0.0,5.5914322917,0.5866500417,5.5373304343,1772301183.89096,0.117076875,0,-8.6358405336,0.0,165.7574005127,0.2563200874,-0.0043023636,-0.0146530289,1672.0,8.6254166667,-0.0303687993,897.21094,0,6.1470038007
1e-05,0.584582926,8.5822916667,14.0511262417,0.2715523843,0.0145697337,0.0090299344,5.81828125,5.7853125,8.6339810467,0.2540033788,0.5851805186,32,0.0466149315,0.5867971321,8.5914583333,-2.0380377316,0.0084766075,0.6237010789,0.5848705484,-2.0371182966,5e-05,0.0004166667,-0.1406474081,-0.0424610234,8.4745336978,0.5846570541,0.5435718816,0.0371032604,0.6615031695,0.0069462757,0.0927323844,0.0976638495,12985,0.0471160633,5.8166425188,0.0,5.8190104167,0.5853541263,5.7671198789,1772301183.8914604,0.1149443992,0,-8.6041606522,0.0,165.7574005127,0.2548169756,0.0058698923,0.0063230119,1672.0,8.5859375,-0.0422205842,897.211441,0,6.3452894992
1e-05,0.5868237273,8.7441666667,14.4511671066,0.2548772178,0.0142270501,0.0096994074,5.8008333333,5.7703125,8.7900673453,0.2320945758,0.5860275569,33,-0.0026255167,0.5861007524,8.746875,-2.0422105312,0.0059885044,0.6237127596,0.5866307602,-2.0433087691,5e-05,0.0002799479,-0.1310830324,0.0069768044,8.6382894087,0.5854258293,0.5499744122,0.0377157331,0.6601201667,0.0069315933,0.0897920053,0.0873288715,12985,-0.0034088314,5.7856397041,0.0,5.79375,0.5864096906,5.744442486,1772301183.8924603,0.1142261302,0,-8.7639501444,0.0,165.7574005127,0.2299709507,0.00429771,0.0068672592,1672.0,8.7477083333,0.004921438,897.2119404,0,6.1762691845
1e-05,0.5835581752,8.8366666667,14.5129549503,0.2915855962,0.014674619,0.0102544069,5.9165104167,5.8972916667,8.8729768626,0.2590331441,0.5847191211,34,0.0228207044,0.5856744144,8.8432291667,-2.0347809656,0.0079130348,0.6284219474,0.5857723713,-2.03738283,5e-05,0.0003841146,-0.1498662785,0.063576546,8.7196450202,0.5839563986,0.5432826537,0.0374854374,0.673532267,0.0056139824,0.0921536372,0.0855654731,12985,0.023069597,5.9140526597,0.0,5.9275520833,0.5855407433,5.8753829217,1772301183.89296,0.1149126045,0,-8.856915431,0.0,165.7574005127,0.2584626694,-0.0053127158,0.0068348846,1672.0,8.8363541667,0.060301365,897.2124411,0,5.6510947756
1e-05,0.586412761,9.0502083333,14.2271530628,0.2830573919,0.0137179153,0.0099030193,5.9146875,5.8835416667,9.0911149915,0.2759659663,0.5828841368,35,-0.0613745115,0.5859439365,9.0498958333,-2.0304238331,0.0065872096,0.6267547272,0.5826284206,-2.0323684168,5e-05,0.0003255208,-0.1474503777,0.0386214293,8.9352715667,0.5849844734,0.5438796381,0.0368690618,0.6708593124,-0.0451657695,0.0909835527,0.0914693239,12985,-0.0614438586,5.9043428055,0.0,5.9153385417,0.585521452,5.8684231472,1772301183.89296,0.1174991907,0,-9.0714372412,0.0,165.7574005127,0.276683173,-0.0022680328,-0.0429726498,1672.0,9.0514583333,0.0394080895,897.2129413,0,6.334919548
1e-05,0.584904293,9.0766666667,15.0156736374,0.2525209253,0.0142006784,0.010002292,5.995703125,5.9539583333,9.1215407848,0.3177446631,0.5803958162,36,-0.0842552657,0.5837679038,9.0734895833,-2.0195125469,0.0054086983,0.6218223614,0.5809797307,-2.0194852543,5e-05,0.0002734375,-0.131405046,0.0448498992,8.9710874065,0.5851418265,0.5489862959,0.0388602599,0.6583962599,0.0743592007,0.0897763766,0.0940834069,15466,-0.0851942997,5.9659872003,0.0,5.9738541667,0.5838209363,5.932870396,1772301183.8934605,0.1162638869,0,-9.0981896146,0.0,110.5049336751,0.3171550746,0.0034755686,0.0751973061,1114.6666666667,9.08125,0.0443093982,897.2134406,0,6.6309428402
1e-05,0.5848056404,9.1575,14.2452199459,0.2334595437,0.0143548647,0.0098676984,5.9130989583,5.8812760417,9.2029561965,0.289091376,0.584413711,37,-0.0528257042,0.5842051321,9.155625,-2.0291178898,0.0047843102,0.6203807545,0.5845599645,-2.0291091891,5e-05,0.000234375,-0.1174791363,0.0634413831,9.0612546206,0.5841971322,0.5518660033,0.036923995,0.654990471,0.0466466145,0.0873304483,0.1029846919,15466,-0.0544175365,5.8978677948,0.0,5.9107291667,0.5839983666,5.8760007393,1772301183.8939607,0.1141930167,0,-9.178803614,0.0,0.0,0.2868580345,-0.0064486558,0.0475048235,0.0,9.1647916667,0.0621806695,897.2139407,0,6.7464819761
1e-05,0.5834281403,9.2301041667,14.5359704494,0.2035986935,0.0142632607,0.0102745835,5.8822395833,5.8555208333,9.2809708548,0.2492158414,0.5867254696,38,-0.0168497912,0.5854100198,9.2528125,-2.0392763201,0.0048708086,0.614426498,0.5854788965,-2.0391422284,5e-05,0.000234375,-0.1041222412,0.0398681484,9.1421542343,0.583650858,0.5549283665,0.0374622194,0.6443883292,-0.0288821695,0.0859697029,0.1146028125,15466,-0.0147531139,5.8777319487,0.0,5.8982552083,0.5854835844,5.8597411076,1772301183.8944602,0.1137418841,0,-9.2522030242,0.0,0.0,0.2505396647,-0.0041756095,-0.0281883622,0.0,9.2204166667,0.0354472083,897.2144409,0,7.6068460814
1e-05,0.5847985546,9.4188541667,14.2310903072,0.2238900949,0.0143924524,0.0097029567,5.851796875,5.8172135417,9.4395690536,0.2452375925,0.5852024152,39,-0.0101150733,0.5843240792,9.4208854167,-2.0378794316,0.0039869251,0.619117525,0.5845390149,-2.0391595205,5e-05,0.0001953125,-0.1094908943,0.0032666583,9.3021028153,0.5852945211,0.5535338873,0.0370377461,0.6520363065,-0.0215702722,0.085817529,0.1158688082,15466,-0.0099323288,5.8675781675,0.0,5.8503385417,0.5847388075,5.85206171,1772301183.8949604,0.1147833978,0,-9.439522508,0.0,0.0,0.2451931639,-0.0062718525,-0.0178300362,0.0,9.4280208333,0.0053842688,1044.8128055,0,7.4444834115
1e-05,0.5856749048,9.9411458333,14.397377491,0.2288419098,0.0150515658,0.0101148343,5.9950260417,5.94796875,9.912324295,0.3280546878,0.579393327,40,-0.1209313191,0.5869554224,9.9319791667,-2.0167654594,0.0063696307,0.5679041539,0.5768052346,-2.0143161102,5e-05,0.0002929688,-0.0708709206,0.0257731953,9.5611959759,0.5854309686,0.5543075315,0.0368939193,0.6541114587,-0.0391679411,0.1082443886,0.1462479311,16227,-0.1205175492,5.9851775535,0.1119401042,6.00296875,0.5860478401,5.938965443,1772301331.5021667,0.1878947491,0,-9.9616261609,0.0,0.0,0.3269878382,0.0248754206,-0.0411455221,0.0,9.9453125,0.0310748722,1044.8133055,0,7.3654874833
1e-05,0.5838272943,10.3326041667,14.1527099609,0.2392985716,0.0149256548,0.0099195878,6.075859375,6.0094010417,10.3224450143,0.365201718,0.5723546098,41,-0.1528344016,0.5856684037,10.30765625,-2.00002798,0.0061966338,0.5724055944,0.5727743183,-2.0024147765,5e-05,0.0002929688,-0.0777293237,0.0434780918,9.992165494,0.58303689,0.5493017398,0.0366253694,0.6568060464,-0.038328313,0.106891587,0.1612896955,16227,-0.1494314582,6.0554571386,0.1034635417,6.0607552083,0.5861228222,6.008716011,1772301331.5031667,0.1840577918,0,-10.3526078622,0.0,0.0,0.3661998402,0.0208303849,-0.0354548449,0.0,10.360625,0.0466169689,1044.8138057,0,8.2116459942
1e-05,0.5839779814,10.440625,14.5577869415,0.2447527646,0.015333519,0.0102776686,6.3793489583,6.3324479167,10.4552514283,0.3998515645,0.5714074113,42,-0.1618614491,0.5814842892,10.4403125,-1.9875194287,0.0072886466,0.5738244042,0.5712637128,-1.9869213776,5e-05,0.0003450521,-0.0832468559,-0.0083455435,10.1344244877,0.5842374792,0.5502583351,0.037620248,0.6578356842,-0.0869024358,0.1083640014,0.1598821296,16227,-0.1602507772,6.3615446734,0.1033203125,6.3881770833,0.5821262499,6.313563631,1772301331.503667,0.1816591932,0,-10.4580306482,0.0,0.0,0.4023988459,0.0224957248,-0.0883061123,0.0,10.4411458333,-0.0071632584,1044.8143054,0,8.2019944715
1e-05,0.5817733284,11.211875,14.2798817158,0.263889027,0.0154639077,0.0100156164,6.462734375,6.4094791667,11.2235086807,0.3605162085,0.5783254615,43,-0.1150812165,0.5846614561,11.2158333333,-2.0040460551,0.0074616435,0.5491735713,0.5790046479,-2.0040786191,5e-05,0.0003450521,-0.066299646,-0.0735046317,10.8140085951,0.5808939217,0.5471965815,0.0368145839,0.6612894879,-0.040110545,0.1164491979,0.158239124,16967,-0.1138528596,6.4453775839,0.1580859375,6.4533072917,0.584790253,6.3798230747,1772301331.503667,0.2166356191,0,-11.2302386045,0.0,0.0,0.3626945724,0.030231938,-0.0415599117,0.0,11.2082291667,-0.0728023496,1044.8148059,0,8.4308884617
1e-05,0.5866547104,11.7297916667,14.4347257614,0.2849673672,0.0150437972,0.0103233775,6.5132291667,6.4537760417,11.7477202781,0.3018636259,0.583082961,44,-0.077946818,0.5833161835,11.7375,-2.0253702637,0.0063439477,0.5479849918,0.5831777644,-2.0252380999,5e-05,0.0002994792,-0.0764982318,-0.0017791614,11.3319279559,0.5865670721,0.540155128,0.0371300554,0.6690075948,0.0435473496,0.1153412825,0.1583023136,16967,-0.0776754477,6.4885375774,0.1630729167,6.4988541667,0.5828465223,6.4229215856,1772301331.5041668,0.2228610901,0,-11.7488083124,0.0,0.0,0.2994006107,0.0247033346,0.0446824302,0.0,11.7152083333,-0.0013851523,1044.8153076,0,8.5005095788
1e-05,0.5811903538,12.2226041667,14.1884899139,0.2665847129,0.0151893557,0.0097259307,6.5755989583,6.5119270833,12.2237296661,0.3382067912,0.5836046513,45,-0.0727450187,0.5848826802,12.2175,-2.0130779155,0.0056587441,0.5424180671,0.5837870628,-2.0117830849,5e-05,0.0002539062,-0.0663467578,-0.0809193649,11.8092792257,0.5818984818,0.543715104,0.0369065595,0.6629564645,-0.0578387821,0.1143286552,0.1757328503,16967,-0.0747361878,6.560798281,0.1694140625,6.5660416667,0.5849186456,6.4930221021,1772301331.5046673,0.226328201,0,-12.2415019131,0.0,0.0,0.3390381611,0.028885768,-0.0590738628,0.0,12.2234375,-0.081175889,1044.815807,0,9.7987630041
1e-05,0.5846104791,13.0089583333,14.7710568905,0.2592442974,0.0158716041,0.0101179886,6.564765625,6.5273697917,13.0213786125,0.3835704962,0.5829407499,46,-0.0651845545,0.5745422876,13.0042708333,-1.9934457397,0.0056938766,0.529073773,0.5838013969,-1.9942696687,5e-05,0.0002669271,-0.050746115,-0.0253234124,12.5778112761,0.5839015387,0.5428671174,0.0379035123,0.660616592,-0.1452290273,0.1147664887,0.1630401431,17713,-0.0649535169,6.5639407603,0.1936067708,6.5959635417,0.5738565135,6.4922784917,1772301331.505169,0.2417865188,0,-13.026623408,0.0,0.0,0.3825198068,0.0330342359,-0.1436947924,0.0,13.0034375,-0.0241727201,1044.8163059,0,9.1177234391
1e-05,0.5856878082,14.0670833333,15.3624119759,0.2821865869,0.0157214677,0.0102989992,6.8684895833,6.8047395833,14.0760317755,0.355868158,0.5812161807,47,-0.088916257,0.5818208075,14.0509375,-2.0050071299,0.0048356761,0.5142774117,0.5816623811,-2.006262159,5e-05,0.0002213542,-0.048261453,0.0213021483,13.5750797685,0.5845833323,0.5389512507,0.0401905568,0.6682173208,-0.0969521629,0.122035229,0.1707050509,17713,-0.0881711402,6.8375646758,0.2325260417,6.8637760417,0.5830658189,6.7462874524,1772301331.5056686,0.2687814387,0,-14.0861605978,0.0,0.0,0.3579372281,0.0411330592,-0.0972616116,0.0,14.070625,0.0212173739,1044.8168058,0,9.4581976708
1e-05,0.5754247975,15.063125,15.5007083416,0.3248818762,0.0168421446,0.0096404187,7.2123697917,7.1564583333,15.0978595702,0.3703823888,0.5867094286,48,-0.0203992205,0.583331718,15.0510416667,-1.9982665221,0.00657776,0.5032744783,0.5864212233,-1.999721483,5e-05,0.0003059896,-0.0536325092,0.1243410339,14.5560076714,0.5764603537,0.5272236916,0.0413293052,0.6817512792,-0.0655571241,0.1266498919,0.1794371261,17713,-0.0225148512,7.188434242,0.2646223958,7.21421875,0.5841653927,7.0893837341,1772301331.5061674,0.2894422745,0,-15.0836987114,0.0,0.0,0.3708435729,0.0419708611,-0.0645478053,0.0,15.0678125,0.122691348,1044.8173055,0,10.1051191592
1e-05,0.5520247959,16.3632291667,15.2451140881,0.3832993275,0.0166669589,0.00935757,7.4882552083,7.4482291667,16.3749235662,0.511032879,0.5839011618,49,0.0631938432,0.584493777,16.3464583333,-1.9297209577,0.005902006,0.4980519184,0.5839471543,-1.931123002,5e-05,0.0002799479,-0.0649488047,0.2400385466,15.7984438721,0.5520657383,0.5165321518,0.0407975308,0.7037506741,-0.0360749826,0.132948014,0.1807941302,17713,0.0665710037,7.4676899028,0.2935546875,7.5127604167,0.5855079752,7.3617272822,1772301331.5066674,0.310554694,0,-16.3793885914,0.0,0.0,0.5084663182,0.0370243528,-0.0344007731,0.0,16.3621875,0.2397125366,1192.6431085,0,10.1303473814
1e-05,0.548486519,17.1396875,15.8286569118,0.324286957,0.0165062492,0.0092941046,7.4868229167,7.4311979167,17.1745925887,0.540970568,0.5847025297,50,0.0568617059,0.5843037347,17.1427083333,-1.9119607222,0.0060750028,0.4830475507,0.5860882054,-1.9136991103,5e-05,0.0002799479,-0.029768758,0.2553348846,16.5923889573,0.5495918538,0.5258676048,0.0427430685,0.6793718344,-0.0789911341,0.1319943008,0.1889950905,18448,0.0566216847,7.4722910015,0.3092838542,7.490078125,0.5839715773,7.3657491922,1772301479.3414826,0.3184965175,0,-17.1585551548,0.0,0.0,0.5403424404,0.0449566802,-0.0780596775,0.0,17.1332291667,0.2553639359,1192.6431085,0,9.5620719894
1e-05,0.5585939774,16.6584375,15.5636162758,0.3642804744,0.0164327904,0.0090286501,7.8849479167,7.8245833333,16.679419775,0.50130659,0.584367345,51,0.0577731947,0.5837220097,16.6548958333,-1.9382339497,0.0063696307,0.5102356652,0.584728534,-1.9398608017,5e-05,0.0002929688,-0.0596396455,0.224203176,16.160071338,0.5596712943,0.5221980291,0.0421748877,0.6949961631,-0.0479889561,0.1309831553,0.1958182914,18448,0.0599462847,7.8576733808,0.2738932292,7.8906770833,0.5848922944,7.7642164922,1772301479.3418252,0.2939963777,0,-16.6792525784,0.0,0.0,0.5018115101,0.0364437673,-0.0489388055,0.0,16.6676041667,0.2228752192,1192.6437673,0,10.9819576267
1e-05,0.5574603627,20.2497916667,15.0400075912,0.3945961079,0.0167205587,0.0088891912,8.1848697917,8.1197916667,20.2577162441,0.4822322069,0.5837988031,52,-0.0023687703,0.586460951,20.2228125,-1.9432127631,0.0050438055,0.4566936675,0.5847623305,-1.9458104205,5e-05,0.000234375,-0.0322811112,0.2223516195,19.5944313526,0.5587377169,0.5108819349,0.0405513128,0.7025199938,-0.0296338384,0.1411357819,0.1978909471,18448,-0.0039461957,8.1566598868,0.3843489583,8.1741927083,0.5866207979,8.032597692,1772301479.3424842,0.3685502128,0,-20.2709391594,0.0,0.0,0.4824880635,0.051130212,-0.0260874435,0.0,20.2665625,0.2182008122,1192.644267,0,10.6582699609
1e-05,0.5644409395,19.11,14.1787354946,0.3676449517,0.0171451254,0.0088952255,8.3538020833,8.30625,19.121138533,0.4667692148,0.5866755094,53,0.0354770575,0.5840124178,19.1159375,-1.9544433149,0.0059276889,0.4811294255,0.5855182892,-1.953948098,5e-05,0.0002734375,-0.0413340776,0.1921037535,18.5431186501,0.5660498969,0.5185061703,0.0377178653,0.6955590332,0.0422468501,0.1376575958,0.1956043867,18448,0.0324784577,8.3248018583,0.3289583333,8.3595572917,0.5864547932,8.2171898146,1772301479.3424842,0.3317449292,0,-19.1271895123,0.0,0.0,0.4677839262,0.0483571575,0.0441877019,0.0,19.0908333333,0.1907332105,1192.6447678,0,10.3424879261
1e-05,0.5717213317,18.66875,14.4995758533,0.3107974645,0.0168202963,0.0089083942,8.20140625,8.1330729167,18.6641576211,0.4287213037,0.5843209738,54,0.0477941286,0.5882604281,18.6745833333,-1.9716686149,0.0056587441,0.487825579,0.5841754091,-1.9719699792,5e-05,0.0002539062,-0.0284278777,0.1568072895,18.1481197961,0.5708284994,0.5274921778,0.0388440895,0.6756102894,0.0151261959,0.1307251043,0.2001617139,18448,0.0467453961,8.1730980543,0.2955338542,8.1863802083,0.5878613536,8.0816241193,1772301479.342984,0.3080527559,0,-18.6870403957,0.0,0.0,0.4287219493,0.043422856,0.0168722829,0.0,18.6516145833,0.1559755942,1192.6452674,0,11.0463763682
1e-05,0.5718554074,19.6596875,14.3798861504,0.3632426392,0.0176194708,0.009123203,8.616875,8.56125,19.6872217131,0.4580129602,0.5808675232,55,0.1041537758,0.5891699165,19.6613020833,-1.9560662444,0.005902006,0.4904385379,0.5788127943,-1.9591333139,5e-05,0.0002799479,-0.0469041831,0.1505895254,19.1585157569,0.5711964061,0.5187717039,0.0382279762,0.6951735793,-0.0050788163,0.1350381438,0.205499237,18448,0.1042834119,8.5817443426,0.3094401042,8.6118489583,0.5885061983,8.4875338733,1772301479.3434849,0.3196981943,0,-19.6709080482,0.0,0.0,0.4564312536,0.0444981905,-0.0015731764,0.0,19.6447916667,0.1481059612,1192.6452674,0,11.0564623396
1e-05,0.5794074396,17.9494791667,14.5059056282,0.2861200643,0.0171840638,0.0088413183,8.1736197917,8.09625,17.9487641525,0.4289941425,0.5815528691,56,0.0971979924,0.5871736757,17.9461458333,-1.9732538267,0.0062223167,0.5089500437,0.5827690365,-1.973712182,5e-05,0.0002864583,-0.0333291037,0.0925379252,17.5128817399,0.5809253881,0.533820762,0.0388045009,0.6702149824,0.0632213291,0.1232990551,0.2104558661,18448,0.093528668,8.138488491,0.2471354167,8.1603645833,0.5873537497,8.0689456864,1772301479.3439844,0.2760453397,0,-17.9703846995,0.0,0.0,0.4297829442,0.0352410801,0.0618552982,0.0,17.951875,0.090488213,1192.6457673,0,10.6203485767
1e-05,0.5767385538,20.5826041667,14.5879163742,0.3570627913,0.017568233,0.0092730029,8.6494010417,8.6016927083,20.6283505694,0.4362944897,0.5853178519,57,0.0574814188,0.5845524289,20.5983333333,-1.9647264711,0.0055465627,0.4898455346,0.5851227921,-1.9652995861,5e-05,0.0002604167,-0.0467214017,0.1105932025,20.1234394805,0.5771632375,0.5182662806,0.0387484845,0.6930616728,0.0909371684,0.1322049315,0.2041934907,18448,0.0583033698,8.6365749482,0.3044140625,8.6659114583,0.5848516558,8.5520422928,1772301479.3444843,0.3189925126,0,-20.604467334,0.0005037785,0.0,0.4390812528,0.0432590544,0.0881923085,0.0,20.5809375,0.108369184,1192.6462671,0,10.2510724545
1e-05,0.5683371444,22.0203645833,14.3533668518,0.3601540698,0.0177827337,0.0087325406,9.3326822917,9.2797395833,22.0258411566,0.4726261988,0.5844346674,58,0.0217528581,0.583754346,22.0468229167,-1.9477663036,0.0063953136,0.4763084781,0.5856345719,-1.9456661904,5e-05,0.0002864583,-0.0305736695,0.1540314141,21.4935189772,0.5680450446,0.5201311603,0.0384984271,0.6921442656,0.0912719098,0.1397732999,0.2275979176,18448,0.0201276083,9.3179963394,0.3416276042,9.3481510417,0.5841380443,9.227172664,1772301479.3444843,0.3384955921,0,-22.0430167913,0.0,0.0,0.4731864713,0.0500725886,0.0926483019,0.0,22.0060416667,0.1537080066,1192.6467674,0,11.1919246884
1e-05,0.5658125826,21.7336979167,13.8704938889,0.340631327,0.0181826426,0.0087493889,9.1137760417,9.0560677083,21.7417536839,0.5098691671,0.5819389488,59,0.08080497,0.5828842421,21.7327083333,-1.9237064858,0.0058411905,0.4836097167,0.581501894,-1.9214380161,5e-05,0.0002734375,-0.0317831424,0.1681739018,21.2496002054,0.5669582897,0.5230772232,0.0368792399,0.6859703437,0.0990511992,0.1336407106,0.2224402371,18448,0.0796795306,9.088993204,0.3164192708,9.124609375,0.582938261,9.0106664975,1772301479.3449843,0.3231175459,0,-21.7559713483,0.0,0.0,0.5106075738,0.0483153237,0.1014398978,0.0,21.7196875,0.1705058413,1340.5712574,0,10.2514691528
1e-05,0.5686926665,19.1771354167,14.1614966393,0.3425817899,0.018035096,0.0092144028,8.7102604167,8.6559375,19.2063112736,0.4773052574,0.5871393466,60,-0.0183247159,0.5854776005,19.1675,-1.9437981041,0.0053992488,0.5189417765,0.5873569487,-1.944335771,5e-05,0.0002539062,-0.0679241062,0.1600860271,18.7967616781,0.5687801471,0.5233011033,0.0374152446,0.6874556446,0.0769448458,0.1242436851,0.1961097406,18448,-0.018836549,8.666405555,0.2416796875,8.7091666667,0.5863995427,8.610250444,1772301627.2783363,0.2769709576,0,-19.193934087,0.0,0.0,0.47726008,0.0363801175,0.0786056367,0.0,19.1708333333,0.1562226706,1340.5717584,0,9.5306002903
1e-05,0.5621514799,20.2238020833,14.1648938656,0.3371957164,0.018636864,0.0088335133,9.068125,9.0179947917,20.2395852788,0.5155940108,0.5826629587,61,0.0991563105,0.5911319294,20.2306770833,-1.9181426187,0.0058411905,0.510284578,0.5820274629,-1.9186272621,5e-05,0.0002734375,-0.0553061475,0.186211743,19.8156541355,0.5646837512,0.5270815554,0.0377873119,0.688161311,0.003741239,0.129351248,0.2049725933,18448,0.0974741811,9.0325552718,0.2628385417,9.0838020833,0.5902121987,8.972852277,1772301627.2788358,0.2893459524,0,-20.2412961173,0.0,0.0,0.5118525624,0.0416592304,0.004531276,0.0,20.1915104167,0.1855096374,1340.5722578,0,10.2714925782
1e-05,0.5601597451,22.3040625,13.1527860165,0.3537104032,0.0208982074,0.008652149,9.435859375,9.3836197917,22.3393498572,0.6151620291,0.5603323676,62,0.2100267743,0.5886561871,22.2901041667,-1.8492400126,0.0058155075,0.4921408403,0.5605395709,-1.8448981245,5e-05,0.0002799479,-0.0449851766,0.1903979915,21.8842930055,0.5604548056,0.5189638999,0.0344856477,0.6906053124,0.0426236503,0.1326903917,0.2651053288,18448,0.2133135962,9.3996365074,0.3032552083,9.463359375,0.5877596408,9.3393285012,1772301627.2798362,0.3152945032,0,-22.3262606478,0.0,0.0,0.6154584074,0.0424569188,0.0432012553,0.0,22.3059895833,0.1912508263,1340.5727579,0,11.6668091575
1e-05,0.5541300719,23.8511979167,16.0768704414,0.3587302492,0.0192486722,0.0105800072,9.590703125,9.5230729167,23.8572792419,0.6293696821,0.5641188332,63,0.2010684336,0.5872288547,23.81953125,-1.8307042925,0.0043937343,0.4778231925,0.5631118213,-1.8305846175,5e-05,0.0002018229,-0.0398268735,0.2104422717,23.3879563959,0.5541326685,0.5176687654,0.0422004938,0.6904984754,-0.0017879854,0.1334300355,0.212167811,18448,0.2036242801,9.555696766,0.3275520833,9.5620833333,0.5889291451,9.4931559412,1772301627.2803364,0.3319179221,0,-23.8651752782,0.0,0.0,0.6283181661,0.04375531,-0.0004952052,0.0,23.86109375,0.2084498325,1340.5732579,0,9.0194202733
1e-05,0.5512502541,22.1925,16.2825922966,0.3400235049,0.0201621612,0.0114306211,9.41546875,9.3551302083,22.2006946166,0.606637494,0.5718980992,64,0.1608723881,0.5881337603,22.17234375,-1.8429976523,0.00498299,0.4984784277,0.5711542197,-1.8466433239,5e-05,0.0002278646,-0.0496207487,0.2284968823,21.77958347,0.5523516903,0.5230754671,0.0421073381,0.6848855994,-0.0114326171,0.1298360811,0.2111087087,18448,0.1601555696,9.3813672411,0.2836588542,9.4069791667,0.5888080527,9.328512096,1772301627.2803364,0.3034331536,0,-22.2105599848,0.0,0.0,0.6038064603,0.0428693847,-0.0142573641,0.0,22.1845833333,0.2248187876,1340.573759,0,9.5986925173
1e-05,0.5595877502,20.3494270833,14.6240019798,0.3558437189,0.0205608981,0.0107138387,9.2999479167,9.26671875,20.374061927,0.5737423557,0.5760962866,65,0.1483182122,0.5881867218,20.3391145833,-1.8703753293,0.0055465627,0.526052154,0.577413033,-1.8701337083,5e-05,0.0002604167,-0.0748332681,0.198610901,19.9962830464,0.5582964144,0.5228690726,0.0374182121,0.6943336236,-0.0310021535,0.1278911038,0.1848728399,18448,0.1456251049,9.2846141374,0.2364973958,9.3176302083,0.5892414667,9.2405462817,1772301627.2808363,0.2752407636,0,-20.3684273879,0.0,0.0,0.5782922174,0.0365692701,-0.0351576343,0.0,20.32203125,0.1996758522,1340.574258,0,8.8462907139
1e-05,0.567058747,21.9847395833,14.5445103645,0.3189654271,0.0210044618,0.0101491563,9.3964583333,9.3435677083,22.0175387621,0.6062217406,0.5664432948,66,0.1965107225,0.5826097816,21.9551041667,-1.852569255,0.0048356761,0.5030988563,0.5657272415,-1.8509574056,5e-05,0.0002213542,-0.0447676518,0.1215196215,21.6301221061,0.5679526356,0.5279187599,0.0376167059,0.6781296768,-0.0982846678,0.1263585419,0.2005690554,18448,0.1962583144,9.3532968926,0.2680729167,9.3876041667,0.5823515636,9.3104847956,1772301627.2813373,0.2909704696,0,-21.9983554324,0.0005521774,0.0,0.606315623,0.0366000654,-0.0990442347,0.0,21.99234375,0.1201876415,1340.5752579,0,9.9722352775
1e-05,0.5531953228,23.65109375,14.6711714268,0.3493338655,0.0227212396,0.0105055785,9.770546875,9.7275520833,23.6722673384,0.7088445878,0.5610859296,67,0.2113187235,0.5715337459,23.629375,-1.7564476895,0.0051911194,0.4936526768,0.561090577,-1.7530537641,5e-05,0.0002408854,-0.047134629,0.2042757646,23.2658636594,0.5525366286,0.5211829097,0.0377235826,0.6881277217,-0.1589661021,0.130407868,0.2074266594,18448,0.2143127008,9.7704150546,0.293984375,9.76859375,0.5717117464,9.7258610702,1772301627.2818365,0.3095319333,0,-23.6674944925,0.0,0.0,0.7072507378,0.0400054934,-0.1593336956,0.0,23.6541145833,0.2060778054,1340.5757572,0,9.1884054605
1e-05,0.5343867098,22.7996354167,14.5619199276,0.3495601753,0.0232549518,0.0102143105,9.5645572917,9.5227604167,22.8174455039,0.7397238517,0.5662983779,68,0.1836034436,0.5712262495,22.78640625,-1.7101457683,0.0069075204,0.5053622999,0.5673487401,-1.7133390959,5e-05,0.0003320313,-0.0570768865,0.2737154677,22.4375261927,0.5346961845,0.5199786358,0.037596004,0.6873068847,-0.1565180232,0.1266097847,0.2170410314,18448,0.1825843229,9.5355445739,0.2697265625,9.591796875,0.5697262742,9.5000695149,1772301627.2828364,0.2938009081,0,-22.8160380753,0.0,0.0,0.7413084242,0.0330668738,-0.1559176862,0.0,22.7517708333,0.2747913073,1340.5757572,0,8.9834876192
1e-05,0.5405869635,22.3227083333,14.5827260017,0.3271062972,0.0226477044,0.010236547,9.4324479167,9.3942447917,22.3550258827,0.7047320785,0.5774780112,69,0.1431158134,0.5690235057,22.30625,-1.7372975697,0.0052262519,0.5090669432,0.5751313959,-1.7361522853,5e-05,0.0002539062,-0.0523543041,0.2599015944,21.9958031901,0.5369876939,0.524562901,0.0376565409,0.6820370166,-0.159160796,0.1232043699,0.1983991569,18448,0.1404178048,9.4147739406,0.2561458333,9.4446354167,0.5693480339,9.3846586092,1772301627.2833357,0.284020349,0,-22.3362578599,0.0,0.0,0.7096203576,0.0334796213,-0.1607882578,0.0,22.3048958333,0.261629345,1490.3082084,0,9.0789389873
1e-05,0.5172365313,26.9946875,14.6721832752,0.3573254026,0.0224271443,0.0104540698,10.9694010417,10.9237239583,27.0294506963,0.7696120034,0.5729489754,70,0.1537811291,0.5719501886,26.991875,-1.6603489979,0.006699391,0.4718808679,0.5717854573,-1.6590316103,5e-05,0.0003190104,-0.0300730953,0.3213535251,26.5975875545,0.5142969193,0.5185931565,0.0377770845,0.6909921755,-0.1292165506,0.1399788122,0.2259054171,18448,0.152976378,10.9348904208,0.3449348958,10.9742708333,0.5702446698,10.8925600974,1772301777.0247564,0.3426350279,0,-27.0127923759,0.0,0.0,0.7702400841,0.0517393512,-0.1309329408,0.0,26.966875,0.3270724846,1490.3092106,0,9.9748478138
1e-05,0.5153268704,27.2457291667,15.3117291927,0.3567336864,0.0243316556,0.0103445832,10.8393229167,10.7779427083,27.2631810848,0.7882703943,0.568127523,71,0.1799133749,0.5659310619,27.1981770833,-1.6307761741,0.0052776178,0.4761946364,0.5684944483,-1.633282242,5e-05,0.0002408854,-0.0302228008,0.3175735056,26.8461229261,0.5155724781,0.5193438794,0.0399542149,0.6936528893,-0.1381272196,0.137573475,0.230519203,18448,0.1750468494,10.8109300045,0.3393229167,10.8152864583,0.568011649,10.7744226233,1772301777.0247564,0.3400794183,0,-27.2715905364,0.0,0.0,0.7875548863,0.047496194,-0.136532491,0.0,27.25625,0.318485692,1490.3097133,0,9.7409747239
1e-05,0.5262808669,24.7997395833,15.1390426159,0.3515668998,0.0236588681,0.0105608098,10.3105729167,10.2614322917,24.8189253736,0.7846489287,0.5647959992,72,0.191682192,0.5627405419,24.7919270833,-1.6295271017,0.0058668735,0.4991871389,0.5639812486,-1.6316718485,5e-05,0.0002669271,-0.0525744448,0.291926282,24.4447195228,0.5267261773,0.5208399394,0.039164447,0.6917627116,-0.1621685914,0.1320006549,0.2077686813,18448,0.188566709,10.2868461537,0.2865104167,10.312109375,0.5629935153,10.2574613241,1772301777.0257587,0.307381004,0,-24.8241254632,0.0,0.0,0.7826510309,0.0399728237,-0.1632724248,0.0,24.7983854167,0.2895872418,1490.3102133,0,9.5947915091
1e-05,0.5136419431,28.9211979167,15.2887048721,0.3670372295,0.0245347355,0.0103457101,11.1100260417,11.0655729167,28.9317170779,0.8316200503,0.5584720696,73,0.2079866027,0.5579250398,28.8911458333,-1.5661000701,0.0043329189,0.4694865711,0.5595771671,-1.5651395353,5e-05,0.0001953125,-0.0282618441,0.3179638013,28.5226777411,0.512440364,0.513982307,0.0398714471,0.6961172801,-0.1657874308,0.1380461726,0.2353449633,20329,0.2062289063,11.078756158,0.3533723958,11.1195833333,0.5565830039,11.0471244534,1772301777.0262616,0.3502135933,0,-28.9354905208,0.0,31.9477310181,0.8307791484,0.0504241187,-0.1631020194,450.6666666667,28.9180208333,0.3171547871,1490.3107136,0,9.3532573871
1e-05,0.5203544032,26.4947395833,14.9111540318,0.3623672403,0.0251757542,0.0100711179,10.414765625,10.3782291667,26.5033847388,0.8091380182,0.5627321166,74,0.2093679848,0.5616153718,26.4821354167,-1.5897885142,0.0040126081,0.4954669905,0.5606075997,-1.5938999408,5e-05,0.0001888021,-0.048401315,0.3004553236,26.1383863672,0.5195102208,0.5182505695,0.0389306569,0.6941380395,-0.1309274269,0.1316714731,0.216961749,20329,0.205551481,10.4270123295,0.3016276042,10.433046875,0.5621787217,10.4034815518,1772301777.0267615,0.3175327874,0,-26.5207222478,0.0,47.9215965271,0.8121560137,0.0400488229,-0.1305352059,676.0,26.4819791667,0.3009794522,1490.3112161,0,8.9104069821
1e-05,0.5230521642,25.4345833333,14.7410655022,0.3735028135,0.0250076542,0.0103829447,10.2144010417,10.1720572917,25.4633754023,0.7883952975,0.5720010147,75,0.1540496463,0.5537699693,25.428125,-1.6012474515,0.0042464204,0.5053497862,0.5714013666,-1.5982610385,5e-05,0.0001953125,-0.0666514804,0.2937284807,25.1173439797,0.5220497109,0.515821115,0.0380172324,0.695937259,-0.1761232081,0.1280007238,0.203628835,20329,0.1528796424,10.1851870386,0.2792447917,10.2141927083,0.5539829263,10.1696138446,1772301777.0272617,0.3033917425,0,-25.4487916223,0.0,47.9215965271,0.7890491749,0.0344955041,-0.1743484216,676.0,25.4360416667,0.2959122334,1490.3117141,0,8.4270347156
1e-05,0.527523554,25.0101041667,14.611738205,0.3365259967,0.0262498577,0.0101238235,10.184296875,10.100078125,25.0449815941,0.7743062598,0.5739991112,76,0.1286355448,0.5505042691,24.96515625,-1.6006986678,0.0045410483,0.5059336737,0.5750980063,-1.6061220773,5e-05,0.0002083333,-0.0514556288,0.270873477,24.7127422484,0.5273510722,0.5223839709,0.0378758335,0.6851553949,-0.2007865475,0.126934295,0.2642541215,20983,0.1284709264,10.1257003752,0.2688151042,10.1470833333,0.5494393554,10.1114532288,1772301777.0277643,0.2956517596,0,-25.0290537993,0.0,46.9292195638,0.7764624483,0.0345955321,-0.1977429775,668.3333333333,25.0011979167,0.2682898966,1490.3122133,0,9.5632865063
1e-05,0.5323408625,24.3653125,14.5231416225,0.3103640971,0.0270214395,0.0105620193,10.0332552083,10.0121354167,24.4132796176,0.7539010114,0.5700513518,77,0.1560977961,0.5532662757,24.3775520833,-1.6153632858,0.0046883622,0.5079584648,0.5683723045,-1.6136308492,5e-05,0.0002148438,-0.0439557308,0.247779398,24.1002756023,0.531495668,0.5264639,0.0371999081,0.6763488432,-0.1639704991,0.1234800239,0.2191843894,20983,0.1565364246,10.0312639022,0.2551953125,10.0819270833,0.5532703118,10.0225979404,1772301777.0282624,0.2845377762,0,-24.3814450232,0.0,44.9444656372,0.7577230963,0.0322410697,-0.1662796581,653.0,24.32765625,0.2477667288,1490.3127133,0,8.5886553947
1e-05,0.5202948694,26.1565104167,14.7066457272,0.3124328973,0.0260114988,0.0101277892,10.8313020833,10.7783072917,26.18691396,0.8390524035,0.5620900114,78,0.1849970476,0.5427035147,26.1383333333,-1.5067721013,0.0060750028,0.4955616005,0.5629908096,-1.5090578657,5e-05,0.0002799479,-0.0366300264,0.2920110532,25.8516749064,0.5192569484,0.5279947164,0.0381732829,0.6766174606,-0.2029021003,0.1311682745,0.2233833928,20983,0.1860293282,10.8047240722,0.2861979167,10.8133072917,0.5436058053,10.7939758158,1772301777.0287616,0.3047785591,0,-26.1707274675,0.0,44.9444656372,0.8424280039,0.0471949687,-0.2017301923,653.0,26.1450520833,0.2942449672,1490.3132146,0,9.1709093261
1e-05,0.5146781187,27.25296875,14.7712745667,0.3579560654,0.0270350496,0.0102390273,10.757265625,10.7386197917,27.2931004651,0.8725120342,0.5563613009,79,0.2051718229,0.5353743482,27.2159375,-1.449673498,0.0040734236,0.4959427871,0.5558166858,-1.4551013381,5e-05,0.0001953125,-0.0539594592,0.2997130442,26.9580039986,0.5156358923,0.5178491036,0.0382749375,0.6893148871,-0.2241720616,0.1297651407,0.2208471264,20983,0.2050980152,10.7644178367,0.29640625,10.798515625,0.5333658734,10.7579232434,1772301777.0292616,0.3135184738,0,-27.2741119154,0.0,44.9444656372,0.8621611963,0.0432873878,-0.2211334716,653.0,27.2491145833,0.3025383208,1638.3060615,0,8.6071717505
1e-05,0.5078230029,28.1701041667,14.5817739964,0.3990007255,0.0304515853,0.0103808363,11.2166666667,11.1768229167,28.1834262991,0.9119250021,0.5575762301,80,0.1934758462,0.5170979787,28.12640625,-1.374367469,0.0048356761,0.4989665561,0.5576626543,-1.3817877615,5e-05,0.0002213542,-0.0659128026,0.3145104711,27.8400517416,0.5083650467,0.5093245886,0.0375336536,0.7034599294,-0.2837331679,0.1350814331,0.2177146428,21788,0.1939184919,11.1773372436,0.3092057292,11.2148958333,0.5169993263,11.1700059986,1772301925.0299692,0.3227372776,0,-28.1748519246,0.0,38.2215766907,0.9081709714,0.0461471313,-0.2826452515,804.0,28.1391666667,0.3112543178,1638.3065655,0,8.323838824
1e-05,0.4966341274,28.533125,14.4050366879,0.361757455,0.0261191371,0.0101291847,11.4186458333,11.3847395833,28.5479634444,0.9700593976,0.5530711429,81,0.2187652046,0.514688413,28.5284895833,-1.309732332,0.0052776178,0.4901358639,0.5522564859,-1.3133704916,5e-05,0.0002408854,-0.0461324091,0.3516824843,28.2082776491,0.4974384212,0.5174154669,0.0372175837,0.693486343,-0.297447956,0.1350176222,0.2131207952,21788,0.2202585802,11.3938769007,0.3135026042,11.4349479167,0.5137635443,11.3902668738,1772301925.0314753,0.3241292758,0,-28.5475920884,0.0,38.2215766907,0.9630619413,0.0513727118,-0.2970762584,804.0,28.49078125,0.3517890374,1638.3070659,0,9.3314856044
1e-05,0.4941182147,29.9922916667,14.6270422935,0.3821978482,0.0279175827,0.0103105092,11.5224479167,11.4729947917,30.0744578075,0.9883374373,0.5386753675,82,0.2637525847,0.5085441203,29.92640625,-1.2404169704,0.0045410483,0.4837206844,0.5379861939,-1.2478639348,5e-05,0.0002083333,-0.042384781,0.3478030174,29.7330338041,0.493443596,0.5109045377,0.0376762247,0.6986545769,-0.3032602026,0.1347962121,0.2288815058,21788,0.2627031198,11.4845562784,0.333671875,11.504375,0.508167333,11.4846956058,1772301925.0319793,0.336365798,0,-30.0037267343,0.0,38.2215766907,0.9886347998,0.0496808063,-0.3022632417,804.0,30.01109375,0.3458730139,1638.3070659,0,9.4862340873
1e-05,0.4877248961,32.8021875,14.7943701744,0.4059122299,0.0304159777,0.0102233863,12.5790364583,12.5071614583,32.8235107994,1.0102775341,0.5321552559,83,0.2726352218,0.5026652288,32.7694270833,-1.1834222125,0.00498299,0.4666316851,0.533133197,-1.1779134554,5e-05,0.0002278646,-0.0350999386,0.3474890835,32.4560333983,0.4870880473,0.5058388482,0.0383572634,0.7071592456,-0.3120040812,0.144218157,0.2424986846,22580,0.274231973,12.5284319393,0.3778645833,12.515625,0.5026800383,12.5288353844,1772301925.0324795,0.3654770244,0,-32.8190481933,0.0,45.2260627747,1.0138806983,0.0597279057,-0.3130043451,795.3333333333,32.7658333333,0.3476186129,1638.3075653,0,9.6690379826
1e-05,0.4997609469,31.1074479167,14.313754797,0.4193135214,0.0283104975,0.0100936985,12.1291145833,12.1015625,31.1010832826,0.9776172611,0.5362664308,84,0.2539508853,0.4993663594,31.0783854167,-1.2240617703,0.0049221745,0.4851220054,0.5364516009,-1.2214311028,5e-05,0.0002213542,-0.0546120177,0.3097328853,30.7551699821,0.4995451089,0.5039811605,0.036961031,0.7100936993,-0.3165037411,0.1409748991,0.2359282015,22580,0.2563756042,12.1141398764,0.3454296875,12.1469270833,0.5006792616,12.1202029439,1772301925.0329792,0.3455145271,0,-31.1116394305,0.0,48.7283058167,0.9776709131,0.0465148434,-0.3171661219,791.0,31.0477083333,0.3100237947,1638.3080653,0,9.0041472665
1e-05,0.5010428862,30.6490104167,14.3579535484,0.3486850909,0.0278623131,0.0105010287,11.9491927083,11.9350520833,30.6923480407,0.980404994,0.535852448,85,0.2604501073,0.5032350461,30.6515625,-1.213226128,0.0056330611,0.4786171099,0.5354114745,-1.2185906993,5e-05,0.0002604167,-0.0314612099,0.3114893709,30.3648815274,0.5004802203,0.5184230795,0.0367100326,0.6878690296,-0.3103598104,0.1366978005,0.2262848491,22580,0.2614516308,11.9535388835,0.3330598958,12.0028125,0.5029102278,11.9622433134,1772301925.0329792,0.3360712361,0,-30.6698877025,0.0,48.7283058167,0.982135374,0.056506582,-0.3104522064,791.0,30.6127604167,0.3119809662,1638.3085658,0,8.8213605094
1e-05,0.490879255,31.8120052083,14.2422690392,0.3734361825,0.0287367937,0.0100981887,12.1257291667,12.100078125,31.8418553968,0.9723085104,0.5416525873,86,0.234939065,0.5012002333,31.8119270833,-1.1968250188,0.0045667312,0.4738534167,0.5419637892,-1.2014355487,5e-05,0.0002018229,-0.0339839079,0.3253057424,31.5119501821,0.4925963523,0.5133946362,0.0367210968,0.698020789,-0.3024929125,0.1383372068,0.2330700053,23662,0.2352040008,12.1146518219,0.3469921875,12.1501822917,0.5022158944,12.1272533762,1772301925.0334792,0.3461728608,0,-31.8289065206,0.0,42.1565259298,0.9723852795,0.0543976895,-0.3013206113,887.6666666667,31.7631770833,0.3248179233,1638.3085658,0,9.2409413926
1e-05,0.5125190688,26.49390625,14.7825202942,0.3007605948,0.0278905746,0.0106599816,10.7535416667,10.7147135417,26.5269179034,0.8748592668,0.5530369486,87,0.2041210194,0.5192008913,26.4544270833,-1.3604469873,0.0044545498,0.5031722431,0.5519905132,-1.3628498238,5e-05,0.0002083333,-0.0390572584,0.2798287569,26.255182097,0.5137727606,0.5279912185,0.0380129194,0.6720034369,-0.2568553908,0.1235407308,0.2138857677,23662,0.2041972,10.706372021,0.2612760417,10.744375,0.5210333022,10.725509636,1772301925.0339797,0.2876268429,0,-26.5021122567,0.0,29.012966156,0.8752553355,0.0423587148,-0.2567315891,1081.0,26.45796875,0.2767028162,1638.3090657,0,8.6100730777
1e-05,0.5133569514,25.7394270833,16.2578144073,0.311490052,0.0287236135,0.0106320039,10.840078125,10.7768229167,25.795857176,0.9051206764,0.5449201735,88,0.2351215002,0.5191652618,25.69625,-1.3241729123,0.0058411905,0.5122511067,0.5451173687,-1.3229859191,5e-05,0.0002734375,-0.0394273566,0.2817951526,25.5303404013,0.5134733277,0.5265290152,0.0428163211,0.677339112,-0.2619674351,0.1259224509,0.2355703717,23662,0.2381819614,10.782223525,0.2550260417,10.8255729167,0.5199627541,10.8024452364,1772301925.0344796,0.2810090046,0,-25.7506201633,0.0,29.012966156,0.9028946596,0.0504588883,-0.2620963274,1081.0,25.7077604167,0.2809505625,1638.3095663,0,9.4093094961
1e-05,0.4874619559,31.4783333333,14.4040398598,0.3541698382,0.0302012669,0.0101459066,12.1303645833,12.1023177083,31.5277905377,0.9846627013,0.532743074,89,0.264800357,0.4999871105,31.4727604167,-1.1293493709,0.0046626792,0.4770511627,0.5309022596,-1.1316828436,5e-05,0.0002213542,-0.031667883,0.3315517524,31.2311655033,0.4879166481,0.517028774,0.0372511482,0.687414813,-0.2913206678,0.1356325704,0.2624463291,23662,0.26409492,12.1079288737,0.3345703125,12.1641927083,0.4987009395,12.1399873197,1772301925.03498,0.3361568497,0,-31.4888558284,0.0,29.012966156,0.983850803,0.0541368892,-0.2883599127,1081.0,31.41296875,0.3323854396,1787.2108797,0,9.3996717119
1e-05,0.4693482016,36.15953125,14.3683671951,0.3960293659,0.0289475023,0.0099322653,13.3549479167,13.2975520833,36.1747258162,1.052724766,0.5277363686,90,0.269442245,0.4826979213,36.13234375,-1.0014100557,0.0054857472,0.4494970933,0.5269080545,-1.0100539087,5e-05,0.0002539062,-0.0151665403,0.364095663,35.8485809127,0.4716597662,0.505848101,0.037217652,0.7010622648,-0.3229503419,0.1484157428,0.2537216869,23662,0.2687122811,13.3081851645,0.4061458333,13.3306770833,0.4817556504,13.3456418113,1772302073.945213,0.3822888588,0,-36.1763001982,0.0,29.012966156,1.0508652908,0.0618994001,-0.3224074867,1081.0,36.1297916667,0.362406469,1787.2118812,0,8.8694884731
1e-05,0.4923423856,31.9215885417,14.5648772717,0.3496925723,0.0284775241,0.0101792947,12.0690625,12.0408072917,31.9189427563,0.9542637797,0.5389868132,91,0.2323640599,0.4976864892,31.8884635417,-1.1559434838,0.0052776178,0.4781023586,0.5394141939,-1.1562522606,5e-05,0.0002408854,-0.0265402479,0.3030180252,31.6306619438,0.4954688577,0.5165009712,0.03766752,0.6898908718,-0.2869959831,0.1365940356,0.2218255223,23662,0.2333296248,12.0697375484,0.33640625,12.0837239583,0.4983092692,12.1091201715,1772302073.9457135,0.3378259222,0,-31.9290269864,0.0,29.012966156,0.9516507879,0.0590525706,-0.2873623672,1081.0,31.8855729167,0.3042735521,1787.2128803,0,8.5428916121
1e-05,0.4915375763,31.4161458333,14.3776979446,0.3703725809,0.0299374909,0.0100188351,11.641796875,11.589296875,31.4705533556,0.9532830197,0.5320533566,92,0.2558033464,0.4968192466,31.3944270833,-1.1417475454,0.0029814107,0.4830798105,0.5317321854,-1.1391407831,5e-05,0.0001432292,-0.035366057,0.2948679559,31.2058757873,0.4920795778,0.5125464225,0.0372530174,0.6980007782,-0.2904487038,0.1308805307,0.2439953212,23662,0.2566670513,11.5949414627,0.3270442708,11.6274739583,0.4961655364,11.6419941096,1772302073.9467144,0.3287930246,0,-31.4285302504,0.0,29.012966156,0.9535003089,0.0517168086,-0.293745505,1081.0,31.3851822917,0.296060862,1787.2133796,0,9.5185370314
1e-05,0.5153457942,25.5464973958,14.5592288971,0.2698005573,0.0265775921,0.0101686366,10.4448697917,10.3998958333,25.5745348663,0.846159704,0.5512522778,93,0.186562938,0.5203980763,25.5446614583,-1.3391841756,0.0035963493,0.5113020767,0.5525152533,-1.3365381023,5e-05,0.0001627604,-0.0296958533,0.2610618753,25.3553122892,0.5153534239,0.5334264917,0.0376364573,0.663939814,-0.2383994466,0.1185239979,0.1841835797,25944,0.1896535358,10.4058383811,0.2388802083,10.4253385417,0.5222658202,10.4488355168,1772302073.9472141,0.269522172,0,-25.5676527143,0.0,92.5697466532,0.8501243585,0.0444507875,-0.2379820982,1881.0,25.4987890625,0.262541801,1787.2138796,0,7.9748685078
1e-05,0.5046516687,27.88109375,14.2942378521,0.3170833386,0.0277978443,0.0103245282,11.017890625,10.9781510417,27.905571968,0.8926422492,0.5460862299,94,0.2070202789,0.5084913985,27.867265625,-1.2424591628,0.0046018637,0.5018695888,0.5451292939,-1.2467658216,5e-05,0.0002148438,-0.0353741945,0.2780071079,27.6734299717,0.5050998482,0.5256388983,0.0367092053,0.6779277241,-0.2672412568,0.1266804421,0.196660157,25944,0.2033584287,10.9862102401,0.2748697917,11.0151822917,0.5079541457,11.0348221672,1772302073.9477134,0.2923218267,0,-27.8912631214,0.0,124.3481369019,0.8921911754,0.0450296275,-0.2644640148,2281.0,27.8461328125,0.2764810294,1787.2143807,0,8.336711429
1e-05,0.5086565825,27.1328645833,14.9058828354,0.3342358531,0.0269092029,0.0103913244,10.5427604167,10.493125,27.1456430777,0.8785700716,0.5426628508,95,0.2090656797,0.5092772536,27.11421875,-1.265475218,0.0030679092,0.5132705851,0.543176608,-1.2634892864,5e-05,0.0001432292,-0.0563606174,0.2734247665,26.9182699784,0.5091570872,0.5240130586,0.0385673086,0.6856521642,-0.2646591732,0.1217015822,0.1920780153,25944,0.2146522162,10.5019159396,0.2535807292,10.5130729167,0.5110093363,10.5489772185,1772302073.9482136,0.2846773021,0,-27.1436141086,0.0,124.3481369019,0.8760508476,0.0402058112,-0.2684836056,2281.0,27.0924479167,0.2713497622,1787.2148798,0,8.1110309009
1e-05,0.4903501018,30.4369270833,15.0507426262,0.2899908795,0.0298337156,0.0106076169,11.28359375,11.2580208333,30.4578767427,0.9450507764,0.5385465416,96,0.2165851125,0.4906654356,30.4077604167,-1.1164031502,0.0036571648,0.4844234475,0.5370796792,-1.1213232431,5e-05,0.0001692708,-0.0032818158,0.3120692356,30.2431844425,0.4925235866,0.5276617359,0.0388205322,0.6703784257,-0.3194639753,0.1272144553,0.2120497791,26657,0.2136883568,11.2753846252,0.3015625,11.3064322917,0.4912166254,11.3388222782,1772302073.9487145,0.3089687309,0,-30.4535426076,0.0,91.6197465261,0.9423530313,0.0566827912,-0.3216733336,1758.0,30.420625,0.3111061335,1787.2153792,0,8.7078340296
1e-05,0.4960272817,28.4063232422,15.3419966698,0.2899485156,0.0285759158,0.0103917877,10.5227604167,10.4644010417,28.4503132905,0.8970806466,0.5416828809,97,0.1960929946,0.5032430849,28.337483724,-1.2023546304,0.0036314818,0.5021928884,0.5427180049,-1.2027347011,5e-05,0.0001757812,-0.00088254,0.3096828125,28.2556524203,0.4972921176,0.5256342911,0.0400632803,0.67690708,-0.2833207456,0.1222245325,0.2346228786,26657,0.1973683472,10.4928321385,0.2694921875,10.5164322917,0.4998909648,10.5520149597,1772302073.9497132,0.284006769,0,-28.4134925304,0.0,26.1629657745,0.893654789,0.0633244956,-0.2785046049,712.0,28.3903255208,0.3097538821,1787.2158804,0,9.1782488688
1e-05,0.4837275971,30.1685660807,15.3059644699,0.3257675872,0.0293149178,0.01019092,10.9615104167,10.8986979167,30.2237187597,0.9488152271,0.5380188257,98,0.2103095972,0.4898752644,30.0848567708,-1.1057478222,0.0032152231,0.4946630421,0.5373957102,-1.1112216782,5e-05,0.0001497396,-0.0197661566,0.3333515794,30.0013311233,0.4856195543,0.5186959955,0.0400844216,0.6837225544,-0.3204736039,0.1265850814,0.2264882429,26657,0.2085379324,10.9465617653,0.2933984375,10.91828125,0.4888847749,11.0033943899,1772302073.9497132,0.3065496704,0,-30.177992573,0.0,26.1629657745,0.9468244615,0.0538503475,-0.3201237889,712.0,30.1411914063,0.3310608829,1787.2163798,0,8.6393804109
1e-05,0.5150557576,22.9001220703,14.6817576885,0.2443625221,0.0275500087,0.0104487117,9.296015625,9.26546875,22.9571867817,0.8310996381,0.5561689924,99,0.1519709049,0.5211540656,22.859325765,-1.3712449091,0.0043680514,0.5301851817,0.5574791566,-1.3698915941,5e-05,0.0002083333,-0.0165116811,0.2796489221,22.7884445196,0.5168830497,0.5395644506,0.0377892454,0.6626494958,-0.2651594932,0.1101040216,0.1871836875,26657,0.1568082922,9.2871577672,0.19359375,9.3223697917,0.5216296414,9.3350469093,1772302073.9502144,0.2311651302,0,-22.9095460751,0.0,26.1629657745,0.8298600757,0.0462254476,-0.2634024218,712.0,22.8721331533,0.27634992,1933.7279623,0,7.8873009857
1e-05,0.4890221103,27.9173151906,14.645909071,0.2922406053,0.028757817,0.0101892583,11.161171875,11.1127083333,27.9462604139,0.9778398447,0.5333925756,100,0.2403642567,0.4952588943,27.8797025553,-1.1034156283,0.0055722456,0.5003936185,0.5330927624,-1.1063283396,5e-05,0.0002539062,-0.0230631911,0.337396813,27.7250356714,0.4899132324,0.5277777971,0.0379498553,0.6760305766,-0.3204746167,0.1271089324,0.2387697247,26657,0.2371159959,11.1352543652,0.2737109375,11.1578125,0.4935114069,11.1897405744,1772302220.4705727,0.2889699807,0,-27.9320093404,0.0,26.1629657745,0.9726524532,0.050849897,-0.3188081494,712.0,27.8999780273,0.3388795759,1933.7279623,0,9.0604028169
1e-05,0.501758788,25.7589298503,14.3844909668,0.2869817368,0.0284509665,0.0099341456,9.7576692708,9.725859375,25.8213171899,0.8641350546,0.5422573515,101,0.2149660098,0.5110429536,25.7485701497,-1.2443469358,0.0031287246,0.5165690903,0.5420586982,-1.2492086647,5e-05,0.0001497396,-0.0205061491,0.2990193198,25.6335226453,0.5023439146,0.5280503713,0.0373109023,0.6750626787,-0.2638159015,0.1147862602,0.1983469679,26657,0.2137823204,9.7271567702,0.2306770833,9.7876041667,0.5107703881,9.7812209876,1772302220.4710727,0.2603751695,0,-25.7698927087,0.0,26.1629657745,0.8660640026,0.0485861463,-0.2604481292,712.0,25.691953125,0.3001548919,1933.7284626,0,8.2213470085
1e-05,0.4910244988,28.698125,14.3445014954,0.2886866672,0.029072854,0.0098955711,10.8848046875,10.8340234375,28.7378595348,0.9128273306,0.5371030998,102,0.2043309629,0.4980488708,28.6605208333,-1.1337446016,0.0035355338,0.4973350486,0.5397616319,-1.1316839963,5e-05,0.00015625,-0.0032633119,0.3221714986,28.5333128468,0.4887901383,0.5281576267,0.0371928644,0.6712887015,-0.2932462054,0.1247988784,0.2075815697,26657,0.2008291159,10.8452626153,0.2747005208,10.8623828125,0.4979113196,10.9054278779,1772302220.4715729,0.2906536281,0,-28.7173668738,0.0,26.1629657745,0.9171446552,0.0569174534,-0.2924405913,712.0,28.69078125,0.322853156,1933.7299622,0,8.240800034
1e-05,0.5087928536,25.3871875,14.8469028473,0.2924599367,0.0258600177,0.0101511296,10.1550130208,10.1293880208,25.4075734933,0.8501150582,0.5452239089,103,0.1807669512,0.5146463076,25.3535416667,-1.2725602851,0.004185605,0.5197971558,0.5466158498,-1.2686383768,5e-05,0.0001888021,-0.0326426896,0.2845930614,25.2123778017,0.5097257908,0.5300936923,0.0385620332,0.677321045,-0.2553569605,0.1192269372,0.1743493516,26657,0.1855114721,10.1428690159,0.2282161458,10.1729947917,0.5136266795,10.198461927,1772302220.472573,0.2621470031,0,-25.4035545818,0.0,26.1629657745,0.8501461113,0.0552172822,-0.2547062124,712.0,25.36171875,0.2851561236,1933.7304635,0,7.6240535776
1e-05,0.5027992209,26.1305143229,14.3205134869,0.2513296794,0.0272049429,0.0100179744,10.0252994792,10.0046223958,26.1654914896,0.8542819799,0.5360075925,104,0.2260971534,0.5119001709,26.1081892904,-1.2243415942,0.004159922,0.5093037712,0.5370323835,-1.2270891551,5e-05,0.0001953125,0.0032753006,0.2823628005,25.9896695826,0.5029175983,0.5338593243,0.0370453286,0.6631933612,-0.247985414,0.1175554999,0.1906569362,26657,0.2266482552,10.0043461819,0.2389713542,10.0632421875,0.5112675052,10.0654327643,1772302220.473073,0.2628254782,0,-26.1409660665,0.0,26.1629657745,0.8528317292,0.0592502772,-0.2457387029,712.0,26.0879589844,0.2829230446,1933.7314625,0,8.756936719
1e-05,0.5170875656,25.04625,14.3861138821,0.2791909303,0.02740596,0.0100666277,10.03109375,9.9962369792,25.0687914507,0.8336534554,0.5439970847,105,0.2033498417,0.5212746726,24.9963802083,-1.2866738917,0.0053992488,0.520053702,0.5430965292,-1.2868844319,5e-05,0.0002539062,-0.0219300867,0.255704434,24.8895249542,0.5159324668,0.5354167263,0.0372435943,0.6725865163,-0.2256254775,0.1200926474,0.1969257513,26657,0.2024186394,10.0126307829,0.2230208333,10.0514192708,0.5207863955,10.0745928133,1772302220.4740736,0.2554526571,0,-25.0599588752,0.0,26.1629657745,0.8300976123,0.0521473844,-0.2247143385,712.0,25.0233854167,0.2583911659,1933.7319629,0,7.8782731414
1e-05,0.5156943957,24.5781315104,14.5906462669,0.2531939625,0.0278266063,0.0100667135,9.42609375,9.4010677083,24.6035361431,0.7754780598,0.5456254401,106,0.1670725144,0.5116164565,24.5413305664,-1.3042664172,0.0034490354,0.5184263473,0.5458461594,-1.3005561953,5e-05,0.00015625,-0.0045690306,0.2401826871,24.432235784,0.5147246817,0.5333095391,0.0378667386,0.6669518848,-0.2484954321,0.1126273473,0.1696254357,29283,0.1688407011,9.4296704423,0.2199348958,9.4556770833,0.5127753611,9.4811992162,1772302220.4750736,0.247309474,0,-24.5894406265,0.0,66.9599672953,0.7801466726,0.062946957,-0.2518972961,1349.6666666667,24.5666860962,0.241947805,1933.7324637,0,7.2559508562
1e-05,0.5009206779,28.2699216715,14.7914738655,0.2955846259,0.0273038323,0.0105519827,10.3709505208,10.3353515625,28.3033149066,0.8881104261,0.5397801911,107,0.1873011374,0.4933942746,28.2204752604,-1.1446287089,0.003240906,0.5036192314,0.5392798188,-1.1487722461,5e-05,0.0001432292,-0.0150900231,0.2729195333,28.0971507085,0.5015588035,0.5264343941,0.0380295515,0.6787414259,-0.3151303758,0.1230127209,0.193275979,29283,0.1867845332,10.3529941112,0.2638411458,10.3659635417,0.4926248522,10.406753422,1772302220.4750736,0.2862735769,0,-28.2754440816,0.0,148.5539703369,0.8812019713,0.0525967973,-0.314680458,2625.0,28.2456571452,0.2708903412,1933.7329627,0,7.234037981
1e-05,0.504510154,27.20265625,14.2687449455,0.2883120137,0.0281526685,0.0101294359,10.757109375,10.7447265625,27.2355888414,0.8919574693,0.5386083729,108,0.2092606837,0.497497349,27.1776822917,-1.152063874,0.0052168023,0.5079783183,0.5365938124,-1.1600946218,5e-05,0.000234375,-0.0227837081,0.2692469989,27.0321090126,0.5067364344,0.5325471102,0.03676512,0.6733049264,-0.3011386456,0.1256813141,0.2165123222,29283,0.203697004,10.7287628841,0.2561328125,10.8101692708,0.4987766568,10.788757086,1772302220.4755745,0.2797976145,0,-27.220502075,0.0,148.5539703369,0.8874247405,0.0527714889,-0.3021418153,2625.0,27.1586979167,0.2654905929,1933.7334638,0,8.2284049533
1e-05,0.513461614,25.4368782552,14.3083195686,0.2852230606,0.0265731115,0.0105053846,10.098359375,10.0630208333,25.4827821867,0.8559083311,0.5382103516,109,0.2260358427,0.504278569,25.4032356771,-1.2264609027,0.0035963493,0.5210577742,0.536918382,-1.2266400098,5e-05,0.0001627604,-0.0342442853,0.2450982683,25.2915194607,0.5140740734,0.5306234543,0.0365789024,0.67402442,-0.2889789352,0.1178462005,0.1859749541,29283,0.224757534,10.0525480797,0.2258984375,10.0954166667,0.5061284446,10.1070662751,1772302220.4760735,0.2606669648,0,-25.4483960445,0.0,148.5539703369,0.8545013847,0.0499087735,-0.2911255863,2625.0,25.385374349,0.245062646,2079.366979,0,7.3599773294
1e-05,0.4915534667,29.6330664062,14.3269965649,0.3118253231,0.0266783855,0.0105602201,10.9690234375,10.919921875,29.675120139,0.9490464521,0.5201163439,110,0.2718520448,0.4871488352,29.5796903483,-1.0168634369,0.0051397535,0.4956083431,0.5213192391,-1.0122805854,5e-05,0.0002539062,-0.0161186768,0.301620867,29.4706668932,0.4908470492,0.52119897,0.0366321953,0.6836446257,-0.3188057361,0.1282295724,0.1941301506,30630,0.2716155049,10.9340815171,0.2904427083,10.9505859375,0.4850853952,11.0020513133,1772302366.118463,0.2995857812,0,-29.6513251698,0.0,15.5690326691,0.9532946757,0.0594596354,-0.3172662019,1346.0,29.6076953125,0.2998479606,2079.3676287,0,7.8389489919
1e-05,0.5124043972,24.1653667196,14.4458842278,0.2650251897,0.0265214316,0.0100652671,9.0866927083,9.0397786458,24.184699182,0.8181216302,0.5341476111,111,0.2461797743,0.51402239,24.1337105306,-1.2684092996,0.0028597798,0.5244927056,0.5349891688,-1.2696121943,5e-05,0.0001302083,-0.0122870732,0.2570545727,24.0298170437,0.5115734249,0.5313757558,0.0374116174,0.6682861153,-0.2377342083,0.110284185,0.1927147062,30630,0.2453632248,9.0673785273,0.2079166667,9.0932161458,0.5142443571,9.1265309745,1772302366.1188138,0.2412311924,0,-24.1785417169,0.0,15.5690326691,0.8142518445,0.0483809473,-0.236827779,1346.0,24.1374251302,0.257192894,2079.3681284,0,7.5912176661
1e-05,0.4876078715,27.8480110677,14.4378697872,0.2897598537,0.0268272481,0.0103318556,10.3055208333,10.2562239583,27.8783893481,0.9166212008,0.5255723342,112,0.2580923699,0.4948837791,27.7739746094,-1.0647515704,0.0039517926,0.5014788104,0.5254520533,-1.0641859977,5e-05,0.0001822917,-0.0079954647,0.3304990169,27.7065605211,0.4861920207,0.525261843,0.037153213,0.6742517412,-0.2662835319,0.1211008658,0.2111455259,30630,0.2571574757,10.2865040008,0.2628776042,10.2987630208,0.4954657265,10.3586979383,1772302366.1194634,0.2787334217,0,-27.8529936167,0.0,15.5690326691,0.9180181869,0.0652833859,-0.2673217495,1346.0,27.807409668,0.3292363451,2079.3686281,0,8.2191723641
1e-05,0.4729408515,29.999124349,14.2806646824,0.3107556936,0.0279239418,0.0101381691,10.5115755208,10.4686067708,30.0379501915,0.9849062042,0.5186834763,113,0.272174656,0.4823812458,29.9909977214,-0.9469985617,0.0030935921,0.4916713698,0.5186180666,-0.9489260869,5e-05,0.0001367188,0.0020914985,0.3698294419,29.8581420503,0.4722711613,0.5198243343,0.0367779724,0.6829943726,-0.3089190378,0.1237593697,0.2159116289,30630,0.2711721164,10.492850699,0.2893489583,10.5329296875,0.4830171434,10.5669325773,1772302366.1204631,0.2967524077,0,-30.0135930846,0.0,15.5690326691,0.9897741179,0.0710977349,-0.3078455112,1346.0,29.939148763,0.3689970965,2079.3691291,0,8.2607362731
1e-05,0.5143105076,20.7175520833,14.1493079662,0.1781592737,0.0245838643,0.0100203562,7.8910807292,7.8304166667,20.7644695512,0.8007859823,0.5492095267,114,0.1998768036,0.5277491704,20.6701041667,-1.3650510515,0.002539469,0.5326136207,0.5471146829,-1.3678029993,5e-05,0.0001236979,0.0382358895,0.2963762387,20.6529424834,0.5148919413,0.5456697096,0.0365743876,0.6415913182,-0.2234963632,0.1009574792,0.1771288316,30630,0.2000260585,7.8749886928,0.1604817708,7.8828385417,0.5261263985,7.9237706077,1772302366.120964,0.2015488729,0,-20.7322743837,0.0,15.5690326691,0.7991649049,0.0747196699,-0.2218600526,1346.0,20.69875,0.2961213827,2079.3696291,0,7.195721248
1e-05,0.4975327205,25.143671875,14.5172052383,0.2568493318,0.0249037784,0.0105177188,9.3552473958,9.3208203125,25.1513247613,0.8881506577,0.5331716615,115,0.2248138615,0.5054890404,25.1123307292,-1.163764591,0.0037436632,0.5190560572,0.5335695569,-1.1613771818,5e-05,0.0001692708,-0.0018619908,0.3247067057,25.0052049937,0.4964728133,0.5337415268,0.0372672693,0.6636553168,-0.274722814,0.1145591301,0.1759971255,30630,0.223498744,9.3301491769,0.2195963542,9.3723307292,0.5058378191,9.4026699865,1772302366.121464,0.2509444311,0,-25.1500532687,0.0,15.5690326691,0.890894931,0.0598480594,-0.2754394678,1346.0,25.0950520833,0.3273640024,2079.3701285,0,6.3538404447
1e-05,0.4839328314,27.1807877604,14.5478820801,0.250089993,0.0261988678,0.0099724007,10.2274088542,10.1735026042,27.1946104845,0.9629645634,0.5313113838,116,0.2251094906,0.4963092427,27.1195182292,-1.0406505441,0.0056073781,0.5005692689,0.5311423455,-1.0443946498,5e-05,0.0002669271,0.0033670043,0.3536883249,27.0253493299,0.4854318529,0.5372596245,0.0377775137,0.6612692809,-0.3018722043,0.1211782039,0.1886506194,30630,0.2289831049,10.1806593251,0.2535807292,10.2062109375,0.4942282773,10.2459049475,1772302366.1219635,0.271699861,0,-27.192486918,0.0,15.5690326691,0.9609169012,0.061121592,-0.3001559091,1346.0,27.1321614583,0.3524361178,2079.3706281,0,7.1848800794
1e-05,0.4882571343,27.0452669271,14.3969390392,0.2818580598,0.026077816,0.0103128084,9.6847265625,9.6522135417,27.0764392749,0.9449736331,0.5299192042,117,0.2384227331,0.4920895868,27.0083691406,-1.0562226142,0.0025651519,0.5109170908,0.5295651801,-1.0557464981,5e-05,0.0001171875,-0.0150956594,0.3417357783,26.917104136,0.4877433649,0.5277337326,0.0369497148,0.6718848697,-0.320081496,0.118295438,0.1839360559,30630,0.2410786484,9.6496864849,0.2427604167,9.687109375,0.4900436425,9.7215323909,1772302366.1219635,0.2711574726,0,-27.0570788024,0.0,15.5690326691,0.9475101405,0.0552335349,-0.3181491448,1346.0,27.0085546875,0.3417125806,2079.3706281,0,7.1837849285
1e-05,0.4886122451,26.0064860026,14.3621580601,0.2647264034,0.0253257998,0.0100733972,8.94625,8.9036458333,26.0409861179,0.9045609995,0.5234206833,118,0.2673063642,0.4962436358,25.9791080729,-1.0927573289,0.0027732813,0.5137552679,0.5245489756,-1.0888952982,5e-05,0.0001302083,0.0103367984,0.3378431847,25.904665679,0.4877456152,0.527385421,0.0371774395,0.6660094794,-0.2789429225,0.1119911633,0.1891161219,30630,0.2673935407,8.9110560888,0.2294401042,8.959609375,0.4984601719,8.9778097198,1772302366.122463,0.2540581418,0,-26.0209002217,0.0,15.5690326691,0.9105648721,0.0627676029,-0.278510226,1346.0,25.9537027995,0.3370153945,2079.3714011,0,7.5247494286
1e-05,0.4938262605,25.436484375,14.7329204082,0.2538595162,0.0255171972,0.0101233069,9.8958463542,9.8561328125,25.4481283339,0.9515191438,0.5318506717,119,0.2519273174,0.5051242893,25.3974739583,-1.0966198444,0.00498299,0.5139596415,0.5300242232,-1.0993177981,5e-05,0.0002278646,0.003835424,0.3395757402,25.2793238533,0.4941121001,0.5378031324,0.0382836882,0.6622050862,-0.283644717,0.11976968,0.1925575071,30630,0.252219031,9.8650146015,0.2297135417,9.8921875,0.5040282697,9.9241687578,1772302366.1232362,0.2562561419,0,-25.4456183704,0.0,15.5690326691,0.9431346169,0.0668784881,-0.2824146135,1346.0,25.4040885417,0.3418929521,2228.8603031,0,7.5727055359
1e-05,0.5004157351,23.6285416667,15.0802497864,0.2269202226,0.025546086,0.0101988061,9.3086458333,9.2670703125,23.6615858277,0.9291199908,0.5393003562,120,0.2236787789,0.5113563558,23.5747395833,-1.1730870778,0.0050438055,0.5224227524,0.5389474676,-1.1736309052,5e-05,0.000234375,0.003259062,0.3322645468,23.5082897572,0.5021680574,0.5410631143,0.0392940283,0.6581120022,-0.2835363018,0.1146655169,0.1791164587,32949,0.2215166605,9.2832314742,0.2031119792,9.3136328125,0.5105857971,9.3378110327,1772302515.6195636,0.2363488612,0,-23.644251678,0.0,171.8083343506,0.9311082334,0.0640111058,-0.2809482775,2318.0,23.6274479167,0.3322820842,2228.8613022,0,6.9281476639
1e-05,0.4975314049,23.2998708089,15.3429429531,0.2088550503,0.0250206723,0.010488685,8.7651171875,8.7119010417,23.3594160513,0.8850256294,0.5383617476,121,0.2078415894,0.5074654945,23.2804492188,-1.1806945278,0.0034841679,0.5214205144,0.5374040196,-1.1788451766,5e-05,0.0001692708,0.019524176,0.3307649799,23.2230809226,0.4972676921,0.5389556462,0.0399094804,0.6542125897,-0.2813441541,0.1086768418,0.201882941,32949,0.2070412655,8.7472302081,0.2003255208,8.7665234375,0.5073531919,8.8024583024,1772302515.6215923,0.2305289912,0,-23.3167576987,0.0,171.8083343506,0.8836982789,0.0712859342,-0.280874597,2318.0,23.248984375,0.3329810719,2228.8618025,0,7.9920892995
1e-05,0.4738634712,27.4767252604,15.2019433975,0.2343236186,0.0242953019,0.0103204536,9.5922135417,9.5438541667,27.4980931931,0.9722246376,0.5255687882,122,0.238593453,0.4889774611,27.4327604167,-0.9822849139,0.0045410483,0.4985720026,0.5242430838,-0.9856728055,5e-05,0.0002083333,0.0346406273,0.3765735174,27.358091148,0.4741083961,0.5311437266,0.0396308319,0.6594253085,-0.3070960941,0.1178216652,0.1930381253,32949,0.2386198346,9.5730952587,0.2562109375,9.5913411458,0.4888523372,9.6426906133,1772302515.6225924,0.2665752856,0,-27.4872694308,0.0,171.8083343506,0.9646996196,0.0786194646,-0.3096234147,2318.0,27.4244075521,0.3789480598,2228.863303,0,7.0204500538
1e-05,0.4973471187,23.6830761719,15.0736048222,0.1893931704,0.0249217655,0.0103433712,8.6947395833,8.6517447917,23.7099028975,0.8820726589,0.5364897201,123,0.2128943272,0.5039944119,23.6469580078,-1.1680586482,0.0035963493,0.5160527982,0.5375040199,-1.1671527747,5e-05,0.0001627604,0.0377595197,0.3289320909,23.5795562627,0.4979064665,0.5408312642,0.0391556748,0.6473802845,-0.2856843726,0.1078875499,0.1806530125,33911,0.2148677918,8.6856581964,0.2026302083,8.7125911458,0.5056502704,8.7376492701,1772302515.6230936,0.229698851,0,-23.6926207304,0.0,79.2641855876,0.8872636792,0.0692838762,-0.2893172805,1413.3333333333,23.6271191406,0.3301086669,2228.8638027,0,6.9949696008
1e-05,0.5002548283,24.6934114583,14.9505212307,0.199230173,0.0258974927,0.0108363024,8.5400911458,8.4792317708,24.7397006396,0.8213561054,0.5324127763,124,0.2224004355,0.5013995147,24.6729296875,-1.1680004498,0.002539469,0.5138132534,0.5326593796,-1.1668475345,5e-05,0.0001236979,0.0266907525,0.2964912999,24.5957520219,0.5001274054,0.5378592936,0.0383339834,0.65317963,-0.2676162406,0.1073645323,0.1985724689,33911,0.2216403675,8.5162634204,0.2147005208,8.5336458333,0.5019976004,8.5620875144,1772302515.6240933,0.240341594,0,-24.7072676982,0.0,32.9921112061,0.8217794675,0.0659800624,-0.2709196407,961.0,24.63265625,0.294844892,2228.8643023,0,7.0705060889
1e-05,0.4802600165,29.9590104167,14.5992434025,0.2960174415,0.0244116793,0.0102586404,10.270859375,10.2177083333,29.9772216932,0.9582797879,0.5116591389,125,0.2788935777,0.4814993424,29.8824479167,-0.9097220909,0.0036828478,0.4928155314,0.5112893471,-0.9007988487,5e-05,0.0001627604,-0.0037010335,0.3446345373,29.7851746138,0.4783057164,0.5262407102,0.0377756405,0.6707654136,-0.2986085055,0.125606896,0.1960306056,33911,0.2788012539,10.2378620348,0.2847005208,10.2513671875,0.4836570862,10.2968135913,1772302515.6245928,0.2968697733,0,-29.9661166771,0.0,32.9921112061,0.9657665265,0.0595410116,-0.299803243,961.0,29.9560416667,0.3452417312,2228.8643023,0,7.0130033288
1e-05,0.5063816419,23.5519254557,14.3414878845,0.1858614074,0.0245472523,0.0103548614,8.778984375,8.7119270833,23.6098982651,0.8185635512,0.5351273232,126,0.2095649706,0.510727775,23.5552791341,-1.201611691,0.0030070937,0.5169712827,0.5341906364,-1.1995598699,5e-05,0.0001367188,0.0373101587,0.2871096437,23.4623967608,0.5068801989,0.5407718616,0.0367786105,0.6492967973,-0.2435550358,0.1084005723,0.1971103026,34841,0.2086660974,8.7406921589,0.2060416667,8.7608984375,0.5107533541,8.7838663284,1772302515.6250925,0.2312160079,0,-23.5663675418,0.0,33.9345779419,0.8165408492,0.0703543289,-0.2440012189,950.3333333333,23.4947802734,0.2866860204,2228.8648022,0,7.5539922963
1e-05,0.4866706631,27.0760546875,14.5550022125,0.241738799,0.0257808934,0.0100973566,10.1491276042,10.081953125,27.0864211341,0.9882857132,0.519471962,127,0.2748900604,0.4919642803,27.01046875,-0.9733632438,0.0051559869,0.5015679762,0.5186794303,-0.9698511493,5e-05,0.0002278646,0.0068643155,0.3470031908,26.917450979,0.4864092329,0.5371391731,0.0377604087,0.6604845826,-0.3069166269,0.1227676795,0.235159347,34841,0.2742348151,10.0826617259,0.2525390625,10.1231510417,0.4921686669,10.1453817821,1772302515.6255925,0.2705269652,0,-27.0853449212,0.0,35.8195114136,0.9867080998,0.0641965644,-0.3079719385,929.0,27.0277994792,0.3470652144,2228.8653023,0,7.8644349301
1e-05,0.4794883418,26.6272265625,14.2873609066,0.257015963,0.0250300437,0.010100011,9.2659765625,9.2160807292,26.6868166648,0.9786685234,0.5159343958,128,0.2810375522,0.4886050287,26.5572558594,-0.9659847556,0.0030679092,0.5082666555,0.5137350824,-0.9652778331,5e-05,0.0001432292,0.0098791873,0.3644028541,26.5453578029,0.4800669246,0.5279324257,0.036858476,0.6715068996,-0.3115921678,0.1163235183,0.2018336321,34841,0.279424972,9.2585609464,0.2429817708,9.2633463542,0.4896505236,9.3267226426,1772302515.6260924,0.2610841792,0,-26.6331947343,0.0,35.8195114136,0.9780333626,0.0628257873,-0.3138569954,929.0,26.5784236654,0.362555202,2228.8658024,0,7.6611289126
1e-05,0.4892981204,24.2104036458,14.3714635372,0.1968477805,0.023555407,0.0103356632,8.3892057292,8.3336848958,24.2695199298,0.9060880369,0.5222296098,129,0.2584261795,0.4976173988,24.220546875,-1.0909006192,0.0019758963,0.514530658,0.5220094543,-1.0910582993,5e-05,9.11458e-05,0.0286844958,0.344631972,24.1431690011,0.4885471923,0.5390970657,0.0368817822,0.6494566111,-0.2946548788,0.1055443282,0.1835212292,34841,0.2550731777,8.3731427383,0.2080989583,8.384296875,0.4985677992,8.4292636629,1772302515.6260924,0.2350207001,0,-24.226479425,0.0,35.8195114136,0.9129799193,0.0662253644,-0.2958753046,929.0,24.1634179688,0.3456162807,2375.0248017,0,6.954660687
1e-05,0.4745551893,27.9988020833,14.6126666069,0.3194766773,0.0237066381,0.0104543201,9.5454166667,9.510703125,28.0223562335,0.9949989609,0.51046155,130,0.2833126763,0.4845759045,27.9410026042,-0.9188107754,0.0029462782,0.5133269689,0.5113788367,-0.9214971624,5e-05,0.0001302083,-0.0316595207,0.378086379,27.837241006,0.4743792559,0.5186949219,0.0375923157,0.6881505324,-0.3227546876,0.1216362621,0.1991416552,34841,0.2839055135,9.5149514802,0.2536197917,9.5644010417,0.4848531907,9.5696549702,1772302661.7940037,0.2805628551,0,-28.0099955849,0.0,35.8195114136,0.9988700056,0.0490438175,-0.3206942172,929.0,27.9763671875,0.3763118748,2375.0254581,0,7.1958183358
1e-05,0.4874505091,25.3422981771,14.5695285797,0.218532339,0.0240993808,0.0100320172,9.1462890625,9.1220442708,25.3490635108,0.9377715619,0.5270502601,131,0.2376359631,0.4947423791,25.3101871745,-1.0527979022,0.0033017215,0.5131357569,0.5253131537,-1.0512646523,5e-05,0.0001497396,0.0148270844,0.349147807,25.1960944863,0.4888836349,0.5373580302,0.0378636336,0.6536064243,-0.3041333696,0.1139729261,0.1594417513,34841,0.2374389094,9.1385103794,0.2255338542,9.1649088542,0.4940938045,9.1908892403,1772302661.7943475,0.2501523796,0,-25.3517994251,0.0,35.8195114136,0.9385656069,0.0608596917,-0.304380978,929.0,25.293046875,0.3474846321,2375.0259584,0,6.5916891589
1e-05,0.4772405164,27.3945442708,14.4303100109,0.2764065439,0.0236284173,0.0100847173,8.9152083333,8.8638020833,27.4273578532,0.9060187441,0.5177875802,132,0.230729091,0.4818757539,27.310859375,-0.9725186217,0.002539469,0.5081542206,0.5176665619,-0.9783355811,5e-05,0.0001236979,0.0018705659,0.3565643934,27.2716719265,0.477281105,0.5225530085,0.0373320285,0.6749460906,-0.3088312189,0.1147042148,0.172689367,34841,0.2290437671,8.8763518035,0.249296875,8.9042447917,0.4829051116,8.9341644069,1772302661.795004,0.268960167,0,-27.400364631,0.0,35.8195114136,0.9060208809,0.0565255749,-0.3108853895,929.0,27.3578678385,0.3573987408,2375.0264583,0,7.3441726303
1e-05,0.4840029974,26.9717407227,14.5561122894,0.2463373181,0.0242097547,0.0104643583,9.3630989583,9.329375,27.0105422484,0.914006725,0.5233149473,133,0.2188691175,0.4911732753,26.9133105469,-1.0039602403,0.0036571648,0.5058524631,0.5221799571,-1.0042017723,5e-05,0.0001692708,0.0116205565,0.3420334143,26.8728617882,0.4845178541,0.531439768,0.0373184443,0.6648880899,-0.2921286839,0.1174142087,0.174540813,34841,0.216251375,9.3537484229,0.2456380208,9.3858333333,0.492261565,9.4266898485,1772302661.796004,0.2653809899,0,-26.985917768,0.0,35.8195114136,0.9115238019,0.0614814352,-0.2942532003,929.0,26.9498339844,0.3430785589,2375.0274593,0,7.3886903081
1e-05,0.4963086421,24.9306315104,14.224039793,0.2157005378,0.0230134809,0.0101183446,8.984453125,8.9259114583,24.9758022508,0.8763573597,0.5312520576,134,0.2048948122,0.5007444644,24.9351147461,-1.1057377787,0.0033882199,0.5170173612,0.5312420846,-1.1020780324,5e-05,0.0001497396,0.0085725339,0.3191485712,24.8423797334,0.4966385488,0.5382229479,0.0366596325,0.659718584,-0.2734750329,0.1132068553,0.1804861173,34841,0.2045229483,8.952850912,0.2214453125,8.9517447917,0.5020863645,9.0194193196,1772302661.7965047,0.2455858679,0,-24.947164684,0.0,35.8195114136,0.8769102523,0.0530763523,-0.2728594231,929.0,24.8495963542,0.3210525685,2375.0279591,0,7.2620473973
1e-05,0.4957024899,25.0060481771,14.4015836716,0.2266458556,0.0246223859,0.0101118914,8.7673958333,8.7139322917,25.0318729306,0.8272451995,0.5320609749,135,0.1769618658,0.506134871,24.9772916667,-1.1278038194,0.0026259674,0.5175678746,0.5320603809,-1.1320453327,5e-05,0.0001236979,0.0129067191,0.3145518404,24.9073582683,0.4967291499,0.5331014292,0.0372666462,0.6647296222,-0.2373245672,0.1116597347,0.1756714136,34841,0.176488939,8.7251830939,0.2165234375,8.7557291667,0.5052787316,8.7916330771,1772302661.7970054,0.2450390263,0,-25.0259611121,0.0,35.8195114136,0.8270726403,0.0615746581,-0.2357958048,929.0,24.9652929687,0.3110877071,2375.0284591,0,7.4158230917
1e-05,0.5155527792,20.6404622396,14.8607997894,0.2186797393,0.0235592318,0.0108552686,8.3586197917,8.3131770833,20.6811437505,0.7855262935,0.5474175552,136,0.1593337459,0.5305781997,20.5961393229,-1.3298419022,0.0040126081,0.542439944,0.5481045611,-1.3296627909,5e-05,0.0001888021,-0.00854632,0.287840784,20.532522299,0.5159060876,0.5415337155,0.0379294157,0.6555084908,-0.1952232858,0.108247626,0.1622061587,37697,0.1625891275,8.3187591708,0.1610546875,8.3458333333,0.5281215261,8.358496265,1772302661.798005,0.2117954293,0,-20.6570852363,0.0,61.787999471,0.7832462036,0.0505660268,-0.1948066698,1571.0,20.6297395833,0.2898736717,2375.029194,0,7.1598810313
1e-05,0.4938165392,25.3464668783,14.1819832325,0.2006275487,0.0234757044,0.0100811076,8.6541145833,8.6118229167,25.3420475914,0.8527736948,0.5261603403,137,0.2118775701,0.5001059966,25.2929264323,-1.0795362945,0.0028597798,0.5097717615,0.5250125519,-1.0837099606,5e-05,0.0001302083,0.0304757887,0.3150282504,25.238381832,0.4944177327,0.540445325,0.0365913343,0.6533925452,-0.260282447,0.1100323532,0.1720046613,37697,0.2104939545,8.6303172505,0.2229166667,8.652265625,0.5002029594,8.7032855435,1772302661.798005,0.2447321334,0,-25.354298529,0.0,113.7249755859,0.8519972358,0.0691237435,-0.2604000116,2855.0,25.299436849,0.3133123415,2375.0296967,0,7.119309031
1e-05,0.4849884455,26.9363020833,14.3458497524,0.2669142948,0.0252306912,0.0106305321,9.2054427083,9.1599739583,27.0019896241,0.8960482801,0.5217273382,138,0.2268677359,0.4949185432,26.8801953125,-0.9971466257,0.0040126081,0.5095899347,0.5224667434,-0.9950218425,5e-05,0.0001888021,-0.0067168504,0.3300068329,26.8486650125,0.486350563,0.5302997152,0.0366308188,0.6689469892,-0.2705875281,0.1184365376,0.175081908,37697,0.2259954066,9.180595688,0.2459505208,9.1963020833,0.4934081871,9.2428664581,1772302661.79874,0.2676533021,0,-26.9534370903,0.0,113.7249755859,0.8947484223,0.0631135593,-0.2679952502,2855.0,26.9139778646,0.3306352443,2375.0301966,0,7.3162284509
1e-05,0.5177285549,19.8250764974,14.197022438,0.183231849,0.0238507506,0.0100422557,7.7016666667,7.65921875,19.88323177,0.723259895,0.5455519932,139,0.1610702137,0.5269379462,19.7955257161,-1.3537608172,0.0029814107,0.5414369077,0.5466493439,-1.3530697721,5e-05,0.0001432292,0.0113327403,0.2657925884,19.7551105345,0.517619203,0.5411976592,0.0366023048,0.6513745521,-0.1998729143,0.1004362894,0.1561916424,37697,0.1629428886,7.6787587754,0.1549479167,7.7098697917,0.525149565,7.7124626358,1772302661.7992427,0.1976138429,0,-19.8378695927,0.0,113.7249755859,0.7259391051,0.0631050383,-0.1975264934,2855.0,19.8131673177,0.2671474883,2524.8868196,0,6.8012566722
1e-05,0.5157714854,21.7995157878,14.4939980507,0.1600942016,0.0233553577,0.0106782365,7.9675,7.9306510417,21.8203557701,0.7204408017,0.5399995372,140,0.161650466,0.5205397379,21.7650358073,-1.283368096,0.0033017215,0.5211544075,0.5417055824,-1.2843848213,5e-05,0.0001497396,0.0528425945,0.2516571864,21.7050757084,0.5151247116,0.5459258187,0.0370126883,0.6411202123,-0.2003720974,0.1028363809,0.1960002295,38870,0.1605484077,7.9695031448,0.1802734375,8.0011458333,0.5200327186,8.0103638152,1772302811.66464,0.2100409539,0,-21.8181427273,0.0,24.1794090271,0.7235941291,0.0743335127,-0.1969831835,1172.0,21.7739127604,0.2526394549,2524.8873201,0,7.3896792456
1e-05,0.5133827573,21.7985884603,14.1258161068,0.1656617062,0.0242778735,0.0100593885,7.8271614583,7.7488802083,21.8463999251,0.7186514894,0.5409144016,141,0.1477488133,0.51622924,21.7442004395,-1.2703587197,0.0026867829,0.5217826777,0.5385038402,-1.2712955561,5e-05,0.0001302083,0.0429797002,0.2494084668,21.7433709172,0.5129274767,0.5409735998,0.0364030091,0.6502560763,-0.2113893274,0.1033678383,0.1917585252,38870,0.1471181407,7.7896477111,0.1816536458,7.8159375,0.5161458366,7.8322525366,1772302811.6658432,0.206982482,0,-21.8047929338,0.0,24.1794090271,0.7185430618,0.0628267505,-0.211417725,1172.0,21.7602766927,0.2484595403,2524.8888207,0,7.8800040611
1e-05,0.5238445946,19.5688606771,14.1425011158,0.1379787359,0.0232098938,0.0103185344,7.2829427083,7.2102864583,19.6095731378,0.6804462231,0.5491568149,142,0.1317757161,0.531901991,19.548889974,-1.3883565976,0.0025043365,0.5347994717,0.5494309078,-1.3863138555,5e-05,0.0001106771,0.0514327928,0.2437396288,19.503836511,0.5232743354,0.547554347,0.0362309257,0.6414563862,-0.1616380523,0.0966722855,0.1756690411,38870,0.1306366202,7.2528576116,0.1508723958,7.2540104167,0.5312983482,7.2905405605,1772302811.6658432,0.1893265916,0,-19.5867501557,0.0,24.1794090271,0.679510665,0.0649196018,-0.1600145578,1172.0,19.533898112,0.2454171874,2524.8898267,0,6.9656179045
1e-05,0.5185896553,21.5278141276,14.3600609303,0.1233353919,0.0225050971,0.0100570122,8.1035416667,8.0554947917,21.5448706453,0.7400172263,0.5416330087,143,0.1521892139,0.5211631008,21.4917220052,-1.2690367171,0.0036828478,0.5183853088,0.5416550115,-1.2652982884,5e-05,0.0001627604,0.0553692691,0.2523774756,21.434742055,0.5178140472,0.5517892269,0.0370828366,0.6364711801,-0.1823545909,0.1030942217,0.1663339579,39892,0.149809473,8.0909756728,0.1814973958,8.1013020833,0.5212365463,8.135320317,1772302811.6673439,0.2082034802,0,-21.5439017458,0.0,30.3699073792,0.7384814728,0.0729513218,-0.1832344323,1071.3333333333,21.4898266602,0.2513984224,2524.8903295,0,6.9369180046
1e-05,0.507529719,23.2755078125,15.0748617649,0.1950371006,0.0232985364,0.0104699612,7.8841666667,7.818046875,23.3114125874,0.7291575461,0.5322878871,144,0.1821694628,0.5087346432,23.2348567708,-1.1962029382,0.0030679092,0.5160984348,0.533636303,-1.1958394068,5e-05,0.0001432292,0.0459594912,0.250910657,23.1956438139,0.5076942795,0.5366488563,0.0391198945,0.6519808344,-0.1902804442,0.105140789,0.1724957281,39892,0.1813023335,7.8500618593,0.20140625,7.877265625,0.5101315358,7.8938871968,1772302811.66835,0.2252728273,0,-23.2863824795,0.0,33.4651565552,0.7262125633,0.0762725866,-0.1919302551,1021.0,23.216110026,0.2518688078,2524.8908297,0,6.8540424144
1e-05,0.5035898113,23.550600179,15.457359314,0.2168434498,0.0251199042,0.0105881842,7.9003125,7.8431770833,23.5543218171,0.7584501975,0.5315963511,145,0.1762431069,0.5079673501,23.5295605469,-1.1731902307,0.0030422262,0.5221722718,0.5319103983,-1.1733357155,5e-05,0.0001497396,0.0244352465,0.2709270759,23.435923944,0.5041702134,0.5351028132,0.0401631546,0.6624629567,-0.2115526962,0.1076577795,0.1743658473,39892,0.1765842374,7.9023906565,0.2014583333,7.8969010417,0.5076415835,7.9508148229,1772302811.6688528,0.2280642094,0,-23.5747418186,0.0,33.4651565552,0.7577222906,0.060415171,-0.2105783527,1021.0,23.5285040283,0.2687720856,2524.8913301,0,7.1876887395
1e-05,0.4998805325,25.0564794922,15.6070692539,0.1749920467,0.023659277,0.0103971076,8.384609375,8.3322395833,25.0998392514,0.7807056075,0.5288374722,146,0.178623295,0.5048963383,25.0200537109,-1.1059880744,0.0029205952,0.5085179301,0.5284264453,-1.1076126383,5e-05,0.0001367188,0.0449604942,0.2666391817,24.9692347486,0.5010654468,0.5377784272,0.040817287,0.6492238752,-0.2135116452,0.110065787,0.1583384699,39892,0.1792238479,8.3601562341,0.2230208333,8.3653385417,0.5028077888,8.404029398,1772302811.669353,0.2424170366,0,-25.0696300624,0.0,33.4651565552,0.7771449144,0.0719716836,-0.213293976,1021.0,25.0197558594,0.2666338478,2524.8913301,0,6.5759878671
1e-05,0.5216249953,21.5934895833,15.559429884,0.1915368603,0.0246503706,0.0107606967,8.4612239583,8.40953125,21.620176877,0.748601585,0.5425660006,147,0.155443972,0.5252450334,21.5864583333,-1.2737603492,0.0043937343,0.5278833105,0.5418335144,-1.2723107019,5e-05,0.0002018229,0.0279831819,0.2353298397,21.482697042,0.5213096921,0.5456666837,0.040355281,0.6531432774,-0.1831664707,0.1094721419,0.1656980348,39892,0.1545315908,8.410912079,0.1796223958,8.448046875,0.5241542184,8.4442656636,1772302811.6698534,0.2140195179,0,-21.6091128158,0.0,33.4651565552,0.744685072,0.0696348613,-0.1822582079,1021.0,21.5449869792,0.2345066022,2524.8918298,0,6.9751901682
1e-05,0.5086989194,23.1641430664,14.6357953548,0.2314134729,0.0240154206,0.0102007778,8.0816666667,8.0378385417,23.1777608215,0.7414126574,0.5332276383,148,0.171700081,0.5084764128,23.0949641927,-1.1812997001,0.0025651519,0.5264603653,0.5322624664,-1.1859681628,5e-05,0.0001171875,0.0050886902,0.2489780919,23.02336858,0.5080805621,0.5333717247,0.0379218801,0.6667880621,-0.212970034,0.1089885275,0.156247257,39892,0.1711038143,8.0644358683,0.19765625,8.089375,0.509910124,8.0899895724,1772302811.6703532,0.2302405813,0,-23.175139976,0.0,33.4651565552,0.7407096685,0.0561101125,-0.2174074386,1021.0,23.1467195638,0.2487877167,2524.8923303,0,6.2594101636
1e-05,0.5091921972,22.4669567871,14.2903339863,0.1493492167,0.0226246483,0.010019904,8.016953125,7.9827864583,22.4675185944,0.7557277398,0.5335982459,149,0.1844256713,0.5097005233,22.4158805339,-1.181057291,0.0036571648,0.5147672018,0.5333206176,-1.1790736689,5e-05,0.0001692708,0.0505616106,0.2573391698,22.3410330314,0.5084084604,0.5443873216,0.036908052,0.6422769493,-0.2365643496,0.1050865229,0.1659203933,39892,0.1853690511,8.0023088646,0.1958463542,8.0397916667,0.509123568,8.0332318036,1772302811.6703532,0.2170586293,0,-22.4768306569,0.0,33.4651565552,0.7538365643,0.0736819802,-0.234462126,1021.0,22.4439520264,0.2572952548,2671.0711585,0,6.8276620507
1e-05,0.4929094798,25.7844710286,14.2934408188,0.2087213399,0.0252336546,0.0100403905,8.7167447917,8.6268229167,25.8113802085,0.8700359662,0.5253275277,150,0.1999096708,0.4931185243,25.7670865885,-1.0095692259,0.0038909771,0.5054760414,0.5246426504,-1.0147137159,5e-05,0.0001757812,0.0323611512,0.3092301658,25.6791611818,0.4914445188,0.5342146643,0.0369335485,0.6617357993,-0.2867393525,0.1137392415,0.2191881465,41690,0.1997308925,8.6402153786,0.2348697917,8.6608072917,0.4923735633,8.6885471825,1772302957.8579383,0.2500302601,0,-25.7935703306,0.0,132.1255493164,0.869281084,0.0727437584,-0.2844887128,1797.0,25.7361393229,0.3094994318,2671.0716583,0,7.48058423
1e-05,0.5222461862,18.3656355794,14.3398113251,0.1233007472,0.0212092231,0.0100011563,6.9165364583,6.878203125,18.3802194638,0.6901868886,0.550252649,151,0.1170925743,0.5259798549,18.3439941406,-1.4022766232,0.0018285824,0.5382858118,0.5515811879,-1.399240035,5e-05,8.46354e-05,0.0584912817,0.2566680381,18.270837963,0.5220899809,0.5485810234,0.0371384255,0.6377672782,-0.2211006619,0.0937395125,0.1450333905,41690,0.1169093132,6.9154410934,0.1386328125,6.9384114583,0.5271066142,6.9361383136,1772302957.8589385,0.1789000042,0,-18.379351898,0.0,132.1255493164,0.6992404098,0.0722551002,-0.2220853104,1797.0,18.3312325033,0.2547682896,2671.0721585,0,6.1818001411
1e-05,0.5303435316,16.7135620117,14.3137702942,0.1229256897,0.0214030702,0.0100122102,6.8236197917,6.7613541667,16.7434989795,0.662786611,0.5553117499,152,0.1160267832,0.5368383126,16.6700065104,-1.480359958,0.001620453,0.5471083027,0.5553600064,-1.4739414343,5e-05,7.16146e-05,0.0574077944,0.2478219165,16.6455559014,0.5290588201,0.5504554125,0.0370354168,0.6376906854,-0.1889664287,0.0922354464,0.1711425745,41690,0.1167164044,6.7970223033,0.1190950521,6.8261458333,0.5378609057,6.8225371909,1772302957.8594387,0.1636719635,0,-16.7225256071,0.0,132.1255493164,0.6670235386,0.0732641994,-0.1902132657,1797.0,16.6995523071,0.249197662,2671.0726584,0,6.8794692371
1e-05,0.5243219547,18.0578678385,14.436599493,0.1257137148,0.0222825633,0.009948322,7.3590104167,7.33453125,18.1015704163,0.6917935154,0.5524057859,153,0.1085209066,0.5329502871,18.0285854594,-1.4107865016,0.0035098509,0.5375374901,0.5525777369,-1.4107758989,5e-05,0.0001627604,0.0531379428,0.2525794585,17.974577927,0.5271584743,0.5496065669,0.0373636158,0.633557454,-0.1902831597,0.0979418257,0.1526510502,41690,0.1072383442,7.3543003086,0.1393164062,7.3947395833,0.5339041486,7.3711849384,1772302957.8599386,0.1799797861,0,-18.0704122344,0.0,132.1255493164,0.6910719026,0.0727054556,-0.1885418812,1797.0,18.0181656901,0.2482764359,2671.0731583,0,6.5192709953
1e-05,0.4992211141,23.5555566406,14.4938983917,0.2215538894,0.0238286031,0.0105284707,7.796328125,7.7545572917,23.6062478068,0.7645025536,0.5316441512,154,0.1487314619,0.5043767777,23.5366463216,-1.1477524932,0.0016812685,0.521782135,0.5317883906,-1.1511658257,5e-05,7.8125e-05,0.0169851221,0.28629674,23.4453302277,0.5011478094,0.530433728,0.0371461391,0.6644182545,-0.2378218802,0.1075420214,0.1604398835,41690,0.1493591611,7.7868524377,0.2055338542,7.8068229167,0.5039831419,7.8018985637,1772302957.8599386,0.2331843903,0,-23.5721085583,0.0,132.1255493164,0.7601505865,0.0613315711,-0.2395193454,1797.0,23.5306152344,0.2859548835,2671.0731583,0,6.8781773517
1e-05,0.5157370148,20.9010559082,14.5713989735,0.1960750176,0.022797041,0.0102622906,7.6535677083,7.6068229167,20.9483930523,0.7069965416,0.5399727472,155,0.1537832244,0.5168297309,20.8693880208,-1.2759454821,0.0027124659,0.5333878332,0.5389507848,-1.2778399691,5e-05,0.0001236979,0.0222718028,0.2465171401,20.800458421,0.514708812,0.5366648029,0.0376349052,0.6536658633,-0.2104695782,0.1036308362,0.1556137734,41690,0.1521600715,7.6336000319,0.1746614583,7.6500260417,0.5165963278,7.653406196,1772302957.8604386,0.2100995253,0,-20.9157971584,0.0,132.1255493164,0.7077446641,0.0669721232,-0.2099740189,1797.0,20.8862207031,0.2491310188,2671.0736587,0,6.6099593963
1e-05,0.5093358129,24.072734375,14.3073723316,0.1772928781,0.0215143902,0.010184718,8.4147395833,8.343046875,24.1058484198,0.7575183447,0.5316649487,156,0.1697087708,0.5059308968,23.9948014323,-1.15349426,0.0030679092,0.5109093845,0.5316470249,-1.1507917255,5e-05,0.0001432292,0.0378807489,0.2449438796,23.9541087709,0.5091953641,0.5431132681,0.0368836244,0.6500127522,-0.2239250376,0.1096710783,0.1882628629,44049,0.1705793011,8.3575096917,0.2119010417,8.380390625,0.5073058347,8.3822411056,1772302957.860939,0.2363004521,0,-24.0759437225,0.0,135.8220977783,0.7576563901,0.0679212556,-0.2236620165,1984.0,24.0504166667,0.2475902938,2671.0741582,0,7.9956458642
1e-05,0.5073566476,23.3016064453,14.4448435307,0.1609566732,0.0259328427,0.0104512676,8.1758333333,8.118984375,23.2904866664,0.7722713024,0.5328860922,157,0.1720795747,0.5080748691,23.2292777507,-1.148615944,0.0032152231,0.5109068565,0.5315822917,-1.1503023259,5e-05,0.0001497396,0.0566050525,0.2630832315,23.1622781938,0.5080088276,0.5424086032,0.0370635589,0.6490911633,-0.2261238966,0.106468192,0.1805117101,44049,0.1716054656,8.1709614086,0.2059114583,8.1620572917,0.5082448503,8.2054661429,1772302957.8614385,0.2246509734,0,-23.3178826283,0.0,143.2151947021,0.7689633779,0.0750161319,-0.2242674389,2358.0,23.3018717448,0.2662792,2671.0746592,0,7.0000746135
1e-05,0.4986900184,24.4291861979,14.4327321053,0.1780727167,0.0237480298,0.0100293684,8.561015625,8.5346875,24.4016905794,0.8228557184,0.5311147521,158,0.182822863,0.504939344,24.3705826823,-1.0890638,0.0038652942,0.5083301872,0.5293440507,-1.0846510186,5e-05,0.0001822917,0.0404510078,0.297246984,24.2601913824,0.4994788006,0.5453212145,0.0374043862,0.6463482712,-0.2369852068,0.1099119214,0.1701106152,44049,0.1839453751,8.5378980919,0.2156510417,8.60890625,0.505988727,8.5792719591,1772302957.8614385,0.2390462554,0,-24.441603926,0.0,143.2151947021,0.8260479744,0.061030865,-0.2383607236,2358.0,24.4036621094,0.2980288813,2671.0751588,0,7.0941334254
1e-05,0.5116268873,21.5798033651,14.4236972332,0.1945823156,0.0217586768,0.0103101039,7.8604427083,7.811953125,21.5974028432,0.7540348216,0.5367787382,159,0.175792036,0.5148160906,21.5425032552,-1.2252466422,0.0028340968,0.5277152208,0.5360116197,-1.2234962688,5e-05,0.0001367188,0.0329501574,0.2654377324,21.4707973416,0.511356752,0.5393981166,0.0370422792,0.6569460446,-0.2299026216,0.1041361221,0.1584261903,44049,0.1758145703,7.8272232441,0.1796614583,7.8603645833,0.5143740507,7.866811982,1772302957.8619394,0.213245154,0,-21.5904597828,0.0,143.2151947021,0.7528947028,0.0613541123,-0.2303600243,2358.0,21.5465266927,0.2670495119,2818.7466988,0,6.9464479477
1e-05,0.5363404865,16.1522639974,14.443656683,0.1254614899,0.0213909331,0.0102036341,6.8694010417,6.8266145833,16.1906548613,0.633220495,0.5563718637,160,0.122124952,0.5396513475,16.1186376953,-1.5041770899,0.0028084139,0.5501413306,0.5547048547,-1.5022572164,5e-05,0.0001432292,0.0394114368,0.2196696332,16.0850250572,0.5361958348,0.5492836396,0.0373084458,0.6407099541,-0.1783422802,0.0917741419,0.1440066997,44049,0.1205751287,6.8530168076,0.1121875,6.8773958333,0.539586002,6.8828599302,1772303105.5428252,0.1635187985,0,-16.1667643688,0.0,143.2151947021,0.6347916682,0.0573942043,-0.1794122901,2358.0,16.1306119792,0.2187122408,2818.7481582,0,6.4619292461
1e-05,0.5049226669,22.3094514974,14.2493271828,0.1658054616,0.0237503497,0.0098456454,7.8759114583,7.8241927083,22.3228302805,0.7802554804,0.5344501597,161,0.1669171248,0.5068469666,22.2623266602,-1.1558556944,0.0036571648,0.5162922334,0.5320550172,-1.1557420707,5e-05,0.0001692708,0.0507610814,0.2786612991,22.2049507697,0.5065696278,0.5434439553,0.036962297,0.6430946436,-0.2468852582,0.1056281375,0.1700390972,44049,0.1681013833,7.8506625756,0.1934505208,7.8742708333,0.5072113556,7.8892166416,1772303105.5428252,0.2176454538,0,-22.3253171585,0.0,143.2151947021,0.7795016353,0.0669565041,-0.2481348073,2358.0,22.2792838542,0.2766504801,2818.7486617,0,7.1259093904
1e-05,0.5135709129,21.0801057943,14.1633477211,0.2035574346,0.0233855262,0.0100357342,8.3044010417,8.2620833333,21.128404777,0.8223631255,0.5420862636,162,0.1523905322,0.513508352,21.0351639811,-1.2146285007,0.0043680514,0.5349960276,0.5416092142,-1.2137844874,5e-05,0.0002083333,-0.0061345602,0.2875243156,20.9859013931,0.5141560089,0.5448529165,0.0365201497,0.6533370803,-0.2643241358,0.1083224839,0.1528298749,44049,0.1544382145,8.2723535148,0.1717578125,8.2934375,0.5158976152,8.3148271406,1772303105.5442846,0.2169021104,0,-21.0967638321,0.0,143.2151947021,0.82514402,0.0486396762,-0.2677255014,2358.0,21.0541927083,0.2826177135,2818.7491618,0,6.567684931
1e-05,0.4990989259,23.1412272135,14.2914824486,0.1765083476,0.025806687,0.0102682114,7.63765625,7.5737760417,23.1612254646,0.7931822904,0.5280950942,163,0.1608364733,0.493697095,23.094469401,-1.1024919816,0.0021840257,0.5153210074,0.5311900829,-1.0970822414,5e-05,0.0001041667,0.0539957941,0.2844550575,23.0433552477,0.4994458962,0.5360562378,0.0366563535,0.6569164068,-0.2790253183,0.1034248384,0.1758512029,45815,0.1622776116,7.5900987327,0.2022135417,7.6308854167,0.4952611265,7.6230743003,1772303105.5447881,0.2222885556,0,-23.1454944104,0.0,139.5431671143,0.796465278,0.0582073763,-0.2816503635,1962.6666666667,23.0752392578,0.2845282198,2818.7496613,0,7.7202837066
1e-05,0.5084916886,22.7135546875,14.4609959126,0.1707645703,0.0258025475,0.010184919,7.926015625,7.8497395833,22.7526312764,0.7813047451,0.5351448438,164,0.1404807748,0.5035043367,22.6877669271,-1.1504934845,0.0023921551,0.51832042,0.5348436992,-1.1553371471,5e-05,0.0001171875,0.047790328,0.2728770251,22.6339944099,0.5069357996,0.542862237,0.0373981229,0.6478423142,-0.2610832715,0.1034618656,0.1771187229,45815,0.1392300255,7.8730705921,0.193515625,7.87484375,0.5028006173,7.9160187348,1772303105.545288,0.2209161837,0,-22.7270053812,0.0,137.7071533203,0.7833241964,0.0576781515,-0.2606203653,1765.0,22.6746158854,0.2711872978,2818.7501611,0,7.0589755839
1e-05,0.5314498848,17.8299544271,14.3607430458,0.1497151355,0.0243046744,0.0100332673,7.4283333333,7.348046875,17.8462656581,0.6803893221,0.5518242228,165,0.1071716581,0.5318557941,17.7731237793,-1.4110110253,0.0019758963,0.5439946319,0.5516082404,-1.4129561867,5e-05,9.11458e-05,0.0399213557,0.2277397209,17.7256083268,0.5311986153,0.551092936,0.0371326685,0.64478329,-0.2073887929,0.0961260472,0.1732790907,45815,0.1105011166,7.3776968841,0.1309765625,7.3935416667,0.5324613536,7.408732276,1772303105.5457878,0.1802025209,0,-17.8429986244,0.0,137.7071533203,0.6828777356,0.0476723245,-0.2052738662,1765.0,17.8148893229,0.2309232385,2818.7501611,0,7.54160152
1e-05,0.5149553825,20.8853841146,14.5249300003,0.1789784927,0.0222134376,0.0103075798,8.0040885417,7.9455208333,20.8955884509,0.7359410488,0.5411342847,166,0.1280223945,0.5188459557,20.8353808594,-1.2432311355,0.0032152231,0.529671331,0.5400281534,-1.2435311651,5e-05,0.0001497396,0.0355403133,0.2526878938,20.7517755226,0.5167146777,0.5434722186,0.0373869236,0.646715369,-0.2202669563,0.1050511486,0.1627532994,46497,0.1323495455,7.9869913916,0.1762630208,7.9925520833,0.5172971145,8.0099986462,1772303105.5462875,0.2103895823,0,-20.8896563175,0.0,107.3262405396,0.7343555532,0.0675750274,-0.2201772548,1403.6666666667,20.8608040365,0.248929876,2818.7506612,0,6.643144984
1e-05,0.5287725802,18.8392675781,14.3518664837,0.09082585,0.0224043475,0.0100650303,7.4958072917,7.4671614583,18.8665689438,0.6696874285,0.549268043,167,0.1045994138,0.5293297823,18.8223502604,-1.3563265478,0.0034490354,0.5265134884,0.5479900497,-1.3594112096,5e-05,0.00015625,0.0883847644,0.2118615346,18.761915859,0.5288435438,0.5564679193,0.0371427647,0.6251949515,-0.1910242494,0.0978399212,0.1572964855,46497,0.1042827023,7.4813680577,0.1518880208,7.526875,0.5309308716,7.5108559493,1772303105.5467875,0.1833885121,0,-18.8548923259,0.0,46.564414978,0.6708836519,0.0822173061,-0.1927891744,681.0,18.8022460938,0.208574086,2818.7511623,0,6.846061426
1e-05,0.5425240243,15.1097460937,14.9505808353,0.0936019948,0.0221342065,0.0102312541,6.5334895833,6.4614583333,15.1472931006,0.5470810743,0.5579551097,168,0.0660111449,0.5442759547,15.0620247396,-1.5657317636,0.0009446989,0.5488011211,0.5585119797,-1.5651815585,5e-05,4.55729e-05,0.0662343724,0.1784197101,15.0315843215,0.5439222018,0.5553750775,0.0389313022,0.6279361147,-0.1378568831,0.0865617539,0.1529796925,46497,0.0688539933,6.494666338,0.1026953125,6.5030208333,0.5449117175,6.5110488315,1772303105.547289,0.1548638173,0,-15.125495454,0.0,46.564414978,0.5477239227,0.0596586322,-0.1336027211,681.0,15.1103417969,0.1797210927,2818.751662,0,6.7923002489
1e-05,0.5334496461,17.4749348958,15.337677002,0.142498308,0.0219380153,0.0105947804,7.3309114583,7.2815625,17.4801004012,0.6560538804,0.552158251,169,0.1159216966,0.5336262102,17.47234375,-1.414476013,0.0029205952,0.543956216,0.551692413,-1.4145341333,5e-05,0.0001367188,0.0341785451,0.211577835,17.3453055276,0.5342192301,0.5485923542,0.0398103587,0.6421843922,-0.1812588332,0.0964632807,0.1483966954,46497,0.1146132706,7.3032118471,0.1334375,7.3286197917,0.5343260222,7.3246810031,1772303105.547289,0.1793408465,0,-17.4832621842,0.0,46.564414978,0.6562409943,0.0565821199,-0.1813350339,681.0,17.4115429687,0.209768096,2968.2754932,0,6.3983928299
1e-05,0.5469402006,14.806167806,15.2418916225,0.0731114396,0.0227949247,0.0102879079,6.713125,6.673671875,14.828384789,0.5851704512,0.5577476714,170,0.1166525998,0.5478423823,14.7901790365,-1.5559105764,0.0013866407,0.5475313345,0.5575451665,-1.5572110937,5e-05,6.51042e-05,0.0732313152,0.1764682774,14.7267925956,0.5468353985,0.5595125314,0.0397773258,0.6265050141,-0.1549259147,0.0867067143,0.1451787318,47263,0.1183433982,6.7008094951,0.1015755208,6.7253645833,0.5470447687,6.7267545744,1772303255.079903,0.1486254924,0,-14.8227489418,0.0,42.9373970032,0.5826856838,0.0614975813,-0.1538677196,765.0,14.7896508789,0.1760699427,2968.2759929,0,6.9341748216
1e-05,0.5484191533,14.7108984375,15.4153165817,0.1047789603,0.0206125896,0.0102288278,6.7061458333,6.66296875,14.7408562374,0.5897263812,0.5599769175,171,0.1271004425,0.5473845084,14.7279361979,-1.5793324435,0.0015947701,0.5567758649,0.5597945537,-1.5772038656,5e-05,7.8125e-05,0.0591459283,0.1773420099,14.6343095712,0.5452268995,0.556469691,0.0403562737,0.6344271431,-0.173275616,0.0871705491,0.1552937435,47263,0.1250035458,6.7195561552,0.092265625,6.7329166667,0.5487071392,6.7505716995,1772303255.0810764,0.1501892757,0,-14.7304261585,0.0,42.9373970032,0.5904597901,0.0592956796,-0.1699346261,765.0,14.6657291667,0.1774808482,2968.2764927,0,6.9631662609
1e-05,0.5100597712,22.2018489583,15.0707828999,0.1783751729,0.0243781001,0.0102139815,7.727421875,7.668125,22.243647687,0.7220127123,0.5284482797,172,0.1819323078,0.5033989059,22.1852929688,-1.1573264047,0.0021232102,0.5190073432,0.5295488082,-1.1539144299,5e-05,9.76562e-05,0.0529992488,0.2299048418,22.1055636919,0.5087610025,0.5410957646,0.0393879986,0.6495298749,-0.2411279848,0.1036991794,0.1760398167,47263,0.1830103604,7.6873929246,0.1945442708,7.7311197917,0.5044825671,7.7129740131,1772303255.0810764,0.2209176674,0,-22.21637233,0.0,42.9373970032,0.725774764,0.0649656129,-0.2368691152,765.0,22.1221875,0.2322295422,2968.2769929,0,7.4444225556
1e-05,0.503496222,23.8143815104,14.9644889832,0.1919120832,0.0232617067,0.010028983,8.3671614583,8.327109375,23.8350023866,0.7927182775,0.522705572,173,0.1846672916,0.500694985,23.7647591146,-1.0726934501,0.0031544076,0.5100725285,0.525578067,-1.0667015489,5e-05,0.0001432292,0.0517246912,0.2615807881,23.679879999,0.5040375214,0.538728754,0.0389981206,0.6522967257,-0.2585241924,0.1105604159,0.1984536944,47263,0.1877284197,8.3624394643,0.2158203125,8.4116927083,0.4996236156,8.384071418,1772303255.0815763,0.2355082141,0,-23.8235577645,0.0,42.9373970032,0.7920508026,0.051358277,-0.257319559,765.0,23.7824609375,0.2608402706,2968.2769929,0,7.7847336467
1e-05,0.5299762628,17.1326822917,14.3349449635,0.1195441885,0.0212778325,0.0098364671,6.8891145833,6.829296875,17.164739174,0.6165279875,0.5513485512,174,0.1258212301,0.5293738071,17.1096549479,-1.4408605607,0.0015339546,0.541276488,0.5494920722,-1.4419295748,5e-05,7.16146e-05,0.0637966507,0.2110000414,17.0406267935,0.5300627342,0.5504780163,0.0372447364,0.6375318646,-0.1875740711,0.0905295433,0.1536858138,47263,0.1244144611,6.8521690472,0.1266666667,6.8839583333,0.5291453738,6.8734893282,1772303255.0820768,0.1732656057,0,-17.1444780626,0.0,42.9373970032,0.6164983823,0.0514246944,-0.1871210784,765.0,17.1129296875,0.2083302966,2968.2786823,0,6.79963096
1e-05,0.5145867422,20.3828255208,14.2659389973,0.1538793636,0.0232637301,0.0098634148,7.7848177083,7.7273697917,20.409591701,0.7418220763,0.5401305567,175,0.1581936479,0.5146840717,20.3574967448,-1.2293856025,0.0031895401,0.5234747876,0.5376225383,-1.2253271306,5e-05,0.00015625,0.050702909,0.2501509609,20.2748447511,0.51442363,0.5451781555,0.0370279948,0.6460501097,-0.2345042928,0.1019779373,0.1753405033,47263,0.1571038936,7.7777716605,0.1734244792,7.7846875,0.5156340137,7.8009940302,1772303255.0827622,0.2031929903,0,-20.3972784032,0.0,42.9373970032,0.7446904026,0.0657790768,-0.2364285524,765.0,20.3293164063,0.2524891908,2968.2796851,0,7.6399947305
1e-05,0.5274685037,18.9224609375,14.6035251617,0.1471792404,0.0212663323,0.0102764773,7.6669791667,7.6190104167,18.9231718753,0.6998240809,0.5483368347,176,0.1422158755,0.5283625944,18.8741080729,-1.3374418771,0.0026516504,0.5378905458,0.5456816273,-1.3415605434,5e-05,0.0001171875,0.045948117,0.2176743557,18.7871232504,0.5287360955,0.5520342637,0.0376350451,0.6413169551,-0.2089315227,0.0995555387,0.1645094477,47263,0.1443535042,7.6336535088,0.1492838542,7.6601302083,0.527938263,7.6641552778,1772303255.083766,0.1927907159,0,-18.9330537122,0.0,42.9373970032,0.6908466733,0.0563510894,-0.2110682026,765.0,18.9075390625,0.2194990914,2968.2796851,0,7.1106741997
1e-05,0.5063275095,22.4252408854,14.385361433,0.192039253,0.0215795685,0.0101024119,8.3981510417,8.3573697917,22.4372986587,0.7747594671,0.5329268079,177,0.1726163705,0.5105837402,22.4012825521,-1.1371702284,0.004185605,0.5193995394,0.5315475732,-1.1397689994,5e-05,0.0001888021,0.0251221633,0.2646871784,22.2742503175,0.5073599292,0.5445797631,0.0372082599,0.6505403115,-0.2295138414,0.1092694213,0.1502903613,47263,0.1753183099,8.3630222066,0.1987630208,8.4034375,0.5091014103,8.3818658833,1772303255.084769,0.22648052,0,-22.4347017266,0.0,42.9373970032,0.7722831777,0.0618997521,-0.2241600384,765.0,22.3736979167,0.265161155,2968.2801887,0,6.3226511695
1e-05,0.5231852164,19.2156770833,14.1819388866,0.1417296091,0.0223722001,0.0100607689,7.4436197917,7.3922135417,19.2494293791,0.6491792699,0.5451050776,178,0.1074388786,0.5246327359,19.2005273438,-1.3394751438,0.0012393268,0.5332854875,0.5451891321,-1.340169186,5e-05,5.85938e-05,0.057245096,0.2222408774,19.1146266105,0.5234016507,0.546261573,0.0365969857,0.6451619335,-0.1766538263,0.096605603,0.1568369374,47263,0.1071903964,7.4263224061,0.1547265625,7.4586458333,0.5256857305,7.4466147153,1772303255.0852726,0.192085932,0,-19.2260789917,0.0,42.9373970032,0.64667281,0.0645032872,-0.1763004401,765.0,19.1601708984,0.2231344016,2968.281189,0,7.3871919938
1e-05,0.5179372573,20.5573111979,14.4148108959,0.1495526636,0.0214595092,0.0099206312,7.7328125,7.686171875,20.5598406974,0.6968550155,0.5382805711,179,0.1209191014,0.5166433138,20.5319596354,-1.2568524228,0.0024786535,0.5286124502,0.5398985901,-1.2570873998,5e-05,0.0001171875,0.0498652287,0.2341418635,20.4223821257,0.5186849157,0.5472614253,0.0374742389,0.6453738481,-0.2057836524,0.1018723907,0.1774561164,47263,0.1210697528,7.7413416088,0.1734635417,7.73828125,0.5173804334,7.7678437285,1772303255.085773,0.2056299559,0,-20.5732096764,0.0,42.9373970032,0.7033524276,0.0590500068,-0.2064577599,765.0,20.5221028646,0.2288386461,3115.6060095,0,7.7679778063
1e-05,0.510670088,22.7809570313,14.4846336842,0.1771881886,0.0236732941,0.0100701912,8.1974739583,8.1405208333,22.8041102078,0.7393546563,0.5316680158,180,0.1393799137,0.5069640454,22.7534440104,-1.1390394616,0.0031287246,0.5181830525,0.5333838513,-1.1435607322,5e-05,0.0001497396,0.0456027529,0.2395186943,22.665848761,0.5098313687,0.5384225959,0.0374824452,0.6537897638,-0.2314692708,0.1070517055,0.1823435452,50310,0.1406286178,8.1495177686,0.20015625,8.2023958333,0.5067456643,8.1811379647,1772303402.4177527,0.2255604749,0,-22.8023581306,0.0,135.2926330566,0.7415322546,0.0608144363,-0.2287002169,3046.0,22.7369628906,0.2382068386,3115.6065136,0,7.4693840935
1e-05,0.5327534739,18.2181608073,14.3126795292,0.1404314402,0.0211177455,0.0100160011,7.6879166667,7.6550520833,18.2172542497,0.6721097568,0.5502992364,181,0.1371610761,0.5341090335,18.2185449219,-1.3893517437,0.0030070937,0.5401967349,0.5497195737,-1.3860255774,5e-05,0.0001367188,0.0378874954,0.2048133295,18.0908883833,0.5337115427,0.554436876,0.03704621,0.6404428852,-0.1752403524,0.0977880252,0.147766944,50310,0.1395426166,7.6686583583,0.138828125,7.6977083333,0.5336315541,7.7084733748,1772303402.4192615,0.187211864,0,-18.2376423856,0.0,135.2926330566,0.6742360493,0.0527636721,-0.1735228055,3046.0,18.1752832031,0.2035872888,3115.6070131,0,6.5021523829
1e-05,0.5276035974,17.630859375,14.5265901089,0.1159962156,0.020545181,0.0100322636,7.3126041667,7.2515885417,17.6494149143,0.6428508908,0.5452691099,182,0.1493860478,0.5324069684,17.5757291667,-1.3777233976,0.0031895401,0.5388038123,0.5448397561,-1.3792793816,5e-05,0.00015625,0.0545975141,0.2199083061,17.5188151447,0.5286713976,0.5517235535,0.0377290718,0.6346079562,-0.1415696342,0.0959068866,0.1487939774,50310,0.1467387011,7.2705329641,0.1411197917,7.28234375,0.5319302653,7.2895173037,1772303402.4197612,0.1819166393,0,-17.6422910957,0.0,135.2926330566,0.6432509366,0.0567357368,-0.1394542444,3046.0,17.619609375,0.2221641516,3115.6078185,0,6.9025658386
1e-05,0.5330884479,17.8171679687,14.5765480995,0.1286912593,0.0216497997,0.0100424679,7.5026041667,7.4630989583,17.8357694646,0.6355959773,0.5467584435,183,0.1278178701,0.5345553525,17.7615608724,-1.3975180018,0.0028340968,0.538361495,0.5477870252,-1.3933315609,5e-05,0.0001367188,0.059218133,0.1946557766,17.7014627318,0.5326041447,0.5513939983,0.0378412056,0.6347161742,-0.1390157403,0.0971717423,0.1482351257,50310,0.130804294,7.4815362672,0.14015625,7.5219791667,0.5342444473,7.509388783,1772303402.4202623,0.1847081634,0,-17.8322087761,0.0,135.2926330566,0.6364142542,0.0600111609,-0.1407785838,3046.0,17.7975390625,0.1961903445,3115.6078185,0,6.6922321614
1e-05,0.5175154747,20.1184765625,14.5817224979,0.135213195,0.0228618103,0.0101063879,7.356015625,7.3081119792,20.1402045268,0.6749142184,0.5360392302,184,0.154708597,0.5195805543,20.0855078125,-1.2608683286,0.0016812685,0.5263437527,0.5370423319,-1.2620667974,5e-05,7.8125e-05,0.0682798762,0.2302747424,20.0403767014,0.5168298905,0.5475603592,0.037817835,0.6401534784,-0.171276278,0.0977695903,0.1612077496,50310,0.1533716527,7.3341684167,0.1680078125,7.3614322917,0.5192189954,7.3776586628,1772303402.4205666,0.1984803046,0,-20.1274567568,0.0,135.2926330566,0.6781010116,0.0700838049,-0.1738311143,3046.0,20.0758398437,0.2298409393,3115.6085141,0,7.248859451
1e-05,0.5279790713,16.7399641927,14.6164665222,0.1154682189,0.0217229708,0.0100882212,7.0179427083,6.963828125,16.7848864188,0.6476893215,0.5507768587,185,0.113220612,0.5354488075,16.7182486979,-1.4176201592,0.0028340968,0.5417869107,0.5509211355,-1.4205652368,5e-05,0.0001367188,0.0583989369,0.2378212848,16.6841406976,0.5290578807,0.5519721525,0.0379347761,0.6338542084,-0.1423142598,0.0938518487,0.1598481432,50310,0.1106085644,7.0022144584,0.1279427083,7.0215364583,0.535260207,7.0379443614,1772303402.4205666,0.1713753213,0,-16.7501651505,0.0,135.2926330566,0.645764765,0.0658876214,-0.1429728771,3046.0,16.6989192708,0.2372366853,3115.6090136,0,7.3323842227
1e-05,0.5257226024,18.2838004557,14.5914912224,0.1151291621,0.0222304224,0.0101644508,7.6549869792,7.6087239583,18.2790125596,0.7112290957,0.5467727137,186,0.1341956785,0.5352714849,18.2580696615,-1.3352402842,0.0031544076,0.5361768167,0.5465536125,-1.3358870244,5e-05,0.0001432292,0.0568012473,0.2477962257,18.160266286,0.5259046994,0.5537419819,0.037728587,0.6368882573,-0.1560030654,0.0980269701,0.1961753369,52757,0.1311184374,7.6383867264,0.1454166667,7.6826432292,0.5340224028,7.6756322817,1772303402.421262,0.1854432753,0,-18.2925789851,0.0,146.1681671143,0.7149215777,0.0617317749,-0.1603536406,2846.0,18.2154931641,0.2477823933,3115.6090136,0,7.7762713302
1e-05,0.5076399443,21.4304492187,14.1848161221,0.1943995726,0.0220835576,0.0100400813,7.68125,7.63015625,21.4434232083,0.7330642965,0.5320163921,187,0.1486084846,0.5100140661,21.3791145833,-1.1584514978,0.0020975273,0.5269571186,0.5329103691,-1.1576812196,5e-05,0.0001041667,0.0352527549,0.2597327915,21.3013382697,0.5069409449,0.5373209002,0.0365910983,0.6588807509,-0.2032984953,0.104102652,0.1690907555,52757,0.1476761506,7.6652995006,0.1881640625,7.6813020833,0.5100139507,7.6889251955,1772303402.4217615,0.214810964,0,-21.4416585199,0.0,167.9192352295,0.7303487275,0.0531850447,-0.203149907,2446.0,21.4051497396,0.2636279563,3115.6090136,0,6.7026792882
1e-05,0.5207818304,17.9752317301,14.2652900219,0.0993365787,0.0211763481,0.0100441941,6.9952864583,6.9276171875,17.9869457447,0.664836268,0.5450556555,188,0.1009185553,0.5274642659,17.9568017578,-1.3397471416,0.0020367118,0.5327989184,0.5440377325,-1.3416201504,5e-05,9.76562e-05,0.0721133297,0.2430122323,17.8605614583,0.5219161167,0.5523021671,0.0368846226,0.62866491,-0.1433941022,0.093774937,0.1716723516,52757,0.0998974186,6.9570003259,0.1481119792,6.9734635417,0.526988333,6.973164829,1772303402.4217615,0.1820455068,0,-17.9939135712,0.0,167.9192352295,0.6609716044,0.0679306245,-0.1431034393,2446.0,17.9652449544,0.2449442989,3115.610016,0,6.8911508451
1e-05,0.517698632,18.5526949056,14.3001384735,0.1108338502,0.0214656889,0.0099815671,7.1445833333,7.0906380208,18.5828803808,0.6665624435,0.5417559585,189,0.0974570024,0.5247607151,18.5122932943,-1.3184104884,0.0021232102,0.5312085654,0.5425506705,-1.3173804484,5e-05,9.76562e-05,0.0647807825,0.2463366204,18.4703298471,0.5193746572,0.5469656818,0.0369928455,0.6379934049,-0.1441092813,0.0941182639,0.1658203949,52757,0.1015141578,7.1357957582,0.1519921875,7.158125,0.5249812707,7.1608506489,1772303402.422764,0.1820857216,0,-18.564664807,0.0,167.9192352295,0.6653989053,0.0539552188,-0.1455631829,2446.0,18.506813151,0.2471047554,3266.1900655,0,6.879750852
1e-05,0.5238966175,18.9284529622,14.321574688,0.138440756,0.0223892989,0.0104200371,7.52984375,7.4719791667,18.9384036368,0.6911903577,0.5446717412,190,0.0865020257,0.5273340067,18.8887890625,-1.3143326608,0.0025043365,0.5355487127,0.5446410422,-1.3103009446,5e-05,0.0001106771,0.0514313678,0.238202679,18.8013959568,0.5230588776,0.5503757101,0.0366701333,0.6390457124,-0.1479113547,0.0978456359,0.1497568647,53832,0.085077452,7.4993483806,0.1533333333,7.5036979167,0.5269643726,7.5240011223,1772303553.0076866,0.1917315994,0,-18.9425374198,0.0,34.1037101746,0.6952264736,0.0626707434,-0.1472143303,552.0,18.8834737142,0.2391210624,3266.190566,0,6.502787959
1e-05,0.5399892619,14.3623205566,14.2514181137,0.0477954666,0.0201633683,0.0100967884,6.2808463542,6.2220833333,14.3904475244,0.5793960156,0.5583831901,191,0.0458167389,0.5474563083,14.323624471,-1.5493473621,0.0012393268,0.545494862,0.5584273104,-1.544852547,5e-05,5.85938e-05,0.1002089753,0.2013721419,14.2904118391,0.5400122036,0.5589941731,0.0368038909,0.6200876276,-0.1403642697,0.0832973992,0.1550359711,53832,0.0472960337,6.2716345286,0.0992317708,6.2868489583,0.5466379196,6.2916615973,1772303553.0081894,0.1433527656,0,-14.3793196643,0.0,34.1037101746,0.5798344151,0.060726334,-0.1386703245,552.0,14.3617252604,0.2004882638,3266.1915662,0,6.987400465
1e-05,0.540329967,15.2522709147,15.0094325542,0.0719476508,0.0203803881,0.0102506224,6.615703125,6.5717447917,15.2767442272,0.6210343137,0.5542125967,192,0.093710535,0.5376457611,15.2251871745,-1.4840997994,0.0017677669,0.5477909261,0.554611109,-1.4839565096,5e-05,7.8125e-05,0.0714339397,0.1924170699,15.1716599025,0.5391378518,0.5550923089,0.0390928491,0.6287715189,-0.1908970566,0.0869861728,0.1439718675,53832,0.0959404901,6.6069703869,0.108828125,6.6244791667,0.5373331768,6.6363414375,1772303553.0091908,0.1538499668,0,-15.2715893203,0.0,34.1037101746,0.6197655828,0.0554092845,-0.1914280178,552.0,15.2394547526,0.1969777692,3266.1925657,0,6.2578121863
1e-05,0.5234840016,18.393289388,15.5050871372,0.0897421735,0.0212333772,0.0106887531,7.3598697917,7.3026822917,18.389051545,0.7036093917,0.5429960178,193,0.1243535859,0.52531919,18.3559977214,-1.2950667767,0.0028597798,0.5300146674,0.5438402638,-1.3012157267,5e-05,0.0001302083,0.0807183067,0.2293832416,18.2799946715,0.5239026497,0.5532338009,0.0401984962,0.6305446476,-0.2108996839,0.0963622331,0.16939061,53832,0.126666593,7.3546001744,0.1503255208,7.3491666667,0.5242136137,7.3825309783,1772303553.0101898,0.1815472695,0,-18.4058341746,0.0,34.1037101746,0.7061865668,0.0682294265,-0.2065740671,552.0,18.3509985352,0.2266869549,3266.1930653,0,7.3243245325
1e-05,0.5332922804,15.9476074219,15.0644328594,0.0922822452,0.0217363844,0.0102006086,6.5834114583,6.525234375,15.9397331064,0.6333106853,0.5499437076,194,0.106384274,0.5324571299,15.9182389323,-1.4291661386,0.0015947701,0.5460332597,0.5511405822,-1.4316836121,5e-05,7.8125e-05,0.0726085682,0.2130103281,15.8323493644,0.5328047561,0.5531292639,0.0393049757,0.6339559625,-0.1911773588,0.0884378584,0.1458217907,53832,0.10769098,6.5528895084,0.1193359375,6.569296875,0.5320718855,6.579602319,1772303553.0106897,0.161003807,0,-15.9593367471,0.0,34.1037101746,0.6342095825,0.0537006895,-0.1913708455,552.0,15.9105924479,0.2126252621,3266.1935655,0,6.7174264389
1e-05,0.527828992,17.4643066406,15.3040006161,0.0944865079,0.0246028839,0.0106628911,6.8612239583,6.8053385417,17.4924677635,0.663342189,0.5446668763,195,0.1235937327,0.5251196287,17.4297151693,-1.3461985592,0.001620453,0.5377367415,0.5443783333,-1.3520706902,5e-05,7.16146e-05,0.0743156827,0.2172920814,17.390275193,0.5286557144,0.5497547861,0.0396181051,0.6346628342,-0.2071591424,0.0916017691,0.152455402,53832,0.1239499188,6.8552374601,0.1388411458,6.8758333333,0.5265052753,6.8846018279,1772303553.0111895,0.1724020233,0,-17.4775460611,0.0,34.1037101746,0.6609119536,0.0496802037,-0.2075351072,552.0,17.4350756836,0.2166409391,3266.1935655,0,6.8901241467
1e-05,0.5227523028,19.0844075521,15.1537601948,0.1446663133,0.0209768168,0.0103748067,7.5402734375,7.5057552083,19.1008409684,0.6820167462,0.5407556468,196,0.1343898141,0.5231252324,19.0504166667,-1.2665497712,0.0024786535,0.5349276037,0.5399284197,-1.2629737818,5e-05,0.0001171875,0.0392262825,0.2053524639,18.9713341403,0.5222382285,0.5480876852,0.0394814777,0.6434531538,-0.1925557617,0.1000516233,0.131998449,53832,0.1317698127,7.5168673531,0.1602213542,7.54796875,0.5223593981,7.5473869161,1772303553.0116894,0.1956685958,0,-19.0980263844,0.0,34.1037101746,0.6802598109,0.0512555248,-0.1941221736,552.0,19.047874349,0.205155793,3266.1940651,0,5.6123914055
1e-05,0.5478865343,14.2677360026,14.4619944096,0.0324695669,0.0206712799,0.0101391832,6.6519010417,6.595078125,14.2846886838,0.5744590926,0.5593341554,197,0.094283924,0.5474621017,14.2476839193,-1.5510947863,0.0023921551,0.5467097896,0.5583939856,-1.5548008543,5e-05,0.0001171875,0.089637368,0.1660341988,14.1918821881,0.547778125,0.5621850763,0.0374285976,0.6178835595,-0.154747443,0.0852915746,0.1343580927,53832,0.0947332509,6.6299493909,0.0975260417,6.6298567708,0.5482594775,6.6573488796,1772303553.0121891,0.1413088541,0,-14.2829323196,0.0,34.1037101746,0.5746012381,0.0539618707,-0.1538135292,552.0,14.2436653646,0.1644402461,3266.1945655,0,6.3254249996
1e-05,0.5255258723,19.1547998047,14.5640656948,0.1106039091,0.0209475073,0.0106992205,7.581171875,7.551796875,19.2033947191,0.7088627662,0.5405949153,198,0.1472789762,0.525419399,19.1003157552,-1.2782457497,0.0030935921,0.5296269256,0.5418538448,-1.2774605962,5e-05,0.0001367188,0.0552820201,0.2261612043,19.0563840155,0.5252102903,0.5532417828,0.0372174501,0.6315945995,-0.1878877896,0.099204756,0.1636988476,53832,0.1472573561,7.5777464787,0.1590104167,7.60734375,0.5248993202,7.5933387057,1772303553.0121891,0.1942618036,0,-19.1715890862,0.0,34.1037101746,0.7133263598,0.0634801907,-0.1869013974,552.0,19.1562011719,0.2259599932,3266.1950657,0,6.7824360893
1e-05,0.5493114388,13.8941984049,14.256860733,0.0617255257,0.0194870506,0.0101390258,6.5652604167,6.5343880208,13.9261029351,0.5665489857,0.5616432143,199,0.0942834907,0.5516456857,13.8682356771,-1.5825784926,0.0017677669,0.5555162302,0.5615059088,-1.5784840159,5e-05,7.8125e-05,0.0732090338,0.1675272643,13.8168744416,0.5497274033,0.5609610953,0.036783936,0.6263323847,-0.1524867441,0.0852581093,0.1156607976,53832,0.0930199471,6.5477714328,0.0910546875,6.5693359375,0.5501765713,6.5716331939,1772303553.0126896,0.1430787524,0,-13.9124865746,0.0,34.1037101746,0.5671698601,0.0594988281,-0.1529124685,552.0,13.8881070964,0.1664066173,3413.9176323,0,6.0476455099
1e-05,0.522223837,19.246965332,14.7995984554,0.1117325514,0.0211504895,0.0102640335,7.2600130208,7.2251041667,19.292825804,0.6802352139,0.5374975739,200,0.1320172485,0.517458119,19.1752457682,-1.2506751064,0.0030679092,0.5257450383,0.5368267016,-1.2499537822,5e-05,0.0001432292,0.0721531237,0.2132840068,19.1630794879,0.5218287021,0.5476887681,0.0383587344,0.636425609,-0.2111035518,0.0965737878,0.1555143442,56056,0.1318916122,7.2349314594,0.1638411458,7.2640104167,0.5172867267,7.2532334789,1772303700.740531,0.1919017518,0,-19.2629593712,0.0,179.1900177002,0.6814403373,0.0634726915,-0.2112100134,2223.0,19.2381119792,0.2166847272,3413.9181333,0,6.9422185757
1e-05,0.54156703,15.0112410482,14.3767769337,0.0959363317,0.0203196544,0.0100513109,6.3466666667,6.2974739583,15.0519309226,0.5532628206,0.5528869441,201,0.0788150318,0.5401382125,14.9713671875,-1.5067306399,0.0009446989,0.5489940556,0.5532311113,-1.509228727,5e-05,4.55729e-05,0.068246842,0.161046731,14.9225281662,0.5425157585,0.5546551126,0.0372263924,0.6286095734,-0.1701917089,0.0870357447,0.1355501552,56056,0.0809790982,6.3235912601,0.109296875,6.34484375,0.5378884235,6.3355454497,1772303700.7415314,0.1579314637,0,-15.0206724979,0.0,179.1900177002,0.5531387489,0.0693526768,-0.1695751614,2223.0,14.9773714193,0.1587599992,3413.9186333,0,6.2831814474
1e-05,0.5208141576,19.0127327474,14.6017050743,0.1188726319,0.0224435984,0.0102176444,7.0288541667,6.989921875,19.0355753418,0.6473295329,0.5378763853,202,0.1244949679,0.5176750129,18.9992167155,-1.2751056886,0.0011785113,0.5321161336,0.5372687683,-1.2742974379,5e-05,5.20833e-05,0.061393074,0.2052933799,18.91214692,0.5221896444,0.5443904596,0.0377907427,0.6436083329,-0.2058751836,0.0941768473,0.1554233364,56056,0.12536532,7.0236433144,0.1586328125,7.0465625,0.5179428154,7.0475560832,1772303700.7415314,0.1885034522,0,-19.0228996423,0.0,179.1900177002,0.6485438395,0.0479580325,-0.206674072,2223.0,18.9591178385,0.2038630511,3413.9186333,0,7.0422437674
1e-05,0.5191824672,20.0759002686,14.5440778732,0.1373283157,0.021091923,0.01010631,7.430703125,7.3947786458,20.1011126116,0.6942139754,0.5352818078,203,0.1607468515,0.5143981358,20.0683300781,-1.2148297882,0.001620453,0.5245213852,0.5349091914,-1.21090137,5e-05,7.16146e-05,0.0609645236,0.2011280601,19.9682170365,0.518141031,0.5466299513,0.0376531871,0.6410073433,-0.2216196142,0.0987072915,0.143189257,56056,0.1615806741,7.4202644916,0.1709114583,7.4268229167,0.5134372734,7.4458511273,1772303700.7420313,0.2021623037,0,-20.0939896796,0.0,179.1900177002,0.6952331595,0.0603898177,-0.2236378307,2223.0,20.0129394531,0.2063167188,3413.919329,0,6.1787713221
1e-05,0.544249772,15.0268522135,14.3506822586,0.0662617922,0.0193946074,0.0100250347,6.670703125,6.63546875,15.0606950631,0.6141090934,0.5526237167,204,0.1276140594,0.5389592111,14.9904996745,-1.4763153605,0.0021232102,0.5468914596,0.5524218771,-1.477615759,5e-05,9.76562e-05,0.0708697186,0.1510720772,14.9540323435,0.5441547286,0.5601317584,0.037159272,0.6222120376,-0.1943002304,0.0885671614,0.1300305448,56056,0.1285741901,6.6603866005,0.1108723958,6.69578125,0.5382294303,6.6920771646,1772303700.7427273,0.1569612067,0,-15.0368069054,0.0,179.1900177002,0.6105916372,0.0597173594,-0.1940716567,2223.0,15.0106201172,0.1504624718,3413.9198341,0,6.2111641996
1e-05,0.5456597786,15.1832128906,14.4543139935,0.0705896571,0.0225021338,0.0100580247,6.99140625,6.9494401042,15.1987325374,0.6226728542,0.5512344348,205,0.1453468863,0.540439007,15.1672265625,-1.4621040865,0.0019150808,0.5433966708,0.551198927,-1.4657472016,5e-05,8.46354e-05,0.0737378979,0.14900264,15.0860842101,0.5452084213,0.5604162963,0.0374584794,0.6245019895,-0.1826346653,0.0904003114,0.1385137919,56056,0.1430125861,6.9795640544,0.1137630208,6.9907552083,0.5392743959,7.0028936791,1772303700.7427273,0.1573553701,0,-15.200536208,0.0,179.1900177002,0.6196448046,0.0588200551,-0.1819079246,2223.0,15.1494042969,0.1500166437,3413.921833,0,6.5025359262
1e-05,0.5242369381,19.2631054687,14.4673960209,0.1069753371,0.0200629773,0.010219787,6.8756770833,6.8395963542,19.298934643,0.6861899383,0.5313956707,206,0.1915950849,0.5159093825,19.2429036458,-1.2481045775,0.0012393268,0.5283881778,0.5333694297,-1.2530737869,5e-05,5.85938e-05,0.0693316579,0.1857430683,19.1695688086,0.5231361254,0.5510025149,0.0373513659,0.6323261541,-0.2313809452,0.0938735077,0.1368859564,56056,0.190297485,6.858988289,0.1587369792,6.8825520833,0.5162990873,6.8800907135,1772303700.7437313,0.1934490636,0,-19.273099878,0.0,179.1900177002,0.6817311851,0.0554150322,-0.2311991018,2223.0,19.2203597005,0.1868096953,3413.922332,0,5.9636889615
1e-05,0.530117028,18.505250651,14.2655003071,0.1095184843,0.0192026663,0.0103146736,7.1157291667,7.0666796875,18.5504221741,0.6754066598,0.5391867218,207,0.1625955997,0.5229931739,18.4071679687,-1.2990112857,0.001620453,0.5320478774,0.5405919975,-1.2964703266,5e-05,7.16146e-05,0.052834956,0.1759638443,18.4144506766,0.5311756879,0.5554499626,0.0366066925,0.632127831,-0.218257669,0.0949534198,0.1519421879,56056,0.1646393427,7.0756403764,0.1502213542,7.0853645833,0.5221221796,7.0947855981,1772303700.7452312,0.18803475,0,-18.5165365312,0.0,179.1900177002,0.6743208503,0.0647795232,-0.2157998189,2223.0,18.5275195313,0.1767674477,3413.9228327,0,6.038513027
1e-05,0.5373680733,16.6495442708,14.2988288403,0.0996347326,0.0207431586,0.0102603626,7.0509895833,6.9833333333,16.6313497984,0.6382823862,0.5475244837,208,0.1350272765,0.5330647925,16.6757454427,-1.3909678225,0.0025043365,0.5395577422,0.5476255629,-1.3919582991,5e-05,0.0001106771,0.0719227225,0.1686171942,16.5046713225,0.537954639,0.5558465554,0.0367965571,0.6327601965,-0.1954999767,0.093483634,0.1541234775,56056,0.1346809746,7.0071514539,0.1303776042,7.0112239583,0.5332178008,7.0314591855,1772303700.7457304,0.1714760091,0,-16.6652947221,0.0,179.1900177002,0.6366294686,0.0581577596,-0.1925935245,2223.0,16.568453776,0.1683910173,3413.923333,0,5.7300646151
1e-05,0.5210508385,19.5447568766,14.4521520138,0.1449874816,0.0222654394,0.0100524513,7.4531119792,7.4197916667,19.5672622377,0.723572106,0.5381119478,209,0.1613123711,0.5206448375,19.4975195312,-1.2297650866,0.0037787957,0.5328312642,0.538889324,-1.2283114183,5e-05,0.0001822917,0.0358093734,0.2252881473,19.4229464166,0.5207733065,0.550714772,0.0373856521,0.64160734,-0.2085090492,0.1008810097,0.1391223926,56056,0.1647024319,7.4340609302,0.1629947917,7.45296875,0.5203632116,7.4576154743,1772303700.7462308,0.1997771798,0,-19.5523424341,0.0,179.1900177002,0.7246363187,0.0507728016,-0.2070490111,2223.0,19.5047298177,0.2261019863,3563.6424636,0,5.73130735
1e-05,0.5440866415,14.6090201823,14.4025440216,0.0507663056,0.0187167075,0.0104006624,6.04015625,6.0115885417,14.6280654527,0.5691845437,0.5562292378,210,0.113250763,0.5444782386,14.5654744466,-1.5337886316,0.0009446989,0.5497753136,0.5563625096,-1.5347549019,5e-05,4.55729e-05,0.0933994732,0.172727578,14.523734784,0.5449612439,0.5615548796,0.036829613,0.620958031,-0.1594398785,0.0830215086,0.110515633,58890,0.1128586888,6.0312256865,0.09875,6.051640625,0.5439734844,6.061319147,1772303850.4707072,0.1485325858,0,-14.6241335653,0.0,143.0187683105,0.5701501807,0.0524428777,-0.1575018422,2833.0,14.6095279948,0.1733769101,3563.6435276,0,5.627083705
1e-05,0.528118958,17.894197998,14.2567427158,0.1433213647,0.0200173178,0.0101638047,7.0185416667,6.99046875,17.9133743755,0.6390829087,0.5428038088,211,0.1366296695,0.5286563475,17.8583479818,-1.3292957324,0.0026867829,0.5423125396,0.5419151066,-1.3322344808,5e-05,0.0001302083,0.032137838,0.1915740788,17.7809760197,0.5298743199,0.5492525499,0.0367184353,0.6474689221,-0.1679091271,0.0968120292,0.1300589274,58890,0.1362317286,7.016925468,0.1442057292,7.0376302083,0.5272170594,7.038348129,1772303850.471207,0.1833033962,0,-17.9095597859,0.0,143.0187683105,0.6422066888,0.0477479369,-0.1664983142,2833.0,17.8559570312,0.1915282381,3563.6435276,0,5.5770669295
1e-05,0.5511152337,13.9640804036,14.3073191643,0.0527157287,0.0185929632,0.0101382907,6.207890625,6.1646223958,14.011395751,0.5165428215,0.5588557933,212,0.092697218,0.5508948077,13.9441552734,-1.5857406491,0.0010311974,0.5503692333,0.5585509014,-1.5846408904,5e-05,4.55729e-05,0.0903191714,0.1226859095,13.898557079,0.5512922274,0.5615789857,0.0368990183,0.6188470236,-0.1019847602,0.0843064785,0.1139804147,58890,0.0933920253,6.1924397397,0.0947395833,6.1866536458,0.5508490948,6.2115783445,1772303850.4722712,0.1450904551,0,-13.9829395386,0.0,143.0187683105,0.5186076717,0.0653387748,-0.1010335053,2833.0,13.9562565104,0.1272645534,3563.6449504,0,5.3963476686
1e-05,0.5467487901,15.5446118164,14.5344872475,0.0997228436,0.0204542088,0.0106385787,6.8834895833,6.8301302083,15.5959405817,0.5460715223,0.5553183323,213,0.0824286933,0.546002423,15.4563041178,-1.510179584,0.0023570226,0.5495718348,0.5551358673,-1.5078922369,5e-05,0.0001041667,0.0532836456,0.1145355099,15.4496043586,0.5443776474,0.5561863452,0.037152458,0.6300049631,-0.1107922433,0.09238029,0.1584362006,58890,0.0819405656,6.8422482042,0.1134244792,6.8579947917,0.5452930467,6.8531296504,1772303850.4736938,0.1656367846,0,-15.560866354,0.0,143.0187683105,0.5488523826,0.0517112625,-0.1087805971,2833.0,15.5874088542,0.1156764245,3563.6458052,0,5.8097749374
1e-05,0.5358992192,16.9111946615,14.3042647839,0.1074229234,0.0192494356,0.0098774989,6.902109375,6.859765625,16.9251763407,0.5804370739,0.5456084597,214,0.1146805649,0.533028236,16.8799104818,-1.4003856591,0.0028949123,0.5364859661,0.5470782391,-1.3989757822,5e-05,0.0001432292,0.0680144176,0.1447315395,16.7812017657,0.5343969799,0.5524625489,0.037159516,0.6314736732,-0.1362572607,0.0951927829,0.1373178057,58890,0.1145548485,6.8892039049,0.1372916667,6.9001041667,0.5335546898,6.8926444598,1772303850.4736938,0.1744664031,0,-16.9272733199,0.0,143.0187683105,0.5827440971,0.0608465648,-0.1369622186,2833.0,16.8815856934,0.1469203113,3563.6464544,0,5.742608794
1e-05,0.5584509938,12.062195638,14.4472784996,0.0470459332,0.0175231805,0.0104098487,5.7423697917,5.704375,12.1083978339,0.442274466,0.5631144433,215,0.0749836739,0.5549116228,12.0391084798,-1.6831827378,0.0008582005,0.5598843371,0.5633696354,-1.6845118864,5e-05,4.55729e-05,0.0772221924,0.0998793764,11.9917774821,0.558903985,0.5641893613,0.037116611,0.6181074508,-0.0840973786,0.0796631489,0.1112709466,58890,0.0765789206,5.7261877525,0.0733333333,5.7391536458,0.5566919613,5.7361539578,1772303850.4745488,0.1297171687,0,-12.0787381717,0.0,143.0187683105,0.4428228147,0.0511258074,-0.0850897427,2833.0,12.0544840495,0.1011455315,3563.6469539,0,5.4712247662
1e-05,0.5330390348,18.077438151,14.8761689663,0.1007552841,0.0199950991,0.0103522158,7.3469791667,7.3308072917,18.0785449538,0.6405782618,0.5455199939,216,0.1365769605,0.531902803,18.0269189453,-1.3344898208,0.0030070937,0.5290822808,0.5454119688,-1.3341742857,5e-05,0.0001367188,0.0778880065,0.1598094738,17.9321168018,0.5333591925,0.5573312215,0.0384798781,0.6296253355,-0.1482732635,0.0965647387,0.1336129064,60753,0.1376975972,7.329768252,0.1488411458,7.3852604167,0.5318676233,7.3432844849,1772303850.475198,0.185506085,0,-18.0882440047,0.0,140.4012196859,0.636237327,0.0606846363,-0.1490627281,2509.3333333333,18.0577701823,0.1590493505,3563.6474543,0,6.0382660967
1e-05,0.5020182435,24.0648697917,15.1295845509,0.1576510595,0.0196196963,0.0102023514,7.6193359375,7.5923958333,24.078095587,0.7286811827,0.5169235002,217,0.1973826684,0.4932067211,24.0065820313,-1.0053045597,0.0015339546,0.5058813795,0.5160823862,-1.006484289,5e-05,7.16146e-05,0.07704337,0.2032007499,23.9197291119,0.5017199583,0.5414647814,0.0394928837,0.6478738437,-0.2336437814,0.1043025202,0.1317536126,60753,0.1999908622,7.6330420846,0.2204817708,7.6245833333,0.4927014255,7.6412459266,1772303850.4756975,0.2361563006,0,-24.0761030078,0.0,135.1661224365,0.7272323723,0.0717777803,-0.2343778922,1862.0,24.0227571615,0.2055618812,3563.6479542,0,5.6637562394
1e-05,0.5524728233,14.0473795573,15.2604010105,0.0726361956,0.0201064785,0.0106757323,6.6176692708,6.5787890625,14.0648285057,0.5563788401,0.5575452679,218,0.1176339483,0.5449272269,14.0393717448,-1.5573216317,0.0022705241,0.554171738,0.5584487145,-1.5609271387,5e-05,0.0001041667,0.0656250464,0.1157440528,13.9393549464,0.5513338273,0.5570096918,0.0394505326,0.6221674838,-0.1600990332,0.0879034695,0.1193654289,60753,0.1169746682,6.5985606567,0.0974479167,6.603359375,0.546482842,6.6127573315,1772303850.476198,0.148367949,0,-14.0613295602,0.0,135.1661224365,0.5608909787,0.0554930485,-0.159535263,1862.0,14.0107942708,0.1139216646,3563.6484551,0,5.9123317097
1e-05,0.5344945219,17.4066748047,15.3156299591,0.1547522395,0.0197543327,0.0102108161,6.7073177083,6.6745963542,17.4326410808,0.5904678619,0.5440373145,219,0.1410437604,0.527554014,17.3593740845,-1.3966296995,0.0015339546,0.5447403012,0.5440190011,-1.3950947638,5e-05,7.16146e-05,0.0365003547,0.1464908341,17.2874780649,0.5337987267,0.5469701283,0.0400455022,0.6432963928,-0.1895852258,0.0931991337,0.1062762868,60753,0.1425703561,6.689832024,0.1327864583,6.6923567708,0.5287855936,6.7023797119,1772303850.476698,0.1831789804,0,-17.4228932315,0.0,135.1661224365,0.5937432213,0.0560316474,-0.1917190144,1862.0,17.3943782552,0.1465658129,3712.4765373,0,5.3200175528
1e-05,0.548409664,14.2292138672,14.9988222122,0.087688701,0.0200466077,0.0101027068,6.1779427083,6.1310286458,14.262150799,0.5396665011,0.5572636749,220,0.104691923,0.5436971107,14.2116023763,-1.5643469187,0.0008838835,0.5570911726,0.55754799,-1.5608490745,5e-05,3.90625e-05,0.0489593141,0.1094507833,14.1517989955,0.5502296546,0.5536812091,0.0390933267,0.632447988,-0.1610043346,0.0845236058,0.1263008235,62433,0.1015983564,6.1564353939,0.0960807292,6.1605989583,0.5443045932,6.1792197462,1772303999.3085504,0.1478915877,0,-14.2463580698,0.0,12.052863121,0.5365180478,0.0469988666,-0.1635757033,297.0,14.2128108724,0.1093751942,3712.4770376,0,6.1991296281
1e-05,0.5324739578,17.9389217122,14.3180119991,0.0816840939,0.0215856897,0.0099148544,6.9124739583,6.8694791667,17.9650762622,0.6201071923,0.5436031492,221,0.1155541691,0.5256359448,17.8985097249,-1.3502320987,0.0021840257,0.5303532033,0.5429293654,-1.3540960558,5e-05,0.0001041667,0.0807017735,0.1460951134,17.8430769471,0.5320804814,0.5548131521,0.0371374448,0.6286492701,-0.2031131485,0.0910493382,0.1304294822,62433,0.1168913049,6.8893759127,0.1448697917,6.9002864583,0.5241280253,6.9077761368,1772303999.3105943,0.1784137545,0,-17.9531775412,0.0,12.052863121,0.6181858763,0.0551395541,-0.2008451227,297.0,17.9070019531,0.144045362,3712.477539,0,6.0849866712
1e-05,0.5254496066,19.2404093424,14.5396761894,0.1152750505,0.0202131262,0.0101116284,7.1940104167,7.1609635417,19.2451478385,0.6503042235,0.536524079,222,0.1136186192,0.5180846888,19.2265559896,-1.2677785299,0.0023570226,0.526185908,0.5387420934,-1.2631187864,5e-05,0.0001041667,0.0735217676,0.1502806457,19.1078408769,0.5232133034,0.5526854364,0.037682999,0.6352900231,-0.2071670759,0.0966916674,0.1388745666,62433,0.1144261209,7.1844118581,0.1644270833,7.1897395833,0.5177740893,7.1977583822,1772303999.3110945,0.1930474976,0,-19.2564420827,0.0,12.052863121,0.6566813663,0.0621784097,-0.2074580317,297.0,19.184465332,0.1497450431,3712.4780384,0,5.8697490603
1e-05,0.5547554935,12.7120084635,14.4994647503,0.0287152675,0.0186626421,0.0101360416,5.958828125,5.9127083333,12.7729807248,0.4915704858,0.5615846511,223,0.0770098608,0.5498674512,12.6586116536,-1.631079578,0.0017677669,0.5536383058,0.5610739448,-1.632864209,5e-05,7.8125e-05,0.0953857995,0.1017710891,12.6709862093,0.5559189936,0.5628686168,0.0373852054,0.6175481441,-0.1476346867,0.0805007985,0.121866828,62433,0.0768924217,5.9501577588,0.0826432292,5.9468489583,0.5501625876,5.9664634681,1772303999.311596,0.1309887628,0,-12.7320352541,0.0,12.052863121,0.4909051424,0.0576283489,-0.1473851563,297.0,12.7378662109,0.0995603728,3712.4788387,0,5.9256585515
1e-05,0.5264539291,18.2087988281,14.6900837421,0.0926776194,0.0186806775,0.0105672471,6.7179166667,6.6890494792,18.2385396154,0.5994893441,0.5392936006,224,0.1260738307,0.5192911612,18.1797867839,-1.3128668714,0.0011785113,0.5288263603,0.5400611367,-1.3121645701,5e-05,5.20833e-05,0.0795760434,0.1580367558,18.1072310324,0.5255703669,0.5563519033,0.0377384075,0.6244711898,-0.2013837431,0.0923297199,0.134013026,62433,0.1264952924,6.7196781341,0.1527734375,6.7237630208,0.5196122248,6.7298826071,1772303999.3120954,0.1840000832,0,-18.2226007544,0.0,12.052863121,0.6029663907,0.0562144982,-0.1993814108,297.0,18.1716292318,0.162141135,3712.4788387,0,5.9381151859
1e-05,0.5285320781,18.0318424479,14.3511214256,0.1435582935,0.0197557747,0.0101100548,6.9611197917,6.9328645833,18.0513596285,0.6066771897,0.5393793875,225,0.1179676771,0.5229116052,18.0081803385,-1.3253772322,0.0018285824,0.5362769197,0.5410100899,-1.325911442,5e-05,8.46354e-05,0.0538478369,0.1728029346,17.9169755081,0.5277386236,0.5490304526,0.037096622,0.6409231148,-0.1887935825,0.0965524496,0.1358017002,62433,0.1205777666,6.9576327284,0.1487239583,6.975625,0.5217313438,6.9734891707,1772303999.3128958,0.1866824791,0,-18.0416664527,0.0,12.052863121,0.6137073002,0.0543090602,-0.1887658968,297.0,17.9860384115,0.1722433006,3712.4793409,0,5.8937318173
1e-05,0.5420170654,15.791891276,14.4965982437,0.1033951872,0.0184809196,0.0101791263,6.5394010417,6.5232421875,15.8354396149,0.5594466025,0.5534395583,226,0.094016687,0.5390918571,15.8170247396,-1.48092628,0.0016812685,0.5482569447,0.5543533343,-1.4810778254,5e-05,7.8125e-05,0.0524711143,0.1521798667,15.7004797055,0.5410874148,0.5544733288,0.0373830398,0.6313486363,-0.1586146032,0.0906941178,0.1208400889,64383,0.0939093529,6.5280034727,0.1146484375,6.5667447917,0.5385645681,6.5420916295,1772303999.3133981,0.1667923401,0,-15.8109597395,0.0,70.4116662343,0.5628457151,0.0506999332,-0.1582699307,847.6666666667,15.7345768229,0.1502324468,3712.4798441,0,5.5309756805
1e-05,0.5339647363,17.4869042969,14.4767198563,0.1058016882,0.0224939923,0.0105242014,7.117109375,7.090703125,17.5186760827,0.6191070181,0.5458446203,227,0.1162390956,0.5306341327,17.4480680339,-1.3696067653,0.0027732813,0.5371588144,0.5457941097,-1.3689362536,5e-05,0.0001302083,0.0511364602,0.158209993,17.381545139,0.5362684804,0.555483487,0.0371238287,0.6333402258,-0.1715388497,0.0948503551,0.1233553185,64383,0.1154033974,7.1003808093,0.1399348958,7.1259895833,0.5296190671,7.1144123048,1772303999.3139014,0.1799690607,0,-17.5001988808,0.0,187.1292724609,0.6163936777,0.0530627581,-0.1706647553,1949.0,17.474983724,0.1571984631,3712.480344,0,6.0397081261
1e-05,0.5120960629,22.2071875,14.5644731522,0.183355547,0.0208715958,0.0099583642,7.6507682292,7.6211067708,22.2209871415,0.7095662392,0.5290538092,228,0.1565778018,0.5056492932,22.1519270833,-1.1217426695,0.0026259674,0.5220608484,0.5278660068,-1.1223356442,5e-05,0.0001236979,0.0362286103,0.2062164058,22.0684840035,0.5121473447,0.5443455305,0.0379003215,0.6501537788,-0.227657516,0.1046657099,0.1399675579,64383,0.1586495148,7.6150964248,0.1934375,7.6665364583,0.5048831705,7.635705844,1772303999.3139014,0.2243379054,0,-22.2139467617,0.0,187.1292724609,0.7063066995,0.0548061433,-0.2270894234,1949.0,22.1477408854,0.2070198549,3712.4806587,0,6.4185558361
1e-05,0.5486663721,14.4070751953,14.5911335945,0.0444251164,0.0176384166,0.0104220295,6.1859375,6.1615364583,14.4180963372,0.5215082923,0.5576988265,229,0.0861026696,0.5466084578,14.394124349,-1.5463192517,0.001742084,0.5471588198,0.55740319,-1.546088742,5e-05,8.46354e-05,0.0849036119,0.1292024862,14.3157049824,0.5479267085,0.5634973287,0.037471327,0.6194044868,-0.142906746,0.0848448192,0.1116136789,64383,0.0857844223,6.1839464619,0.1014973958,6.1966015625,0.5467360491,6.2016972963,1772303999.3147159,0.14651255,0,-14.4170611525,0.0,187.1292724609,0.5207957719,0.0576718866,-0.1438217818,1949.0,14.3593147786,0.1232669836,3859.3298694,0,5.2295064723
1e-05,0.5604965112,11.4045229085,14.4737765789,0.0146513205,0.0174300406,0.009959685,5.8734244792,5.824296875,11.436238541,0.4575385969,0.5691626564,230,0.0482263292,0.561457233,11.389835612,-1.7146079167,0.0018893979,0.5605697773,0.5665627962,-1.7192407123,5e-05,9.11458e-05,0.0874596799,0.1021745996,11.345484754,0.5616734326,0.5666796691,0.0376203163,0.6141639642,-0.103958527,0.0780230512,0.1085103607,64383,0.0445319953,5.8494045713,0.0652864583,5.8476041667,0.560582858,5.868956065,1772304146.1686661,0.1172903009,0,-11.4239726173,0.0,187.1292724609,0.4529867915,0.0614351617,-0.1032097929,1949.0,11.3987044271,0.1014716782,3859.3303689,0,5.5278715716
1e-05,0.5518636536,13.9801879883,14.2847225666,0.0327805045,0.0188800963,0.0101038774,6.5495703125,6.5111588542,14.0099184512,0.5194894421,0.5605246983,231,0.0784787062,0.5482994844,13.956949056,-1.5703020479,0.0020367118,0.5474666738,0.5600346778,-1.5725537205,5e-05,9.76562e-05,0.098447002,0.1161344728,13.901338797,0.5516215111,0.5638572303,0.0368571043,0.6154972756,-0.1308062111,0.0846682677,0.1269142748,64383,0.0807173674,6.511102638,0.0977473958,6.5442447917,0.5502076887,6.531607269,1772304146.1691692,0.1434413235,0,-13.9972229101,0.0,187.1292724609,0.5228375504,0.0547310073,-0.129005312,1949.0,13.9626204427,0.1139226164,3859.3308687,0,6.2112995159
1e-05,0.5395689092,16.6118522135,14.2825956345,0.0995939888,0.0192489089,0.0100612942,6.8331510417,6.813515625,16.6488467237,0.5799864555,0.5496218089,232,0.0950501498,0.534117196,16.6008170573,-1.4290952228,0.0014731391,0.5400684905,0.5503051538,-1.420686328,5e-05,6.51042e-05,0.0604349049,0.1278176095,16.51269777,0.5373625414,0.5582120761,0.03695146,0.6294074581,-0.1625088915,0.0924802259,0.1212308531,64383,0.0937497058,6.8371373296,0.1308463542,6.8416145833,0.5325105104,6.8480413508,1772304146.1696687,0.1723073285,0,-16.6273974105,0.0,187.1292724609,0.5855582685,0.0538420193,-0.1630468601,1949.0,16.5638370768,0.1268669645,3859.3308687,0,5.4176383162
1e-05,0.5450898744,15.3426367188,14.29864645,0.0797118227,0.0178152866,0.0100422176,6.6299479167,6.6053385417,15.3321380637,0.5506639855,0.551649651,233,0.0932743186,0.5388863082,15.3166471354,-1.4865115162,0.0018893979,0.5479453729,0.5514986073,-1.4890117182,5e-05,9.11458e-05,0.0697177897,0.1161300613,15.2014476807,0.5452398226,0.557145195,0.037002275,0.6286085123,-0.1584661781,0.0894768215,0.1217294324,66207,0.0970914067,6.6347602232,0.1146875,6.650859375,0.5388436893,6.6445797527,1772304146.1701686,0.1608146315,0,-15.3561826656,0.0,152.6887207031,0.5464302476,0.0395374686,-0.1540293247,1865.0,15.3163834635,0.1151437743,3859.3313685,0,6.0772420458
1e-05,0.5416358375,15.3098339844,14.3722014427,0.0766569695,0.0195136468,0.0099040429,6.2808072917,6.2399609375,15.3161779513,0.5396891385,0.5507379975,234,0.1003505074,0.5347247829,15.270641276,-1.4787143914,0.0008838835,0.5448590675,0.5521396491,-1.4783815471,5e-05,3.90625e-05,0.07852942,0.1115895826,15.2001742253,0.5420765318,0.5540130766,0.0373053145,0.6274883419,-0.1628753536,0.0868388181,0.1355782035,66207,0.1039988524,6.2738693839,0.1160026042,6.2905078125,0.5359746319,6.2851283081,1772304146.1706684,0.1566644021,0,-15.3205441043,0.0,135.4684448242,0.5419753735,0.0592132821,-0.161883905,1823.0,15.2901204427,0.1118904764,3859.3318702,0,6.228643035
1e-05,0.5306666713,18.4403841146,14.3452470303,0.1049734086,0.0195208497,0.0099765364,7.0869401042,7.0622395833,18.4667789028,0.6374449257,0.5424200893,235,0.1239128314,0.5215407235,18.4426350911,-1.3130101752,0.0029462782,0.533076679,0.5425773164,-1.3124865572,5e-05,0.0001302083,0.058653969,0.1518482285,18.332075661,0.5312780283,0.5538062309,0.0370983489,0.6295234774,-0.2067794352,0.0965059352,0.1355687923,66207,0.1237132324,7.0777452628,0.150703125,7.102265625,0.522827372,7.0961095331,1772304146.1706684,0.1891090247,0,-18.455166112,0.0,135.4684448242,0.6390248648,0.0552105929,-0.207414726,1823.0,18.3768929036,0.1514471917,3859.3323692,0,5.6047932642
1e-05,0.5497743989,13.9618693034,14.2889382839,0.0945645959,0.019956932,0.0099963641,6.7688802083,6.7383984375,13.9909565115,0.5487896043,0.5586142556,236,0.1038256251,0.5471517171,13.9598242188,-1.5541991373,0.0032760385,0.5563723064,0.5576407013,-1.5563557388,5e-05,0.00015625,0.0440793988,0.1247957534,13.8489607225,0.5509938648,0.5563259093,0.0369730624,0.6262143908,-0.1492301223,0.0906272382,0.120116155,66207,0.1039152454,6.7534711007,0.097421875,6.758359375,0.5474226676,6.7577329206,1772304146.17117,0.1529327702,0,-13.9792439397,0.0,135.4684448242,0.545036821,0.0475475133,-0.1501171498,1823.0,13.9156184896,0.1230995761,3859.3329422,0,5.769996681
1e-05,0.5275392009,18.8335087077,14.3865947723,0.1046490939,0.019544271,0.0100193278,7.5799739583,7.5605598958,18.8855647322,0.6719035106,0.5393075202,237,0.1601424096,0.5247134601,18.7744877116,-1.2726827371,0.0030935921,0.5318416244,0.5392645317,-1.274252999,5e-05,0.0001367188,0.0631190371,0.1865772223,18.7457626454,0.5268128768,0.5511057832,0.0372297867,0.6332142742,-0.1877821543,0.0989746513,0.1544703414,66207,0.1612851726,7.5770382975,0.1588541667,7.6020572917,0.5246846204,7.591930269,1772304146.171669,0.1907468498,0,-18.8499660904,0.0,135.4684448242,0.6719150666,0.0558617185,-0.185345283,1823.0,18.8265071615,0.1860231667,3859.3334458,0,6.0593711668
1e-05,0.5517025973,13.5536230469,14.1572003365,0.0443303826,0.0175475835,0.0098357542,6.5983984375,6.5658072917,13.5649397571,0.5462570344,0.5600525152,238,0.1169886844,0.5523272412,13.5470499674,-1.5798615215,0.0019150808,0.5524973536,0.5583320246,-1.5792782909,5e-05,8.46354e-05,0.0698733004,0.1419685853,13.4424899684,0.5518101332,0.5650987596,0.036642162,0.6194699222,-0.1214641632,0.0863713571,0.1148411634,66207,0.115725367,6.5798708175,0.0934765625,6.5892838542,0.5519076801,6.5903805095,1772304146.1722422,0.1430776777,0,-13.5724603581,0.0,135.4684448242,0.5429218501,0.0469113257,-0.1189664912,1823.0,13.5164192708,0.1410018098,3859.3339457,0,5.7441049127
1e-05,0.5164387156,20.3497908529,14.3565773964,0.12531898,0.0193252788,0.0099427692,7.9470052083,7.9049479167,20.3647866968,0.7171991136,0.5325445166,239,0.1770026929,0.5166326659,20.298037262,-1.1780498258,0.0031544076,0.5248661929,0.5321997621,-1.1773508968,5e-05,0.0001432292,0.0443476736,0.2211072036,20.2031239313,0.5159552103,0.5517385487,0.0371442842,0.6359383367,-0.1881029702,0.103478583,0.1553428543,66207,0.17608532,7.9302560961,0.1790494792,7.9247395833,0.5175528918,7.9400692423,1772304146.1727457,0.2091344371,0,-20.361686495,0.0,135.4684448242,0.7127298135,0.0413223789,-0.1898517669,1823.0,20.308211263,0.2236245392,4011.400687,0,6.2030316607
1e-05,0.5459316878,13.4427571615,14.8933267593,0.057119872,0.0182464227,0.0104065998,6.1517057292,6.1139192708,13.503404089,0.5221782526,0.5582733343,240,0.1038616394,0.5475956242,13.4248307292,-1.5789864234,0.0014731391,0.5505569653,0.5565137738,-1.5830048209,5e-05,6.51042e-05,0.0811483146,0.1651990114,13.3808493885,0.5463796139,0.5614775902,0.0384955406,0.617970404,-0.1095132528,0.0840338272,0.1117861004,66207,0.1063281253,6.1329173177,0.0926041667,6.1403255208,0.5477827913,6.134759932,1772304298.2444115,0.141839168,0,-13.4564003834,0.0,135.4684448242,0.5185667398,0.0607640031,-0.1095320903,1823.0,13.4176529948,0.1632268798,4011.400687,0,5.3394363722
1e-05,0.5519240435,13.2019482422,15.2787618637,0.0658393152,0.0182293812,0.0103676105,6.5909375,6.574296875,13.2392829316,0.5695000747,0.560981739,241,0.1204812126,0.5550500399,13.1682807732,-1.5851862667,0.0027989643,0.5542517733,0.5600446775,-1.5877816019,5e-05,0.0001236979,0.0550939491,0.1615011222,13.1054946406,0.5509746529,0.5639510189,0.0397313881,0.6186919626,-0.11620942,0.0880080777,0.1042911107,66207,0.1218445423,6.5863056131,0.0901041667,6.60390625,0.5540056434,6.5902879355,1772304298.2449167,0.1434789842,0,-13.2164914599,0.0,135.4684448242,0.5655434279,0.053724591,-0.114118125,1823.0,13.1803059896,0.1626427346,4011.4011866,0,5.392191952
1e-05,0.54555285,14.8507747396,15.308962822,0.0714572081,0.0187232178,0.0102695847,6.9701822917,6.9453645833,14.8349332546,0.6100164741,0.5543373261,242,0.1417969256,0.5461025907,14.8299869792,-1.4970769399,0.0022705241,0.549328958,0.5532863836,-1.494932337,5e-05,0.0001041667,0.0692880193,0.1786199213,14.7009762344,0.5452616202,0.5607747094,0.0399913851,0.6235920499,-0.1559816728,0.0908777586,0.1140313881,66207,0.1434925167,6.9547026857,0.1069010417,6.9684635417,0.545529568,6.9636274831,1772304298.2459154,0.1577146571,0,-14.8651450595,0.0,135.4684448242,0.6107427176,0.0437179575,-0.1554590366,1823.0,14.8169759115,0.1804439686,4011.4021866,0,6.1452965418
1e-05,0.5388268354,15.8676969401,15.4558138847,0.0461694877,0.0180267936,0.0102462697,6.7689583333,6.7420833333,15.897090856,0.600854382,0.5473264154,243,0.1471613853,0.5375592386,15.8667795817,-1.4273321615,0.0023921551,0.5376612568,0.5471660946,-1.4249627002,5e-05,0.0001171875,0.0926317529,0.1672391329,15.7871968327,0.5390581011,0.5599047472,0.040428013,0.6171850864,-0.164329936,0.08938496,0.1241599865,66207,0.1473922235,6.7664871732,0.1239322917,6.7775520833,0.5369668168,6.7817765923,1772304298.2464156,0.1593546579,0,-15.8778437318,0.0,135.4684448242,0.5994378568,0.0648122017,-0.1667035264,1823.0,15.8143603516,0.170543752,4011.4026864,0,6.359677346
1e-05,0.5512600891,13.6715230306,15.0924329758,0.076633141,0.0181749201,0.0101413417,6.3604427083,6.3374348958,13.7080686644,0.5202508299,0.5601706542,244,0.1029082073,0.5485342354,13.6142220052,-1.5826546772,0.0016812685,0.5592537528,0.5594878112,-1.5871386397,5e-05,7.8125e-05,0.049844652,0.1353253418,13.5847989731,0.5518320774,0.5552076586,0.0395052067,0.6295999251,-0.1327351018,0.0858889382,0.1233029154,66207,0.1015535701,6.351660291,0.0921354167,6.38125,0.5485715118,6.3621858476,1772304298.2469156,0.1464239189,0,-13.6847601243,0.0,135.4684448242,0.519905561,0.0461604572,-0.1320718461,1823.0,13.6835107422,0.1331448079,4011.4034123,0,6.1303348476
1e-05,0.5463131865,14.841722819,14.8306808472,0.0632859257,0.0180150334,0.0100431736,6.5765104167,6.5094791667,14.8696169446,0.5479816883,0.5561389123,245,0.1017015368,0.5427739847,14.7741601562,-1.51188299,0.0029557278,0.5443592441,0.5562311247,-1.5104532301,5e-05,0.0001497396,0.0762236602,0.1346927706,14.7425195105,0.5458064961,0.563719165,0.038715442,0.6215252308,-0.1387798541,0.0878681446,0.1391430254,66207,0.0986171621,6.5285240138,0.1082942708,6.5181770833,0.5426852744,6.5387387649,1772304298.2474153,0.1547668842,0,-14.8578359136,0.0,135.4684448242,0.5505690404,0.0508552127,-0.1359099107,1823.0,14.8665299479,0.1367241122,4011.4039161,0,5.7121330851
1e-05,0.5365297886,15.9121643066,14.5670876503,0.0518666431,0.0176014013,0.0100465926,6.2373828125,6.2050520833,15.925638074,0.5463241643,0.5473981553,246,0.0955118083,0.5347315401,15.8837174479,-1.4551201717,0.0016812685,0.5376450703,0.5503207568,-1.4504567059,5e-05,7.8125e-05,0.0930606417,0.1438482932,15.814814175,0.5369766564,0.5573838518,0.0378194602,0.6197212871,-0.1698094136,0.0866304093,0.1162192421,66207,0.0951074846,6.2369616008,0.1228125,6.2351692708,0.53327326,6.2464336427,1772304298.2481413,0.1592776184,0,-15.9243625697,0.0,135.4684448242,0.5499026919,0.0627519468,-0.1681054562,1823.0,15.8852217611,0.143178931,4011.4044157,0,5.4441580781
1e-05,0.5440958573,15.0488684082,14.2289738655,0.0744756737,0.018349778,0.0097883105,6.4100390625,6.353359375,15.0773824716,0.5388667511,0.5530885031,247,0.0788983174,0.5399613997,15.0197477214,-1.4981273144,0.0010311974,0.547742757,0.5524218995,-1.497226393,5e-05,4.55729e-05,0.0740633659,0.1326568089,14.9529868884,0.5439203825,0.5582506478,0.0369994911,0.6258574587,-0.1532617722,0.0874654638,0.1199541104,66207,0.0803715414,6.3763590389,0.1118489583,6.3627734375,0.5382856595,6.3837910233,1772304298.248645,0.1567292361,0,-15.0639276082,0.0,135.4684448242,0.535752402,0.0505011847,-0.1507206606,1823.0,15.0252392578,0.1329521084,4011.4044157,0,5.7914582391
1e-05,0.5393412244,15.5310872396,14.4099559784,0.0907614721,0.0181928152,0.0099099676,6.4646223958,6.4407421875,15.5706101512,0.547895265,0.5527839117,248,0.0831907223,0.5382901147,15.5088411458,-1.4762479798,0.0018285824,0.5460056561,0.5512219093,-1.4783092304,5e-05,8.46354e-05,0.0706894961,0.143449781,15.4268118128,0.5404476361,0.5564693362,0.0374158867,0.6234949843,-0.1549396745,0.0894782359,0.1249563218,66207,0.0824816652,6.4696034735,0.1158984375,6.4717057292,0.5381143897,6.4706598904,1772304298.2491448,0.1652402447,0,-15.5439976126,0.0,135.4684448242,0.5491732868,0.0551957023,-0.1528102037,1823.0,15.5051855469,0.1412186663,4011.404916,0,5.8166417138
1e-05,0.5340693084,16.9559244792,14.312400341,0.1108767733,0.0181786283,0.0099448983,6.4578515625,6.4284635417,16.9759508804,0.5858680301,0.5434905109,249,0.1053727447,0.5282017308,16.9183984375,-1.3952992729,0.0011528283,0.5386654005,0.5447519423,-1.3909133371,5e-05,5.85938e-05,0.0675748336,0.154394176,16.8337347475,0.5343767994,0.5529853,0.0370948339,0.6332934185,-0.1857741149,0.0904292881,0.1146220189,66207,0.1050658742,6.4725017709,0.132734375,6.4621744792,0.5269396589,6.4740174729,1772304298.249645,0.1757743211,0,-16.9729957732,0.0,135.4684448242,0.5886359449,0.0549483918,-0.1875775635,1823.0,16.9332535807,0.1532282098,4163.4861647,0,5.2185216251
1e-05,0.5573697193,12.0349739583,14.9120762348,0.0044665987,0.018411052,0.01054624,5.8841666667,5.8652994792,12.0608073971,0.4834726904,0.5667249732,250,0.0516430406,0.5560055294,12.0202880859,-1.6676858914,0.0016812685,0.5536032624,0.5677124245,-1.6674108346,5e-05,7.8125e-05,0.1081225768,0.0952886495,11.9581630215,0.5584088041,0.5671660978,0.038454229,0.607426994,-0.1253587753,0.0790184668,0.1036227905,66207,0.0522516498,5.8904454982,0.0753645833,5.9045703125,0.5553125257,5.901782248,1772304450.3358238,0.1258821882,0,-12.0548541438,0.0,135.4684448242,0.4848716316,0.0561797306,-0.126006996,1823.0,12.0231022135,0.0982593294,4163.4866664,0,5.5360324344
1e-05,0.5088644448,21.6838216146,14.4417421818,0.1722763774,0.0221381112,0.0102446389,7.53609375,7.5046614583,21.6780751841,0.7121418366,0.5256569007,251,0.167265698,0.5028896362,21.6524576823,-1.0895365214,0.0030679092,0.5230855591,0.5247881727,-1.0905604919,5e-05,0.0001432292,0.0395894471,0.2192649258,21.5370659036,0.5085461714,0.5397209774,0.0372748232,0.6525735893,-0.2225567145,0.1054257381,0.1613787722,66207,0.1647635816,7.543019743,0.1950130208,7.5402083333,0.5015905986,7.5556762648,1772304450.3363233,0.2164245635,0,-21.6914526789,0.0,135.4684448242,0.7159300756,0.0510887392,-0.2233723151,1823.0,21.6336043294,0.2206910429,4163.4871664,0,6.7034637922
1e-05,0.5515308089,13.5532991536,14.4020419121,0.0387207286,0.0179564519,0.0101791271,5.9975911458,5.9716666667,13.5851899986,0.5072303288,0.5592965233,252,0.0797422047,0.5473637623,13.4971622721,-1.5850486604,0.0015339546,0.5493116543,0.5595647955,-1.5840254231,5e-05,7.16146e-05,0.0857301535,0.1322018723,13.4802066276,0.5512367306,0.5637132926,0.0372301825,0.6152774374,-0.1329709667,0.0823993713,0.1245894132,66207,0.0818222813,6.0060579181,0.0919010417,6.0153645833,0.548027862,6.0214467484,1772304450.3368251,0.1401909125,0,-13.5746811524,0.0,135.4684448242,0.5085995195,0.05831739,-0.1319138187,1823.0,13.589835612,0.134238745,4163.4881646,0,5.9518252864
1e-05,0.5430551496,15.3076391602,14.4783537388,0.0908125948,0.0183624158,0.009952836,6.5148177083,6.47734375,15.3491829909,0.5616755715,0.5525866326,253,0.0858346544,0.5398838074,15.2705437215,-1.4823384808,0.0032152231,0.5496969807,0.5527506487,-1.4809782871,5e-05,0.0001497396,0.0480740252,0.1469525468,15.2189844622,0.5443634896,0.5555295253,0.037444907,0.6307794968,-0.1546572227,0.0899032378,0.1122122999,71789,0.0842360562,6.4972652715,0.1147005208,6.5040885417,0.5393876579,6.5038771266,1772304450.337325,0.1603164349,0,-15.3215666303,0.0,157.4408569336,0.5581064723,0.0474311651,-0.1511560617,4328.3333333333,15.3003483073,0.1491749285,4163.4886669,0,5.2901762034
1e-05,0.5519012863,13.1096390788,14.4721946716,0.0161481319,0.016843853,0.0099988572,5.9188932292,5.8874088542,13.1359742134,0.4825471967,0.5599610434,254,0.0529071274,0.5504728638,13.0600663249,-1.6053911833,0.0015082716,0.5479801298,0.5580999313,-1.6051693571,5e-05,7.8125e-05,0.0981824471,0.1133609391,13.0307879751,0.5525284669,0.5632843406,0.0375338292,0.6124409467,-0.1125913078,0.0807676625,0.1023123835,71789,0.0516038635,5.9158783998,0.0892708333,5.9125260417,0.5499166945,5.9232310422,1772304450.338323,0.1339805188,0,-13.1271745305,0.0,168.4270629883,0.4802551315,0.0581326504,-0.1140835931,5581.0,13.1282930501,0.1130753014,4163.4891654,0,5.4782985339
1e-05,0.5580472837,12.7316219076,14.2262177467,0.0717015798,0.0174280222,0.0099699418,6.301875,6.2858854167,12.743064216,0.4947481323,0.562394764,255,0.0515175808,0.5560902194,12.7164192708,-1.6385863467,0.0022705241,0.5589755721,0.5631003171,-1.6401234303,5e-05,0.0001041667,0.0581994867,0.1064487061,12.6057985874,0.557126105,0.5635472004,0.0368534644,0.6201411434,-0.1158992863,0.0850181107,0.1161911703,71789,0.049395092,6.3018066162,0.0812890625,6.32375,0.5548615617,6.3039302385,1772304450.3388257,0.1404009797,0,-12.7441596038,0.0,168.4270629883,0.493274129,0.0480740495,-0.1118603762,5581.0,12.6969628906,0.1068252953,4163.4896646,0,5.6265349714
1e-05,0.5545878495,12.3245572917,15.019705534,0.0258265921,0.0186593797,0.0109425386,6.1915885417,6.1580078125,12.3579870502,0.5074737436,0.5594189301,256,0.1017565706,0.5516311361,12.3190625,-1.6118022203,0.0023921551,0.5503146123,0.5590502854,-1.6119702764,5e-05,0.0001171875,0.1070629878,0.1143034988,12.2495308745,0.5531035057,0.5650128647,0.0383281199,0.6110654273,-0.130420754,0.083454489,0.1233886568,71789,0.1000680014,6.1865908893,0.0855729167,6.2039713542,0.5522788358,6.1934827167,1772304450.3393242,0.1303566674,0,-12.3423117439,0.0,168.4270629883,0.5078009909,0.0665886563,-0.1331785421,5581.0,12.3172721354,0.1162433994,4163.4901647,0,5.8709215428
1e-05,0.539390695,16.1823681641,16.226824522,0.074830778,0.0174292454,0.0109892678,6.7732161458,6.7392578125,16.1868729799,0.5937023001,0.5476055852,257,0.1355136841,0.5360947034,16.1691210938,-1.4253409918,0.0020623947,0.540215944,0.5472537865,-1.4209246926,5e-05,9.11458e-05,0.0660042809,0.1455384339,16.0521361551,0.5402495163,0.56123128,0.0422548898,0.6231192778,-0.1551715763,0.0911041845,0.1246210094,71789,0.1350176315,6.7750939224,0.1266796875,6.7723697917,0.5369631549,6.7828625691,1772304450.3398232,0.1685996178,0,-16.2014023013,0.0,168.4270629883,0.5949783953,0.0506710606,-0.1588804619,5581.0,16.1461775716,0.1452853705,4163.4906696,0,6.0615924853
1e-05,0.5441585681,14.6330192057,15.7685582638,0.0616249863,0.0199916289,0.0111780834,6.6084375,6.5733333333,14.6525549602,0.5598396184,0.5533902711,258,0.1305363633,0.5440380357,14.6112638346,-1.4965454415,0.0021232102,0.54878756,0.5526071605,-1.4945445001,5e-05,9.76562e-05,0.0610566836,0.1389026728,14.5287987399,0.5445884681,0.5610963854,0.0406252241,0.6207973085,-0.1397513918,0.0881549138,0.1323705344,71789,0.1295614124,6.6062700458,0.1079036458,6.5979166667,0.544741055,6.6164350839,1772304450.3403232,0.1531396321,0,-14.6474012398,0.0,168.4270629883,0.5600496354,0.0489705253,-0.1416843762,5581.0,14.5929736328,0.137550344,4163.4906696,0,6.058626103
1e-05,0.5332327128,16.8522705078,14.5327568054,0.114773878,0.0184579488,0.0103881089,6.677109375,6.6354427083,16.8544443829,0.596591688,0.5424350045,259,0.1590724012,0.5302026663,16.85265625,-1.3852704489,0.0016812685,0.5415740254,0.5421212855,-1.3849937495,5e-05,7.8125e-05,0.066543568,0.1673610265,16.7221371301,0.5332655467,0.5499037927,0.0374233548,0.6392493226,-0.1640732389,0.0928743345,0.1416762385,71789,0.1581559125,6.6658303082,0.1320572917,6.6648046875,0.5303365014,6.674195172,1772304450.3408284,0.1733894567,0,-16.8702448953,0.0,168.4270629883,0.5970018606,0.0566100295,-0.1640461497,5581.0,16.7957291667,0.1674310424,4320.2921027,0,6.2110549195
1e-05,0.5560894564,11.6866276042,14.3578109741,0.0460696741,0.0341862844,0.0100694235,5.4659244792,5.4199088542,11.7345184654,0.5053527106,0.5677186263,260,0.103976599,0.5558776266,11.7104720052,-1.6806544228,0.0010055144,0.5630302237,0.5668913128,-1.6840218047,5e-05,5.20833e-05,0.066589218,0.1340913286,11.6168310342,0.5577608496,0.5613641994,0.037111431,0.6199821482,-0.1206637226,0.0783347947,0.1302046215,74306,0.1042407129,5.4823460873,0.0666666667,5.485546875,0.5564125569,5.4898604071,1772304607.1474617,0.1278501692,0,-11.7051380006,0.0,158.6706390381,0.5023396559,0.0606541082,-0.1152450797,2516.0,11.6389583333,0.1314293254,4320.2927049,0,5.4806032425
1e-05,0.5560839199,12.6111490885,14.4637784958,0.0346906815,0.0162795159,0.0100008003,6.2832682292,6.2497916667,12.6155627681,0.5060751843,0.5608025123,261,0.1178301862,0.5551200661,12.5794360352,-1.6299773383,0.001742084,0.5556525973,0.562097783,-1.6290836104,5e-05,8.46354e-05,0.0769911422,0.12031494,12.4991911187,0.5563976079,0.5660367844,0.0375183908,0.6152189652,-0.1185253302,0.0827616038,0.1193537552,74306,0.1192909037,6.2821526837,0.0815494792,6.2828385417,0.5543225358,6.2935564099,1772304607.1478596,0.1352486902,0,-12.6248412012,0.0,158.6706390381,0.5082504758,0.0518281923,-0.1203141666,2516.0,12.5946907552,0.120671332,4320.2927049,0,5.3242892379
1e-05,0.5585818482,10.9544384766,15.9003736973,-0.0211228507,0.017990945,0.0107882484,5.8105729167,5.7199739583,11.0067388575,0.4744513982,0.5642433947,262,0.0916986335,0.5579401238,10.9298502604,-1.6856243904,0.0007365696,0.5529970322,0.5650989604,-1.6838449744,5e-05,3.25521e-05,0.1042322319,0.1062130506,10.912665282,0.5597273338,0.5629251296,0.041508491,0.60841184,-0.1051682481,0.0762664952,0.1583521987,74306,0.0946997141,5.8197189955,0.0694661458,5.7756510417,0.5581655069,5.8342217068,1772304607.1484618,0.1148426788,0,-10.9705758459,0.0,158.6706390381,0.4733298538,0.0564375652,-0.1092498135,2516.0,10.9795267741,0.1075019557,4320.2932346,0,6.3024165295
1e-05,0.5560651287,12.1591025798,15.441193819,0.0068196463,0.017991235,0.0104042395,6.1983854167,6.0710026042,12.197589145,0.5084149758,0.5625404803,263,0.1056268408,0.5556727776,12.1376139323,-1.6247170512,0.0018285824,0.5490229792,0.5612880133,-1.6231144581,5e-05,8.46354e-05,0.0893842623,0.109812257,12.073645793,0.5552483742,0.5629863784,0.0402775502,0.6107450344,-0.1143835821,0.0819783526,0.1916546356,74306,0.1093011945,6.1797831158,0.0841666667,6.1798828125,0.5567001957,6.1883027573,1772304607.1489916,0.1321328127,0,-12.1744563745,0.0,158.6706390381,0.5092776069,0.0655106048,-0.1142509169,2516.0,12.1330155436,0.1102294355,4320.2937377,0,7.118121586
1e-05,0.5491289332,13.4654591878,15.6705291271,0.0390777956,0.0170678354,0.0107237967,6.1127734375,6.0851041667,13.4783030699,0.4838738834,0.5570393623,264,0.0983493142,0.5475672599,13.4318261719,-1.5796856205,0.0012393268,0.5508073035,0.5566788444,-1.5813996156,5e-05,5.85938e-05,0.0815499945,0.1152040418,13.356360456,0.5496120035,0.5597885841,0.0407934062,0.6205588398,-0.1167190017,0.0835154888,0.1239038812,74306,0.0985650474,6.1327628863,0.0959244792,6.1230338542,0.5469130362,6.1354676867,1772304607.1494944,0.1408731225,0,-13.4783588606,0.0,158.6706390381,0.4847857409,0.0520506683,-0.1136213285,2516.0,13.4435335286,0.1141083787,4320.2942383,0,5.6666991663
1e-05,0.5709283783,8.1157324219,15.079611063,-0.0503143008,0.0182379641,0.0100597676,5.2877473958,5.16875,8.1669139814,0.4333893085,0.5728409278,265,0.0806706835,0.5701027684,8.1072949219,-1.804599964,0.001620453,0.5576696679,0.5740654458,-1.8064227492,5e-05,7.16146e-05,0.1058485152,0.068237526,8.0584748446,0.5713089969,0.5626107616,0.0394686381,0.602372913,-0.0955838037,0.0719344621,0.1404198424,74306,0.0792343217,5.2910609317,0.0452604167,5.292421875,0.5690125164,5.3000457807,1772304607.1494944,0.096538259,0,-8.1336349015,0.0,158.6706390381,0.4330383998,0.069595873,-0.0946594265,2516.0,8.1069840495,0.070902004,4320.2947399,0,5.3441130949
1e-05,0.5559037198,12.2840917969,15.1939101219,0.022577762,0.0173219681,0.0102643387,5.8018098958,5.7743098958,12.3017253128,0.4934932906,0.5590239518,266,0.1282728486,0.5552505445,12.2613586426,-1.6309623585,0.001620453,0.5515920133,0.5578313695,-1.6303201258,5e-05,7.16146e-05,0.0955566557,0.0862661059,12.1888948014,0.5569181977,0.5666196638,0.0396066244,0.6111677994,-0.1224190118,0.0819341593,0.1221825394,74306,0.1260395132,5.8273165145,0.081328125,5.8303255208,0.5547460573,5.8374281585,1772304607.149995,0.1329332575,0,-12.3021409014,0.0,158.6706390381,0.4943160489,0.0722048097,-0.1210959676,2516.0,12.2693221029,0.085836623,4320.2952376,0,5.6041407688
1e-05,0.5535878965,13.4546744792,15.4051206112,0.0685252782,0.0175948479,0.0103782264,6.4451692708,6.4133333333,13.4714508199,0.5046739624,0.5603485773,267,0.1054309339,0.5533826417,13.4274967448,-1.5958241485,0.0014731391,0.5564526878,0.5600067379,-1.5987819976,5e-05,6.51042e-05,0.0544030424,0.0978431696,13.3302972959,0.554258121,0.5616269091,0.0402125136,0.6211935745,-0.1108547863,0.0864666537,0.1007036007,74306,0.105839904,6.4175758346,0.0906510417,6.4287239583,0.553092532,6.4238253335,1772304607.1504967,0.1497163084,0,-13.4708103869,0.0,158.6706390381,0.5004226565,0.0506681024,-0.1133614693,2516.0,13.4415169271,0.0994619577,4320.295738,0,4.6547517543
1e-05,0.543205888,14.1066959635,16.326874733,0.0409287433,0.0168433741,0.0110126479,6.1314192708,6.0805208333,14.1326432401,0.5008875277,0.5533866173,268,0.1047817445,0.5405943105,14.0820239258,-1.5139414185,0.0011785113,0.5413088114,0.552536397,-1.5151171714,5e-05,5.20833e-05,0.0973893391,0.1223745908,14.0037088621,0.5440719003,0.5610350498,0.042655383,0.6191704313,-0.1201373201,0.0844965309,0.129844122,74306,0.1055439121,6.1380497243,0.1093880208,6.1365364583,0.5413266368,6.1396238001,1772304607.1509945,0.1491483708,0,-14.1216155632,0.0,158.6706390381,0.5024196666,0.057999857,-0.1178248149,2516.0,14.0803525798,0.1233551976,4320.295738,0,5.5872538385
1e-05,0.5518934358,13.3049902344,14.9371492863,0.0521451512,0.0171740683,0.0106235011,6.5489322917,6.499296875,13.3241689292,0.5169457815,0.5585736715,269,0.1035765345,0.5486526085,13.2877278646,-1.5684243476,0.0014731391,0.54906105,0.5573918526,-1.5688137509,5e-05,6.51042e-05,0.0698437599,0.1226322802,13.1844850666,0.5507364327,0.5616595541,0.0383216818,0.6208187787,-0.1206102674,0.0861991019,0.1395697972,74306,0.1027457762,6.5415754571,0.09734375,6.5595703125,0.5484639116,6.5466565073,1772304607.151495,0.1464331041,0,-13.3224070329,0.0,158.6706390381,0.515507771,0.0560325384,-0.118758895,2516.0,13.2813867187,0.125670751,4481.3423186,0,6.1306484659
1e-05,0.5376552989,15.5025708008,16.0349235535,0.0729591074,0.0187950754,0.0108049496,6.6013476562,6.5207747396,15.5350297695,0.5708191143,0.5477119471,270,0.1308740389,0.5381571717,15.4985493978,-1.431113559,0.0020367118,0.5387157541,0.5473525254,-1.4354253054,5e-05,9.76562e-05,0.0759605134,0.1568311328,15.3989347545,0.5377790967,0.5563914969,0.0419516683,0.6261825335,-0.1364204785,0.0893862751,0.1396910036,74306,0.1357919833,6.5527022622,0.1239973958,6.5458984375,0.5363773933,6.5634929081,1772304768.2033255,0.1636909957,0,-15.5221032536,0.0,158.6706390381,0.5679654686,0.0620643491,-0.1376468005,2516.0,15.4397086589,0.1551753296,4481.3428196,0,5.4052627254
1e-05,0.5395234128,15.2626550293,15.8510482311,0.0664260878,0.0175915177,0.010043482,6.6318880208,6.6085286458,15.274562291,0.5591624271,0.5515345397,271,0.1162362894,0.5405574702,15.2346728516,-1.4667415106,0.0018285824,0.5428263569,0.5518412979,-1.4716676619,5e-05,8.46354e-05,0.0780191144,0.1578571229,15.1358225759,0.5404676661,0.5598546462,0.042156775,0.6217770427,-0.138450923,0.0891949616,0.1340295068,74306,0.1176924928,6.6191737018,0.1174609375,6.6483333333,0.5393190757,6.6238461183,1772304768.203825,0.1608604628,0,-15.2784431241,0.0,158.6706390381,0.5555907628,0.053275694,-0.1345963959,2516.0,15.2400333659,0.1550316997,4481.3433208,0,5.7811137142
1e-05,0.5551439107,11.3693212891,15.2482988834,0.0116398581,0.0171236767,0.0097561089,5.725078125,5.6610221354,11.3945019353,0.4767709405,0.5639694345,272,0.0962121147,0.5554639707,11.3573990885,-1.6569708737,0.0013258252,0.5526533545,0.5632744392,-1.6580979633,5e-05,5.85938e-05,0.0955801446,0.1282147883,11.2747503334,0.5548255455,0.5622806282,0.0404097994,0.6132082657,-0.1136534599,0.0784947082,0.1128788274,74306,0.0984840447,5.7174313396,0.0760286458,5.7406445313,0.5535051105,5.7288229473,1772304768.2043262,0.1260637836,0,-11.3871584922,0.0,158.6706390381,0.4733883237,0.060146841,-0.1088282055,2516.0,11.3545414225,0.1281715693,4481.34382,0,5.4131384953
1e-05,0.577700909,5.6522851562,15.1969435215,-0.0671176806,0.024229472,0.0096144621,4.716891276,4.5791992188,5.6668067956,0.3732282817,0.5818470962,273,0.0479330635,0.5791222728,5.6918367513,-1.9236786393,0.0006500711,0.5657649014,0.5828453136,-1.9235069573,5e-05,3.25521e-05,0.1213466545,0.0874972792,5.5651567046,0.5768060486,0.5640398647,0.0402511366,0.6001253498,-0.0527215892,0.0669143904,0.1262462483,74306,0.0515832002,4.7054256199,0.02,4.6885742188,0.5794450075,4.7181209077,1772304768.2048273,0.0764082429,0,-5.6709340721,0.0,158.6706390381,0.3718125063,0.0730805036,-0.051230703,2516.0,5.6070210775,0.0833973436,4481.3446973,0,5.616398098
1e-05,0.5272725201,18.118984375,16.0209848881,0.1013147487,0.0180247327,0.0112376467,7.0490625,7.0283333333,18.1430269772,0.5934659914,0.5395846052,274,0.1240530681,0.5240356075,18.0939160156,-1.3153123216,0.0018285824,0.5312031358,0.539726414,-1.3128878091,5e-05,8.46354e-05,0.0677013101,0.1764532307,17.9946093107,0.5270026525,0.5531757732,0.0413674291,0.6321191597,-0.1708448772,0.0946518404,0.1285159939,74306,0.1246582603,7.0420837931,0.1505989583,7.0523958333,0.5243697801,7.0480502597,1772304768.2058265,0.1869381096,0,-18.1355225903,0.0,158.6706390381,0.5968796546,0.0513632201,-0.1694609307,2516.0,18.0768684896,0.1807838713,4481.3446973,0,5.4186346675
1e-05,0.5438864271,13.5149527995,15.8074800968,0.0520527759,0.0173664481,0.0109563422,6.3507161458,6.2966845703,13.5421994122,0.5473795573,0.5541266382,275,0.1104592935,0.5417404123,13.5161442057,-1.5048278336,0.0021232102,0.5418956831,0.5543184649,-1.5054259503,5e-05,9.76562e-05,0.0812678852,0.1601242357,13.4034828073,0.5429045842,0.5555546063,0.0409824077,0.6224597619,-0.1406346759,0.0869126433,0.128402561,74306,0.1105535855,6.3465454982,0.1080859375,6.3464778646,0.5419640523,6.3574086692,1772304768.206204,0.1500696564,0,-13.5290559792,0.0,158.6706390381,0.548015744,0.0646955372,-0.1416975119,2516.0,13.4717294312,0.1612861338,4481.3453198,0,5.7730311688
1e-05,0.5448557533,13.2793033854,15.4594652653,0.0499795463,0.0168790322,0.0107156372,6.0535872396,6.0071289063,13.3098905752,0.4999264804,0.5554664819,276,0.1148436974,0.546651693,13.244167277,-1.5607642762,0.0013866407,0.5499051367,0.5551854406,-1.5638560303,5e-05,6.51042e-05,0.0720603936,0.142600492,13.171765083,0.5456900091,0.5577194066,0.0399709153,0.6193988595,-0.1183253801,0.0842274284,0.1050374516,74306,0.1165712416,6.0313859336,0.0961458333,6.037796224,0.5473258188,6.035474828,1772304768.2068262,0.1471039011,0,-13.2913308885,0.0,158.6706390381,0.5004065972,0.0557378449,-0.1173294471,2516.0,13.2650878906,0.1431345058,4481.3458195,0,4.6989293707
1e-05,0.5467292819,13.1799454753,15.3576099873,0.0530733703,0.0183331032,0.0107340892,6.3486914063,6.2863802083,13.219078416,0.529258741,0.5553997856,277,0.1163845093,0.5458543968,13.1502424113,-1.539690027,0.0011785113,0.546810036,0.5553201587,-1.5429116859,5e-05,5.20833e-05,0.0696975821,0.144421746,13.078381711,0.5480449829,0.5560412823,0.0396783193,0.6237559032,-0.1103362389,0.0854936082,0.1279755252,74306,0.1176224722,6.303115092,0.1014453125,6.3298307292,0.5474581488,6.3104705127,1772304768.2073262,0.1461287851,0,-13.191782202,0.0,158.6706390381,0.5233359428,0.0512732856,-0.1113244796,2516.0,13.1677132161,0.147940228,4481.3463193,0,5.6865400279
1e-05,0.5558776608,11.2116822306,15.3352768421,0.0051637921,0.0165172406,0.0105043912,5.7087434896,5.6629410807,11.2627997243,0.4593717884,0.5635994657,278,0.0876991848,0.5544030365,11.2168782552,-1.6558689849,0.0012393268,0.5531143434,0.5632347125,-1.6590489376,5e-05,5.85938e-05,0.0885470351,0.1222861159,11.1426939522,0.5557191591,0.5628063614,0.0397715576,0.6105758943,-0.1013919811,0.0788643419,0.1099934249,74306,0.0889175756,5.7163081789,0.0761588542,5.7161263021,0.5531330275,5.7224831116,1772304768.2073262,0.1254685647,0,-11.2304949657,0.0,158.6706390381,0.4555056518,0.0589201551,-0.1027063878,2516.0,11.1773128255,0.1233263696,4481.346819,0,4.8273978521
1e-05,0.542607838,14.5541304525,16.1232409477,0.0559856626,0.0158673871,0.0116351612,6.2566015625,6.2278776042,14.5952139572,0.4997331877,0.5528299769,279,0.0984077646,0.5404718342,14.555004069,-1.5166556356,0.0012393268,0.5461546865,0.5527736762,-1.5144135288,5e-05,5.85938e-05,0.081319276,0.1417383389,14.462697734,0.5445192046,0.5581596773,0.0413268002,0.6223587954,-0.1212993104,0.0854338691,0.1128700469,74306,0.1007845979,6.2628939706,0.1092317708,6.25546875,0.5420506799,6.2671922012,1772304768.207826,0.1536371857,0,-14.5740711487,0.0,158.6706390381,0.5000496002,0.0612416449,-0.1226654101,2516.0,14.5104199219,0.1409634597,4642.636507,0,4.9965283646
1e-05,0.561235028,9.7483121745,15.7052307129,-0.0109102602,0.016374775,0.0110491403,5.5382682292,5.4833789062,9.7471027823,0.4203676032,0.5674618669,280,0.0809606882,0.5632360719,9.740530599,-1.7370897055,0.0005027572,0.5584492005,0.5678690884,-1.7389797302,5e-05,2.60417e-05,0.0967267591,0.1113539465,9.6392044013,0.5607962127,0.5635066806,0.0405451433,0.6092785027,-0.0776504213,0.074573199,0.1112843179,74306,0.0795653631,5.5415953157,0.06,5.5162825521,0.5621922551,5.5526053394,1772304929.5033152,0.1101102612,0,-9.7671230854,0.0,158.6706390381,0.4217633777,0.0578955533,-0.0796250346,2516.0,9.7365934245,0.110693619,4642.6370539,0,5.586145306
1e-05,0.5432116769,13.9931694539,14.8583784103,0.0506133885,0.0187466755,0.0101886018,6.5742838542,6.5304199219,14.0203110384,0.5408467521,0.5545909226,281,0.1106261607,0.542303541,13.9862695313,-1.4965287562,0.0025043365,0.5406357274,0.5537464696,-1.496443731,5e-05,0.0001106771,0.0784984681,0.1510807075,13.8949303413,0.5431604123,0.5571161232,0.0386200786,0.6222267588,-0.1139947255,0.0872348844,0.1092441017,74306,0.1106469165,6.5454689216,0.1108333333,6.568671875,0.5429209625,6.5674803753,1772304929.503772,0.1524034452,0,-14.0059781339,0.0,158.6706390381,0.5358822789,0.0633270051,-0.1180298768,2516.0,13.9565299479,0.1499887521,4642.6375536,0,5.2369033292
1e-05,0.5332839516,15.7592301432,15.3455443382,0.0710871286,0.0183814028,0.0107003609,6.5387044271,6.4960709635,15.8053951906,0.5522057273,0.5425547699,282,0.1358276444,0.5298540867,15.7665437826,-1.3944910379,0.0022448412,0.5327039503,0.5429416606,-1.3879031352,5e-05,0.0001106771,0.0768966594,0.1557215617,15.6786281746,0.5336663769,0.5492036299,0.0396721713,0.6264582199,-0.1422499356,0.0890758044,0.1445711622,74306,0.1373417119,6.5288323316,0.1320963542,6.5603255208,0.5306965175,6.5483299316,1772304929.5043187,0.1677689587,0,-15.7808857677,0.0,158.6706390381,0.5532559865,0.07071215,-0.1431300839,2516.0,15.6895326742,0.1532071402,4642.6380543,0,6.3725594802
1e-05,0.5342890454,16.5425314331,15.9006006718,0.0985332696,0.0177997353,0.0111220733,6.876328125,6.8461230469,16.5831838085,0.5598519348,0.5421160211,283,0.1319842688,0.5295014743,16.502750651,-1.3674231352,0.0018285824,0.5360557239,0.5421439055,-1.3648299211,5e-05,8.46354e-05,0.0607038332,0.1395705354,16.4459312722,0.5338501141,0.5487043352,0.0410144838,0.634222766,-0.149643257,0.0930029272,0.1412111465,74306,0.1290382726,6.8703983814,0.1383203125,6.8948567708,0.5287958676,6.8853916222,1772304929.5048184,0.1754174939,0,-16.5585429706,0.0,158.6706390381,0.5604263938,0.0501511833,-0.1522683729,2516.0,16.5247949219,0.1363215448,4642.6385547,0,5.6075149066
1e-05,0.5558617607,10.8693640137,15.3653748035,-0.0229355612,0.0174216084,0.0106156166,5.7289648438,5.6791097005,10.8921381188,0.4488285223,0.5626206121,284,0.0840041914,0.5551399332,10.8486812337,-1.6493628728,0.0010920128,0.5454385598,0.56208804,-1.6502082594,5e-05,5.20833e-05,0.1156683967,0.1023061561,10.7854723937,0.5558449526,0.5637692089,0.0398092469,0.6091579457,-0.0928523408,0.0772498343,0.1145660539,74306,0.0854500021,5.7331734411,0.0794401042,5.7458723958,0.5547027535,5.7526345184,1772304929.5058196,0.1213516798,0,-10.8826338993,0.0,158.6706390381,0.4470315386,0.0746346893,-0.0954898177,2516.0,10.849177653,0.1032159285,4642.6395536,0,5.1902353076
1e-05,0.5389602898,14.6902335612,15.7236700058,0.0348176863,0.017013366,0.0108928831,6.5066145833,6.4502490234,14.7171495121,0.5344484963,0.5500132262,285,0.1138382875,0.5378212163,14.6550170898,-1.4457930561,0.0013866407,0.5350420254,0.5500296223,-1.4432951719,5e-05,6.51042e-05,0.0989740784,0.1464871514,14.6042540391,0.539608104,0.5559010696,0.0407313585,0.6192492855,-0.1211411463,0.0865312921,0.1239918093,74306,0.11428338,6.4789689683,0.1212890625,6.4914876302,0.5386635201,6.5074049479,1772304929.5063186,0.1565256677,0,-14.7031752119,0.0,158.6706390381,0.5360367266,0.068278366,-0.1209412466,2516.0,14.6864054362,0.1462770951,4642.6400535,0,6.0316889195
1e-05,0.5417002213,15.044556071,16.0578010082,0.0507960089,0.0168693861,0.0108961662,6.4922428385,6.4704947917,15.0473188072,0.5266420539,0.5490107861,286,0.1226092642,0.5393669788,15.0307552083,-1.4555454346,0.0016812685,0.5381632485,0.5485254585,-1.457974869,5e-05,7.8125e-05,0.0735485782,0.1128186814,14.914497549,0.5412621199,0.5538506112,0.0416377131,0.6252625855,-0.1047893565,0.0877191258,0.1031864501,74306,0.120924756,6.498035619,0.1213541667,6.505172526,0.537400348,6.5157037167,1772304929.5073185,0.1611510181,0,-15.0602896091,0.0,158.6706390381,0.52536109,0.0601680094,-0.1050862807,2516.0,14.9948852539,0.114047942,4642.6410535,0,5.0504279651
1e-05,0.5635583003,10.0318188477,16.1261441708,-0.0229425873,0.015474901,0.0108024096,5.3223372396,5.2867447917,10.0554522946,0.3881892642,0.566314992,287,0.0740242098,0.5612179329,9.9902652995,-1.7437883238,0.0011785113,0.5541647666,0.5673195908,-1.7453107838,5e-05,5.20833e-05,0.1164647525,0.0547421749,9.9512904893,0.562866615,0.5666516813,0.0422085889,0.6077885191,-0.0404218299,0.0741849408,0.1039788103,74306,0.077147101,5.3294563411,0.06,5.3314713542,0.5608407364,5.3421367128,1772304929.5078185,0.1111547325,0,-10.0530382433,0.0,158.6706390381,0.3881550795,0.0621550923,-0.0436118533,2516.0,10.053499349,0.0517585067,4642.6415532,0,5.5554421264
1e-05,0.54291696,14.7000415039,15.6760013103,0.0910408862,0.0169893487,0.0100083399,6.4906445313,6.4663020833,14.7470398655,0.5216871299,0.5490046913,288,0.125856727,0.541157454,14.7078365072,-1.4910611856,0.0016812685,0.5483018422,0.5494624244,-1.4887782117,5e-05,7.8125e-05,0.0542608638,0.1364884333,14.6174835948,0.5439554456,0.5560555178,0.0415591574,0.6290138125,-0.1057172207,0.0892353245,0.1195387268,74306,0.1276859006,6.4875749344,0.1122265625,6.5123697917,0.5408173237,6.5034370543,1772304929.5088181,0.1584988879,0,-14.7193425384,0.0,158.6706390381,0.5214873994,0.0556796094,-0.1043125268,2516.0,14.6673714193,0.1337945114,4642.6425526,0,5.622373461
1e-05,0.537539868,15.7770222982,16.0456352234,0.0909202762,0.0155344608,0.0101905767,6.434921875,6.4047395833,15.7857923614,0.5279773308,0.5489906241,289,0.1349412501,0.5386054906,15.7248063151,-1.4561067422,0.0016812685,0.5450648052,0.5480504436,-1.4572867521,5e-05,7.8125e-05,0.0504858864,0.1426429369,15.6551503525,0.5381006958,0.5603229418,0.0425545939,0.6266240487,-0.1024842213,0.088233249,0.1488076973,74306,0.1330441208,6.4248603811,0.1186848958,6.4458854167,0.5375727632,6.4394420099,1772304929.5093184,0.1661702186,0,-15.7921665833,0.0,158.6706390381,0.5250034037,0.0453826672,-0.1031687983,2516.0,15.7675358073,0.1433724233,4802.5395607,0,5.8884214958
1e-05,0.5559123432,11.3818846798,16.0070443153,0.0110518141,0.0164479375,0.0098812604,6.1019466146,6.04390625,11.3985184668,0.5002860771,0.5607981133,290,0.1263709533,0.5564169327,11.3747054036,-1.6216535942,0.0021232102,0.5465939435,0.5610000324,-1.6163089677,5e-05,9.76562e-05,0.0979170294,0.1224983013,11.2720005766,0.5557270104,0.5619902195,0.0424821909,0.6110896575,-0.0792152414,0.0824879707,0.1220500051,83463,0.1288821434,6.0854263129,0.083828125,6.0975195312,0.5564660546,6.0987318228,1772305089.411535,0.129259564,0,-11.3964169942,0.0,188.0463562012,0.5032675309,0.0672157934,-0.079146418,9156.0,11.3370572917,0.123146756,4802.5400628,0,5.4000165928
1e-05,0.5357808223,14.3607128906,15.5824103355,0.0064824117,0.0175724054,0.0100716845,6.295139974,6.2238769531,14.3900943599,0.560367329,0.544691334,291,0.1556102754,0.5350325888,14.2744954427,-1.4056514015,0.0018893979,0.5250146408,0.544670157,-1.4086435999,5e-05,9.11458e-05,0.1193647037,0.1581897239,14.2619350572,0.5346823372,0.5566327968,0.0411596402,0.6121510178,-0.1120564754,0.0855574583,0.1463417733,83463,0.1568667974,6.2726682381,0.1279036458,6.2865917969,0.5337560944,6.2872371411,1772305089.4125342,0.1540893102,0,-14.3784833997,0.0,188.0463562012,0.5615775086,0.0829970957,-0.1117751974,9156.0,14.3967871094,0.1573374999,4802.5408701,0,6.0207050952
1e-05,0.5289120667,16.0678580729,15.2120931149,0.0677256796,0.0180772797,0.0100012493,6.5932161458,6.5632682292,16.0992222916,0.5763959021,0.5425513167,292,0.1368419109,0.5273573759,16.0023038737,-1.3541980378,0.0024786535,0.529464493,0.5416894051,-1.3502372162,5e-05,0.0001171875,0.0982582917,0.1794371635,15.9589579961,0.5294093254,0.5495750748,0.039975872,0.6278974509,-0.1166419313,0.0902096231,0.139359653,83463,0.1349626089,6.5978256258,0.1387109375,6.6205794271,0.5285044112,6.6068173311,1772305089.4130363,0.1694861977,0,-16.0767617857,0.0,188.0463562012,0.5779893344,0.0704026234,-0.1205613097,9156.0,16.0440177409,0.1796175995,4802.5413731,0,5.6579957692
1e-05,0.538115946,14.9317749023,15.7885971069,0.0444411806,0.0237211386,0.0112443773,6.8507845052,6.7751220703,15.0475143825,0.5947319356,0.5477171608,293,0.1295145819,0.536770901,14.9224446615,-1.39799596,0.0008838835,0.5330139322,0.5474061831,-1.3988568381,5e-05,3.90625e-05,0.0959849479,0.1806138382,14.9290300717,0.5363576817,0.5507545947,0.0404629803,0.6273994336,-0.120955393,0.086388067,0.2022359246,84235,0.1306293703,6.8278886332,0.1189583333,6.804625651,0.5381910139,6.8535770654,1772305089.4138436,0.1544119638,0,-14.9465709676,0.0,72.7053451538,0.5965485182,0.0673017588,-0.1199610431,3226.6666666667,14.8844167074,0.1790103875,4802.5422178,0,6.9411107523
1e-05,0.5381811623,15.6372591146,15.5685882568,0.0613145891,0.025053276,0.0110021122,7.2521028646,7.2010384115,15.6943075829,0.6118045182,0.5484424711,294,0.1403398574,0.538609569,15.6230664063,-1.3854359856,0.0019758963,0.5333090809,0.5476322146,-1.3879672544,5e-05,9.11458e-05,0.0819342053,0.1642801133,15.5548093864,0.5375656032,0.5541218293,0.0399942684,0.6246569669,-0.1262050319,0.0907150031,0.1825589803,84235,0.1364998709,7.2292977011,0.124453125,7.2637890625,0.5374053174,7.2529603095,1772305089.4143467,0.1656036357,0,-15.6454057914,0.0,15.0348396301,0.6111377979,0.0620851431,-0.1309003886,262.0,15.5827669271,0.1622421099,4802.5422178,0,6.3146316292
1e-05,0.5554164854,11.8614453125,15.1887495518,0.0006505086,0.0176968914,0.010682265,6.4971809896,6.4421484375,11.9088171075,0.5023975953,0.5622578544,295,0.1079751316,0.5547368227,11.8239583333,-1.6060752955,0.0015339546,0.5457138036,0.5617871659,-1.608394798,5e-05,7.16146e-05,0.1107590354,0.107567456,11.7930471472,0.5554868833,0.5603207615,0.0391428963,0.6081708282,-0.0961892407,0.0809463605,0.1460461297,84235,0.1087514333,6.5003888825,0.0787890625,6.4955729167,0.555133585,6.5218985759,1772305089.4151917,0.1284996564,0,-11.8779632988,0.0,15.0348396301,0.500745537,0.0622475447,-0.0982274604,262.0,11.8427864583,0.110138687,4802.5427206,0,5.7156981346
1e-05,0.554729081,13.0002246094,15.8440747261,0.0389880822,0.0157312748,0.0115996416,6.1737109375,6.1448828125,12.9710456434,0.4719623144,0.5588619127,296,0.1089219988,0.5536101715,12.9651523336,-1.6119591999,0.0008838835,0.555815253,0.5591882344,-1.6144164262,5e-05,3.90625e-05,0.063874387,0.0899761857,12.8525075821,0.5552328896,0.5661670526,0.0403576835,0.6158152654,-0.1035313464,0.0827427787,0.1133020344,84235,0.1070380184,6.1716242445,0.0853385417,6.1672786458,0.553028097,6.1853049129,1772305089.4156942,0.1394424686,0,-13.0174318477,0.0,15.0348396301,0.4723060789,0.041949836,-0.1019510327,262.0,12.9841642253,0.091871462,4802.5432217,0,4.8620963967
1e-05,0.5571573346,11.1170291138,15.2672040462,0.0282528767,0.0161974293,0.0106068635,5.8411132813,5.7874121094,11.1462632417,0.4559873173,0.5604939435,297,0.097330062,0.5560758358,11.1242657471,-1.6467522756,0.0016555855,0.5522634063,0.5613078117,-1.646885343,5e-05,8.46354e-05,0.0946647288,0.094516506,11.0240464029,0.5590462741,0.5595602659,0.0395109161,0.6185055202,-0.086356492,0.0802610145,0.1191051461,84235,0.1000445854,5.8250535911,0.0786979167,5.8222005208,0.5561784605,5.8339625428,1772305089.4156942,0.1253207115,0,-11.1329587726,0.0,15.0348396301,0.4500654234,0.072496975,-0.0883368659,262.0,11.0733398438,0.0938976715,4802.5439663,0,5.3297876691
1e-05,0.5552248178,11.2505924479,15.5499703884,-0.0357421155,0.0188696296,0.0111872617,7.2754947917,7.1348828125,11.3093586461,0.5653318016,0.5604663549,298,0.1169599364,0.5541342018,11.1663484701,-1.5326096628,0.0021232102,0.5348141787,0.5614530443,-1.5307150142,5e-05,9.76562e-05,0.132650237,0.1143526271,11.1951933002,0.5539872337,0.5560168606,0.0398331976,0.6076846747,-0.1168614139,0.0814904067,0.2003524622,84235,0.1170228518,7.1657922493,0.084140625,7.1608984375,0.5543005664,7.2005757136,1772305089.4161954,0.1228999988,0,-11.2641229486,0.0,15.0348396301,0.5653553808,0.0850538574,-0.1168371112,262.0,11.296161499,0.1102624714,4802.5444709,0,6.1970104738
1e-05,0.5466829764,14.3870800781,15.5037317276,0.042078673,0.016396655,0.0109093086,6.4825455729,6.4458235677,14.4014769676,0.5256179295,0.5519319467,299,0.1301319933,0.5431012452,14.3650325521,-1.4971109718,0.0014731391,0.5441773778,0.5512901709,-1.4990412593,5e-05,6.51042e-05,0.0687999518,0.1141299297,14.2607969439,0.5466672368,0.5622182813,0.039948798,0.6215278457,-0.1163678846,0.0868718335,0.1256126153,84235,0.1300166054,6.4780117475,0.1107942708,6.4842903646,0.5432356242,6.4813374505,1772305089.41694,0.154400647,0,-14.404488031,0.0,15.0348396301,0.5252830086,0.0532571952,-0.1170137802,262.0,14.3593621826,0.1120209272,4962.2168629,0,5.0810774488
1e-05,0.5431909852,14.1647330729,15.547645092,0.0305970464,0.0164537049,0.0108173839,6.4293619792,6.37265625,14.2093543685,0.5246192324,0.5511364962,300,0.1160412194,0.5409374598,14.112421875,-1.4736495369,0.0007365696,0.538922914,0.551221204,-1.4746783171,5e-05,3.25521e-05,0.1008509251,0.1274436608,14.0939766847,0.5434219256,0.5515145384,0.0401848427,0.624157472,-0.1239787983,0.0822523108,0.1474575922,86020,0.1164663031,6.4179625351,0.1066666667,6.416796875,0.5404700022,6.4381934754,1772305249.0950375,0.1455057296,0,-14.1823919754,0.0,196.2753295898,0.5224306763,0.0627393463,-0.1210863873,1784.0,14.1806282552,0.1284848947,4962.2173642,0,5.483133886
1e-05,0.5627165659,9.1956433105,15.4612820148,-0.0757538157,0.0153761198,0.0107413443,5.8012760417,5.7238997396,9.2396607104,0.439028619,0.5687682865,301,0.0680231474,0.5616334026,9.1231901042,-1.704860409,0.0005892556,0.5429618217,0.5681434124,-1.7034002205,5e-05,2.60417e-05,0.1604298667,0.0917168705,9.1407145901,0.5613826998,0.5632298318,0.0399412815,0.5998030356,-0.0768172812,0.0712322721,0.1297581855,86020,0.0689329183,5.7812008087,0.0593098958,5.7718880208,0.5615447285,5.8060951628,1772305249.0960383,0.1017604929,0,-9.2090319506,0.0,196.2753295898,0.4419860383,0.0838436681,-0.0728979229,1784.0,9.2361564128,0.0925793564,4962.2178637,0,5.2629102046
1e-05,0.5546212996,10.0406858317,15.3125486374,-0.0609506436,0.0175015455,0.0107700809,6.9935481771,6.8444791667,10.033703663,0.5617533137,0.5615136415,302,0.1001203653,0.5555484574,10.0138291423,-1.5552716979,0.0008838835,0.5299516524,0.5629648149,-1.5545798538,5e-05,3.90625e-05,0.1684027214,0.1299398087,9.9227397473,0.5556300802,0.5479052949,0.0395083396,0.6056675013,-0.1143827234,0.0751815184,0.2017409633,86020,0.1043111043,6.8577113416,0.0725651042,6.8313378906,0.5557486275,6.8960073697,1772305249.096538,0.1113848845,0,-10.057015018,0.0,196.2753295898,0.5611034301,0.1004192554,-0.114213768,1784.0,10.043478597,0.1289341594,4962.2183633,0,6.4385026433
1e-05,0.5430371561,13.0014078776,15.8583705425,-0.0075882566,0.0160290154,0.0117520698,6.5050390625,6.4312093099,13.0394162698,0.5453704064,0.5515636164,303,0.1041931917,0.5394295224,12.9686783854,-1.4589806742,0.0014474561,0.5277630166,0.5509497453,-1.4589411512,5e-05,7.16146e-05,0.1358663653,0.1391664888,12.9045613482,0.5414238252,0.5538675226,0.0403031898,0.6113534333,-0.1268092996,0.082691306,0.1800612529,86020,0.1023056041,6.4860093444,0.1119661458,6.4893684896,0.5405683211,6.5014316248,1772305249.096538,0.1418263842,0,-13.0160314462,0.0,196.2753295898,0.5438533269,0.0820842412,-0.1281846612,1784.0,12.9784765625,0.1393879029,4962.2188632,0,6.2663422081
1e-05,0.5700252534,8.8030175781,15.378651619,-0.0417585347,0.0152261382,0.0109844232,5.9815592448,5.9283349609,8.8696476553,0.4437142644,0.5729010109,304,0.0558449287,0.5713462507,8.7840917969,-1.7621316997,0.0021232102,0.5521223645,0.5722879591,-1.7652754058,5e-05,9.76562e-05,0.1188891687,0.0878171118,8.751630529,0.5709169528,0.566953303,0.0395054046,0.5984567385,-0.0581917299,0.0756251198,0.1285481251,86020,0.0533769098,5.9645518014,0.0480729167,5.9621419271,0.5709490303,5.9801593995,1772305249.0970376,0.1049578285,0,-8.8219872655,0.0,196.2753295898,0.4441540216,0.0764909226,-0.0590123189,1784.0,8.8011140951,0.0835942943,4962.2188632,0,5.1854356799
1e-05,0.5344629914,15.6688216146,15.4455859661,0.0619173969,0.0168011072,0.0112131405,6.611500651,6.5737207031,15.7017798707,0.5669205069,0.5452689943,305,0.1415182661,0.5314374783,15.6220768229,-1.3841567898,0.0022705241,0.5321661931,0.5432864491,-1.3840958925,5e-05,0.0001041667,0.0826744703,0.1431443701,15.5420955238,0.534136496,0.5534060135,0.0394896301,0.6259854458,-0.1379959627,0.0910253105,0.1251003774,86020,0.1400069829,6.5933806987,0.1371223958,6.6059602865,0.5322313627,6.5938294157,1772305249.0975375,0.1697241624,0,-15.6855729479,0.0,196.2753295898,0.5676666916,0.0648278563,-0.1374885426,1784.0,15.6527140299,0.1457909477,4962.219474,0,4.8651238906
1e-05,0.5468419942,12.3944960022,15.4586210251,0.0101509737,0.015422255,0.0109458367,5.9268554688,5.8945377604,12.4241712636,0.4680269581,0.5522649814,306,0.1216204201,0.5429327769,12.337409668,-1.5537401772,0.0012393268,0.5417813703,0.5522900766,-1.554682078,5e-05,5.85938e-05,0.0993743898,0.1045037025,12.2944046089,0.5450449714,0.559155925,0.039752543,0.6123181876,-0.1134635015,0.0813625617,0.1144395115,88159,0.1237774803,5.9377645181,0.1,5.9394466146,0.5423058406,5.9405367224,1772305249.0975375,0.1358028941,0,-12.4111573582,0.0,192.0294799805,0.4704199991,0.0662241019,-0.1136372211,1902.0,12.405999349,0.1004062647,4962.2199766,0,5.1178778255
1e-05,0.5526379015,11.7283536784,15.3858294487,-0.0008633519,0.0195410835,0.0107819327,6.8454557292,6.7660546875,11.7446810673,0.5528213458,0.5571987461,307,0.1201263186,0.5487520625,11.7067683919,-1.5209980004,0.0022097087,0.5331022853,0.5579215331,-1.5197836773,5e-05,9.76562e-05,0.1272991056,0.1146439702,11.6051499091,0.551962396,0.5554005368,0.0396308494,0.6138056207,-0.1252677288,0.0833848313,0.1438007433,88159,0.1182055755,6.7989343913,0.0948828125,6.8122981771,0.5493035095,6.8208263891,1772305249.0981483,0.1339645481,0,-11.7389927432,0.0,183.5377807617,0.5508407025,0.0774061693,-0.125155261,2138.0,11.7130183919,0.1148099008,4962.2199766,0,5.604164023
1e-05,0.5472142517,12.3327124023,15.2879025936,0.0056001656,0.0170518068,0.0110252174,6.3682747396,6.3236621094,12.406888826,0.5478848972,0.5539678451,308,0.1281092435,0.544316334,12.2905533854,-1.5015198476,0.0021232102,0.5367439085,0.5544163379,-1.502173268,5e-05,9.76562e-05,0.1055526347,0.1324948104,12.2652706757,0.5468591613,0.5537063227,0.0391421684,0.6171456226,-0.1310308165,0.0837643673,0.1566113759,88159,0.1274468086,6.3752056884,0.1041796875,6.3603222656,0.5448284539,6.3861622424,1772305249.098651,0.1392927711,0,-12.348290702,0.0,183.5377807617,0.5469743611,0.0710846692,-0.1307380974,2138.0,12.3273828125,0.1262672315,4962.2206372,0,5.6671871831
1e-05,0.5659034263,6.9133951823,15.7518818378,-0.1136636271,0.0170321006,0.0107913828,5.6004329427,5.5401985677,6.9831612624,0.4652299765,0.568684051,309,0.100790882,0.5653109389,6.9116210938,-1.7097242442,0.0002946278,0.5393606804,0.5692984932,-1.7124724352,5e-05,1.30208e-05,0.1720872017,0.0918143141,6.8747354827,0.5661154132,0.5580168422,0.0408193811,0.5924190726,-0.0866565345,0.0677258151,0.1390514586,88159,0.0988832551,5.6028225554,0.0466666667,5.611422526,0.5655232142,5.6293581388,1772305249.0993116,0.0882198291,0,-6.9282914906,0.0,183.5377807617,0.4651132677,0.0932395867,-0.084045104,2138.0,6.8846484375,0.0929745564,5123.6971442,0,5.5444402247
1e-05,0.5611182905,9.3999747721,15.7455704212,-0.0399497167,0.0171316143,0.0114437175,6.2824739583,6.2509765625,9.4459985426,0.4938760349,0.5650855921,310,0.1042899155,0.560159619,9.4192154948,-1.6461687911,0.0013866407,0.5396272373,0.5660475289,-1.6442387322,5e-05,6.51042e-05,0.1445095458,0.1084160194,9.3303157816,0.5603102564,0.5583712661,0.0402014033,0.6019940907,-0.0955493448,0.0738086698,0.1381052075,89833,0.1055397108,6.267605695,0.06,6.3192382812,0.5599814575,6.2958209254,1772305410.5810826,0.1088717212,0,-9.4174583966,0.0,12.4516639709,0.4949864465,0.083452127,-0.0969636461,296.0,9.3520812988,0.1066597149,5123.6976462,0,5.0997989078
1e-05,0.5382867677,14.9899121094,15.4420456886,0.0588384931,0.015995745,0.0109321785,6.7540039063,6.723922526,15.0171843023,0.5489355918,0.5495225308,311,0.1058191286,0.5379438785,14.9387272135,-1.4357450783,0.0013258252,0.5390426714,0.5490112537,-1.4369841552,5e-05,5.85938e-05,0.0784581289,0.1456852403,14.8575749544,0.5388980404,0.5602103872,0.0397523506,0.6223778206,-0.1232776166,0.0894227519,0.1329169923,89833,0.1075160601,6.7336249844,0.1239322917,6.7540332031,0.537951618,6.7413208598,1772305410.5815835,0.1662739308,0,-15.0052269868,0.0,12.4516639709,0.5452847466,0.0547375666,-0.121141512,296.0,14.9751302083,0.1448299036,5123.6976462,0,5.2248586937
1e-05,0.5529254856,11.6711425781,15.7901587486,-0.0031970121,0.0170976065,0.011435291,6.6521940104,6.6113053385,11.729176042,0.5413234605,0.5590671749,312,0.0984124703,0.5533617909,11.6517399089,-1.5295764626,0.0027732813,0.538331865,0.5593270779,-1.5297410878,5e-05,0.0001302083,0.1102447564,0.1150599281,11.5808196681,0.5522450539,0.5585030814,0.0403813012,0.6120752487,-0.1077501048,0.0841706877,0.1150934558,89833,0.0962454897,6.6232649032,0.0936197917,6.6401953125,0.5530488409,6.6361380184,1772305410.5820854,0.1366250526,0,-11.6874102459,0.0,12.4516639709,0.5449316745,0.0776498888,-0.1089781285,296.0,11.6493733724,0.1143576645,5123.6981493,0,4.6105416547
1e-05,0.5513706503,11.7528613281,15.798101902,-0.0506496738,0.0192510239,0.0110133529,7.1480664062,7.1111979167,11.8067420472,0.6016732903,0.5593343657,313,0.1158194054,0.5511185979,11.7269921875,-1.4736412395,0.0011785113,0.5274430782,0.5588555792,-1.4739995818,5e-05,5.20833e-05,0.1596863358,0.1429167571,11.6970903187,0.5496774013,0.5584344193,0.0407963109,0.6034403238,-0.1366763567,0.0794275112,0.1467911194,90279,0.113292626,7.0957299115,0.0907552083,7.1727278646,0.5508595076,7.136824145,1772305410.5825887,0.1251692423,0,-11.7665058234,0.0,29.345597585,0.6035441906,0.0947629419,-0.1373031771,395.3333333333,11.7425406901,0.1419331609,5123.698649,0,5.7468564191
1e-05,0.5601538241,7.4332535807,16.3263878822,-0.1362123756,0.0215574722,0.0110360781,6.6576432292,6.5848144531,7.5375740822,0.5973151027,0.5654125783,314,0.1289603593,0.5604585032,7.4293359375,-1.5573491031,0.0008838835,0.5219705034,0.5631295994,-1.5588013245,5e-05,3.90625e-05,0.2189962968,0.1518861468,7.4509538263,0.559286506,0.5468273216,0.0425426189,0.5934242393,-0.1170713345,0.0693315481,0.1757367958,90279,0.1271740463,6.5780821082,0.0558984375,6.6620442708,0.5595352782,6.6305410688,1772305410.5830884,0.0872718914,0,-7.4461819863,0.0,37.7925643921,0.5981659367,0.1227051294,-0.1151451001,445.0,7.377728068,0.1496794988,5123.698649,0,6.2915877256
1e-05,0.5658631807,8.0031758626,15.5091900826,-0.0534337998,0.0151643198,0.0110759163,5.5280859375,5.5041276042,8.0021048928,0.4600447355,0.5727700455,315,0.0728004031,0.5696138139,7.995863444,-1.7590766543,0.0011528283,0.5572399113,0.5730156094,-1.7624620627,5e-05,5.85938e-05,0.1361216564,0.1325823239,7.9094449366,0.566160937,0.5639029722,0.039756488,0.5991806901,-0.0965589037,0.0710421604,0.1221928255,90279,0.0770270725,5.5454845637,0.04,5.5846809896,0.5688755031,5.5693494023,1772305410.5830884,0.0919416484,0,-8.0200339302,0.0,37.7925643921,0.4567145992,0.0770210048,-0.0928864653,445.0,7.991624349,0.1322652756,5123.6994921,0,5.2815975488
1e-05,0.5593159936,8.6756266276,15.5123074055,-0.0657881565,0.015797603,0.0108251874,6.0565234375,6.0333007813,8.7193160951,0.5189401004,0.5685630334,316,0.0885533437,0.5632506416,8.6705647786,-1.6491199129,0.0009446989,0.540745127,0.5683780033,-1.6482096286,5e-05,4.55729e-05,0.155858745,0.1468110961,8.6124251568,0.5586118134,0.5593626398,0.0399848954,0.5983316048,-0.0942724034,0.0723514085,0.1372571845,90279,0.0858386808,6.0758528297,0.0560807292,6.1296028646,0.5632125595,6.1050222549,1772305410.5839314,0.1008468506,0,-8.6918039227,0.0,37.7925643921,0.5146623111,0.0927625292,-0.0928840112,445.0,8.6627547201,0.149750663,5123.6999962,0,4.836691187
1e-05,0.5473059441,12.9391145833,15.3614120483,0.025929938,0.01586343,0.0110922464,6.2318554688,6.2047102865,12.9517916123,0.5035028038,0.5580964909,317,0.0944417416,0.5493527428,12.8899479167,-1.5629029302,0.0023313396,0.5486380241,0.5561651214,-1.5627307836,5e-05,0.0001106771,0.0790133784,0.1456055974,12.8130678167,0.5480427789,0.5660882767,0.0393390632,0.6096119297,-0.1070595678,0.0843003981,0.1176011356,90279,0.0938468266,6.232025547,0.0944270833,6.2490104167,0.5480758228,6.2366898747,1772305410.5844357,0.1441050688,0,-12.9522736446,0.0,37.7925643921,0.4988712392,0.0581410319,-0.1036464778,445.0,12.9202148437,0.1455549293,5123.700497,0,4.827676881
1e-05,0.5461690446,13.270291748,15.4633963108,0.0105731669,0.015430359,0.0107844138,6.91359375,6.8871516927,13.3113085976,0.5793508364,0.5550939627,318,0.1086605062,0.5478956608,13.2537255859,-1.4863856227,0.0025651519,0.5350699565,0.5559299047,-1.4861418479,5e-05,0.0001171875,0.1123478548,0.1608749127,13.1772905648,0.5462560807,0.5633355765,0.0399407585,0.6085639175,-0.1217799591,0.0852661328,0.1521874309,90279,0.1078552876,6.9123029451,0.1001171875,6.9498632812,0.5484866685,6.9327719705,1772305410.5849364,0.1453325724,0,-13.2850821237,0.0,37.7925643921,0.5789516017,0.0767386928,-0.1253244785,445.0,13.2349438477,0.1574972921,5123.7009955,0,5.7207174595
1e-05,0.5553338838,10.6973307292,15.3852152824,-0.0510580082,0.0166816815,0.0108265058,6.2041731771,6.173046875,10.7302497757,0.5323470455,0.559563754,319,0.104429997,0.5533983349,10.6891422526,-1.5725045301,0.0010311974,0.5361560684,0.5600392406,-1.5728715951,5e-05,4.55729e-05,0.1454047695,0.1320969739,10.6166379653,0.5551297795,0.5589617859,0.0396104956,0.6035648448,-0.1068647682,0.0760902006,0.1350253962,90279,0.1093706174,6.1921956188,0.0786848958,6.2668229167,0.5545049271,6.21696358,1772305410.5849364,0.1186677549,0,-10.7147023082,0.0,37.7925643921,0.5335339071,0.0814088251,-0.1044865354,445.0,10.6884765625,0.1332683836,5282.8749592,0,4.7584902019
1e-05,0.5680873577,8.4365039062,15.6650247574,-0.0601448621,0.0150575555,0.0109787186,5.9852213542,5.9535742188,8.4831035029,0.4888319865,0.5734310835,320,0.0958231005,0.5687369082,8.4553125,-1.7474205204,0.0004419417,0.5577724165,0.5735697166,-1.7488765179,5e-05,1.95312e-05,0.1289313688,0.1265078359,8.3974517153,0.5677715519,0.5645922575,0.0403368831,0.5982647551,-0.1005314429,0.0713685984,0.1146735927,92344,0.0944217519,5.9955349633,0.0360416667,6.0059635417,0.5696107689,6.0225789369,1772305569.7645795,0.0928532087,0,-8.4549349356,0.0,181.0569000244,0.4860279111,0.0735641704,-0.1010649958,2064.0,8.4045117187,0.1250424374,5282.8754578,0,4.4271711144
1e-05,0.5569460246,11.1384309896,15.2029776573,0.0086840944,0.0186764511,0.0106572064,6.4875520833,6.4418066406,11.1662964297,0.5563491534,0.5620386327,321,0.1235643464,0.5552202473,11.1093196615,-1.5814607401,0.0017677669,0.5464305069,0.5618069696,-1.5847139228,5e-05,7.8125e-05,0.0941096524,0.1391766959,11.0387449879,0.5576194727,0.5579783762,0.0392372417,0.6173193777,-0.1369097487,0.0816262508,0.1242303941,92344,0.1201650748,6.4587497282,0.0772135417,6.484921875,0.5555301756,6.4765552892,1772305569.76558,0.1266823389,0,-11.1504980581,0.0,181.0569000244,0.5547659119,0.0680315457,-0.1375920806,2064.0,11.1125,0.1404090812,5282.8759579,0,5.1119888951
1e-05,0.5639199354,9.1945263672,15.0399262905,-0.0411662674,0.0162117923,0.0106979656,5.7408658854,5.6908365885,9.2260314398,0.4870347862,0.5676106072,322,0.1091202544,0.5612405965,9.1537955729,-1.6916817278,0.0005027572,0.5477379831,0.5666849615,-1.6882118239,5e-05,2.60417e-05,0.1249136,0.1246107761,9.1098954937,0.563597518,0.56331096,0.0386413431,0.6004457391,-0.1117232181,0.0727548777,0.1135758945,92344,0.1124063941,5.7356402918,0.0560416667,5.7353580729,0.5610450069,5.7556415674,1772305569.76608,0.1079849883,0,-9.2084233455,0.0,181.0569000244,0.4891705701,0.0769128289,-0.1115697827,2064.0,9.1869789632,0.125695848,5282.8764571,0,4.6080958196
1e-05,0.5380503357,14.7041560872,15.389888525,0.0354348301,0.0162258432,0.0107993499,6.9512955729,6.9138378906,14.7476104348,0.5914550064,0.5423841084,323,0.1586380471,0.5347855885,14.6420670573,-1.3792772712,0.0015339546,0.5323388492,0.5419285432,-1.3820415228,5e-05,7.16146e-05,0.1099600653,0.1597919835,14.6269534498,0.5381557571,0.5544111553,0.039675161,0.6194467556,-0.1549405312,0.0873169855,0.1365685986,92344,0.1556979004,6.9336857397,0.1189583333,6.9594726562,0.5352014173,6.9576966049,1772305569.7665792,0.1547124032,0,-14.7205167829,0.0,181.0569000244,0.5879150964,0.0745680504,-0.1573057992,2064.0,14.7188354492,0.1620345328,5282.8769581,0,5.553099679
1e-05,0.5354838673,15.0272200521,15.457555294,-0.005945898,0.0193953427,0.0108482973,7.3967708333,7.3050520833,15.0447777468,0.6589228213,0.5428106754,324,0.156506154,0.5322263539,14.9791471354,-1.312025009,0.0022705241,0.5180374434,0.5423401723,-1.3092222931,5e-05,0.0001041667,0.1431521902,0.1637875564,14.9356132166,0.5364895,0.5506177782,0.0398657934,0.6136645877,-0.1697641519,0.0858805083,0.1635379253,92344,0.1571450071,7.3184226097,0.1241536458,7.3171158854,0.5333628046,7.3601972159,1772305569.7665792,0.153705316,0,-15.0362945397,0.0,181.0569000244,0.6577634668,0.0817585068,-0.1704269408,2064.0,15.015078125,0.1679698556,5282.8774581,0,5.5920263405
1e-05,0.5653941945,10.1135742187,15.3904292583,0.0095727248,0.0167502449,0.010823009,6.2429036458,6.1747428385,10.1438371499,0.4932915284,0.5699098456,325,0.10560628,0.5670792706,10.1229557292,-1.7068032877,0.0025043365,0.5587760491,0.5697794386,-1.705371549,5e-05,0.0001106771,0.0835213629,0.1158366843,10.024677568,0.5641503958,0.5648050868,0.0396441436,0.6085561263,-0.102562467,0.0779336572,0.1174476532,92344,0.1022285897,6.1953372034,0.0521354167,6.1991601562,0.5650341516,6.2141926638,1772305569.7670805,0.1170439281,0,-10.1304022368,0.0,181.0569000244,0.4917718114,0.0635634674,-0.1008517057,2064.0,10.0900130208,0.1152155594,5282.8779573,0,4.9401454467
1e-05,0.5521479738,12.0594661458,15.5405550003,-0.0313433363,0.0173819717,0.0110583305,6.5539127604,6.4811588542,12.0929110596,0.5891673245,0.5563082684,326,0.1406060749,0.5499150859,12.0051432292,-1.4966948046,0.0016812685,0.5335096097,0.55581362,-1.4986882484,5e-05,7.8125e-05,0.1487245732,0.1391317453,11.9893964353,0.5515722887,0.5569578395,0.0398539654,0.6071905982,-0.1201544625,0.0789033177,0.1342377411,94897,0.1433614608,6.4989215713,0.0853385417,6.5064192708,0.5483001555,6.5322809776,1772305569.7675805,0.1266816704,0,-12.0736661045,0.0,137.0410168966,0.585373979,0.096313893,-0.1176696183,1598.0,12.071015625,0.1371144246,5282.8784584,0,4.6865141557
1e-05,0.5617743194,10.4785286458,15.0012962818,-0.0191139275,0.0170075542,0.0107465164,6.2693294271,6.2233789062,10.5117634128,0.5177471028,0.5653403013,327,0.1170647849,0.5637000966,10.442109375,-1.650903118,0.0019150808,0.5508966329,0.5654019493,-1.6510124166,5e-05,8.46354e-05,0.0985671306,0.1146131344,10.4013803533,0.5618590593,0.5640615118,0.0384885104,0.609489475,-0.0948640056,0.0786347717,0.1314208752,94897,0.1164708105,6.2482073871,0.064140625,6.2568684896,0.562115543,6.2744660955,1772305569.7685807,0.1173038697,0,-10.4944046585,0.0,49.0092506409,0.5160997947,0.0684869973,-0.0939369771,666.0,10.4824348958,0.1169727873,5282.878958,0,4.9397419802
1e-05,0.5619755435,9.8020833333,15.1201226711,-0.0432563052,0.0157468002,0.0109613776,5.749296875,5.6993196615,9.8234050828,0.4558655901,0.5679970665,328,0.0878876345,0.5635745898,9.7777994792,-1.6956641697,0.0008838835,0.5518670655,0.5677208459,-1.6938920327,5e-05,3.90625e-05,0.1195711334,0.1000757957,9.7272435344,0.5624673283,0.5687171306,0.0386966244,0.5997757673,-0.0896125084,0.0729454193,0.1194891927,94897,0.0910251259,5.741890891,0.0561588542,5.7436328125,0.5630995891,5.7664394078,1772305569.7690804,0.1076412813,0,-9.8199150083,0.0,49.0092506409,0.4606307417,0.075963589,-0.0916300583,666.0,9.799313151,0.0995059496,5282.878958,0,4.7291151701
1e-05,0.5662969334,9.8133072917,15.6504862309,-0.0192285207,0.0163641713,0.0110913984,5.4849479167,5.4324707031,9.8266602774,0.4184326296,0.5686425402,329,0.0652569467,0.5631471097,9.8188720703,-1.7353812909,0.0011785113,0.557505204,0.5703231768,-1.7367080327,5e-05,5.20833e-05,0.0906723232,0.0753348041,9.7047141514,0.5655411946,0.5642746993,0.0402088992,0.6070056953,-0.0660044995,0.0757063891,0.1083734488,94897,0.064685161,5.463021924,0.05875,5.4711295573,0.564731907,5.4686240332,1772305569.7690804,0.1140900833,0,-9.8303795147,0.0,49.0092506409,0.4206775841,0.0613337241,-0.0642527945,666.0,9.7918554688,0.0731842257,5439.5275673,0,4.9968197163
1e-05,0.5466596431,13.332561849,15.6077060699,-9.89677e-05,0.018402903,0.0109393851,6.8074088542,6.7639388021,13.3959533162,0.5854922033,0.5541078165,330,0.1225753228,0.5443186919,13.2994498698,-1.4538891098,0.0031544076,0.5338020966,0.5540334289,-1.4523882115,5e-05,0.0001432292,0.1127225158,0.1267154476,13.2603438543,0.5473756571,0.5575619898,0.0402558645,0.6124052492,-0.1396931195,0.086065307,0.1421254816,95536,0.1218798605,6.7863275313,0.1067057292,6.8034635417,0.5439511921,6.7987744648,1772305726.4227822,0.1443558595,0,-13.3521998042,0.0,9.1682872772,0.5840929371,0.0756344443,-0.1382469785,329.0,13.3163069661,0.1263327722,5439.528068,0,5.2465428912
1e-05,0.5638084383,9.9540234375,15.8434691429,-0.0322554757,0.0146463589,0.0112308113,5.5277213542,5.4980664063,9.9689912787,0.4166116602,0.569628676,331,0.0516663027,0.5632187973,9.9444401042,-1.736032084,0.0011785113,0.5561300931,0.5695292809,-1.7350994585,5e-05,5.20833e-05,0.0949881894,0.0843612821,9.8516663571,0.5633453965,0.5723429217,0.0407170256,0.5986659036,-0.0906820837,0.0748672332,0.101481522,95536,0.0506466524,5.5368780149,0.05875,5.5323632813,0.562901565,5.5491380219,1772305726.4232821,0.1143548893,0,-9.9725614184,0.0,9.1682872772,0.4153725604,0.0603066355,-0.0911457448,329.0,9.9343196615,0.0832151044,5439.5285682,0,4.5979743319
1e-05,0.569743421,8.5549739583,15.100607872,-0.0296672006,0.0178612575,0.0102396735,5.8879817708,5.8450911458,8.5921665444,0.4520072604,0.5742370939,332,0.0549405827,0.5680911682,8.5103841146,-1.7475224524,0.0013258252,0.555765421,0.5749441004,-1.7498059938,5e-05,5.85938e-05,0.1156694165,0.0845623113,8.482147594,0.5686610946,0.5646344568,0.0393059413,0.6043018938,-0.0839583208,0.0742625962,0.1367927306,95536,0.0562305839,5.8869408949,0.0454296875,5.9179361979,0.5687831158,5.9072866954,1772305726.4237828,0.1009346015,0,-8.5695187841,0.0,9.1682872772,0.4522958638,0.0826195044,-0.0847174606,329.0,8.5743945313,0.0830924018,5439.5306996,0,5.2993197425
1e-05,0.5462629033,13.581875,15.550583601,0.0698400853,0.0169812455,0.0107885734,6.24921875,6.2177604167,13.6051362993,0.5127697096,0.5561897787,333,0.0925874978,0.5450944858,13.5756640625,-1.5316683956,0.0026867829,0.5522782866,0.5555308316,-1.5288225663,5e-05,0.0001302083,0.0580434098,0.1451216286,13.4683387243,0.5449713652,0.5555842015,0.0403050383,0.6281479418,-0.1309211554,0.0864989357,0.1213928305,95536,0.0912439561,6.2471570312,0.0986197917,6.2661197917,0.5461478097,6.2552163498,1772305726.4247823,0.1486682306,0,-13.5982841754,0.0,9.1682872772,0.51784955,0.0446169206,-0.1328423907,329.0,13.53953125,0.1466147447,5439.5312008,0,4.8692233996
1e-05,0.5564263001,11.0389908854,15.1588475704,-0.0327695229,0.0162350891,0.0095460208,6.3166145833,6.2625292969,11.0622346482,0.521606858,0.5626178915,334,0.0943750959,0.5546852182,11.0123535156,-1.5903694165,0.0014731391,0.5450735451,0.5621085949,-1.5917943509,5e-05,6.51042e-05,0.1229068709,0.1351930617,10.9538822422,0.5568468547,0.5612106703,0.040308574,0.6035654857,-0.12112003,0.0785210063,0.1286159054,95536,0.0938030756,6.2875170952,0.0747005208,6.3081901042,0.5561508389,6.3067519075,1772305726.4264145,0.119881548,0,-11.0518476327,0.0,9.1682872772,0.5247395096,0.0654599659,-0.122065147,329.0,11.0306184896,0.13493381,5439.5322007,0,5.1187334471
1e-05,0.55303133,12.4335221354,15.3564002514,0.0329995451,0.0158701548,0.0094004313,5.9378841146,5.9098111979,12.4445847273,0.4746534357,0.559174357,335,0.0960435079,0.5491926499,12.3833007812,-1.5954967316,0.0022448412,0.5533537028,0.558516121,-1.5948637017,5e-05,0.0001106771,0.0674860391,0.114954348,12.3137515216,0.5527867991,0.5673300924,0.0411978197,0.614073029,-0.1104887726,0.0817444352,0.1098481081,95536,0.0957973104,5.9382978019,0.0854427083,5.9357617188,0.5509827649,5.9457765375,1772305726.4274154,0.1368563727,0,-12.4468731554,0.0,9.1682872772,0.4712489513,0.0513617589,-0.1137054615,329.0,12.4227555339,0.1160834915,5439.5327,0,4.5929651458
1e-05,0.565603043,7.9885970052,15.1909935474,-0.11535276,0.0198503135,0.0092410429,6.6856510417,6.5940299479,8.0400499797,0.5917850347,0.5660059728,336,0.1168712393,0.5601928784,7.9745556641,-1.5722545907,0.0005892556,0.5278741104,0.5666794199,-1.5692090491,5e-05,2.60417e-05,0.204423844,0.1239011337,7.9663195747,0.5656524776,0.548121349,0.0407226642,0.5972906202,-0.1217042567,0.0690787365,0.1538170751,98123,0.1180390364,6.5956860621,0.0493098958,6.6524479167,0.5594127035,6.6496040125,1772305726.4279158,0.0863610937,0,-8.0029813832,0.0,9.9738384883,0.5893205422,0.118416205,-0.1227445105,320.3333333333,7.9779046631,0.1253276375,5439.533701,0,4.9551695733
1e-05,0.5540155709,10.3952083333,14.6769800186,-0.0604610644,0.0206548011,0.0089062707,6.6497005208,6.5888313802,10.4416379017,0.6075901627,0.5593609944,337,0.1218274532,0.5534162039,10.3612630208,-1.5087948122,0.0013866407,0.5308217376,0.5596139318,-1.5037101976,5e-05,6.51042e-05,0.173352153,0.1546294382,10.3490601517,0.5551066922,0.5498312163,0.0393986281,0.6048482939,-0.1375863188,0.0752552494,0.1492960507,98123,0.1254136394,6.5846374616,0.0692578125,6.6635904948,0.5529704197,6.6259288464,1772305726.428415,0.1113509956,0,-10.4093891907,0.0,11.5849409103,0.6055302252,0.1048661369,-0.1385306073,303.0,10.3873828125,0.1529138502,5439.533701,0,4.9930837438
1e-05,0.5670852972,8.9780078125,13.9398260117,-0.0103065028,0.0161765922,0.0090292056,5.8403255208,5.7979003906,9.021632732,0.4501132167,0.5719435269,338,0.0696331163,0.5678010519,8.9622395833,-1.7633222552,0.0010311974,0.5605484737,0.5710869393,-1.7612723965,5e-05,4.55729e-05,0.1133612914,0.1153597911,8.9189534758,0.5665300056,0.5661243613,0.0368224764,0.6050106987,-0.097875496,0.0733811944,0.1132179072,98123,0.0730714,5.8216094767,0.04,5.8405566406,0.5683281417,5.8427685812,1772305726.4289162,0.1020719192,0,-8.9959837027,0.0,11.5849409103,0.4473496026,0.0661312278,-0.1003213647,303.0,8.9842936198,0.1160678138,5439.533701,0,4.8715352128
1e-05,0.5369400642,14.29203125,14.2465145588,-0.0074463257,0.0188950642,0.0089803727,7.1153385417,7.0607226563,14.337120378,0.6483575489,0.5478142531,339,0.1292846952,0.5343935593,14.2532942708,-1.3354005827,0.001620453,0.5217912659,0.5465354946,-1.3393423124,5e-05,7.16146e-05,0.134945764,0.1824688233,14.2087989384,0.5351199621,0.5551108157,0.0378805105,0.6107990083,-0.1727752375,0.0845267091,0.1526983472,98123,0.1308104808,7.0985362732,0.1145182292,7.1405078125,0.5354711792,7.1230777275,1772305726.4289162,0.1505400401,0,-14.311823147,0.0,11.5849409103,0.6477226771,0.0898730408,-0.1729825034,303.0,14.2851692708,0.183053999,5585.5938804,0,5.2729331456
1e-05,0.5511106219,11.864296875,14.3545174599,-0.0073238916,0.0215775953,0.0089651124,6.4222265625,6.3566927083,11.8858001339,0.5685029211,0.5588504192,340,0.1130100307,0.5519116314,11.8450065104,-1.5515910441,0.0018028994,0.5446498573,0.5615133684,-1.5511565553,5e-05,9.11458e-05,0.1101317579,0.1667890157,11.768443042,0.5511271398,0.5616159153,0.0382350802,0.6067540996,-0.1340560205,0.0793225482,0.1256750483,98926,0.1111880854,6.4040793799,0.0786848958,6.397578125,0.5507841834,6.4200439655,1772305872.49431,0.1270977619,0,-11.8775612617,0.0,15.6561126709,0.571938414,0.0728779473,-0.1320528961,267.0,11.8454101563,0.1651617397,5585.5943806,0,5.0243034368
1e-05,0.5506499541,11.5483854167,14.0945227146,-0.0040660551,0.0255736356,0.0088758922,6.3618359375,6.3003938802,11.5910640099,0.5794393422,0.5625124265,341,0.1011095217,0.5551999791,11.5051302083,-1.5706949381,0.0019150808,0.5473248984,0.5608614668,-1.5732374747,5e-05,8.46354e-05,0.1037741125,0.1795143024,11.4575600344,0.5510938252,0.5636569403,0.0374987419,0.6055026914,-0.1344960442,0.0796082184,0.1135560972,98926,0.0970674251,6.3321661858,0.0745703125,6.3337109375,0.5543175164,6.3482705993,1772305872.49531,0.1305833617,0,-11.5649801691,0.0,15.6561126709,0.578138246,0.0747883993,-0.1307717669,267.0,11.5508984375,0.1761240864,5585.5948807,0,4.8199325538
1e-05,0.5687959624,8.5690950521,14.3040146828,-0.083481597,0.0185955823,0.009018627,6.3665234375,6.3292610677,8.6116119273,0.5252959361,0.5761296849,342,0.0551776232,0.5681335868,8.545859375,-1.7020771773,0.0022705241,0.5472273467,0.5749839789,-1.6996893341,5e-05,0.0001041667,0.1400033506,0.1260494262,8.5167355915,0.5686572221,0.5663658929,0.0380706056,0.5923323291,-0.0860323576,0.0724360712,0.1214338616,98926,0.056845868,6.354752174,0.0418619792,6.3965559896,0.5700268063,6.3855575492,1772305872.49531,0.0956677746,0,-8.5861708307,0.0,15.6561126709,0.5246006992,0.0800964128,-0.0887025729,267.0,8.569375,0.1264123002,5585.5953805,0,4.8898025462
1e-05,0.5687300507,8.8530598958,14.1147127151,-0.0016252946,0.0157427367,0.0089919623,6.100625,6.0511914063,8.8746798912,0.4718557144,0.5752244653,343,0.0494708171,0.5702296137,8.8279492187,-1.7587584896,0.0013258252,0.5636128389,0.5760701343,-1.7587886658,5e-05,5.85938e-05,0.089732606,0.1205228542,8.7541992322,0.5700116509,0.5637623951,0.0374115523,0.6094810649,-0.077797203,0.0764451291,0.1051338401,99813,0.051695313,6.0724539312,0.0408854167,6.0734114583,0.5708558613,6.0888714532,1772305872.4958103,0.1063782379,0,-8.8708192231,0.0,13.2063102722,0.4697470198,0.0617666983,-0.0780021683,287.0,8.8618196615,0.1223611626,5585.5953805,0,4.5387293924
1e-05,0.5558204456,10.442890625,13.8914804459,-0.0270724434,0.0160216757,0.0089059297,6.0150390625,5.9661979167,10.466655938,0.5096982589,0.5619336981,344,0.0726569527,0.5561159275,10.4451188151,-1.60504895,0.0016812685,0.543798447,0.5621412759,-1.6029872092,5e-05,7.8125e-05,0.1206759818,0.1396165032,10.3571646358,0.5556900917,0.5577920012,0.0368301392,0.6100703261,-0.1134091891,0.0768833105,0.1280002956,99813,0.0732112025,6.0007609819,0.0722005208,6.0183463542,0.5545071188,6.0146578015,1772305872.4963102,0.1148451144,0,-10.4598653515,0.0,11.9814090729,0.5085923145,0.0733645947,-0.113042368,297.0,10.4075651042,0.1406528145,5585.5958811,0,4.9708584486
1e-05,0.5475748804,11.5725358073,13.8625707626,0.0046714269,0.0183313211,0.0088483651,6.2632226562,6.2016341146,11.6047448493,0.5751916148,0.5569920263,345,0.1094454226,0.5466037647,11.5548404948,-1.5211284441,0.0021232102,0.5410826882,0.5577436832,-1.5177945713,5e-05,9.76562e-05,0.0996499302,0.1630333919,11.469807626,0.5484491362,0.555474616,0.0367802223,0.6140087226,-0.16323791,0.0807759188,0.1170481588,99813,0.1124733262,6.2196802274,0.0852473958,6.2291471354,0.5462994465,6.2275333812,1772305872.4968107,0.1311967801,0,-11.5885648572,0.0,11.9814090729,0.5757190799,0.0828467212,-0.16560567,297.0,11.5393424479,0.1622303433,5585.5963805,0,4.2903471846
1e-05,0.566374406,8.5167252604,14.0783729553,-0.0863095395,0.017096317,0.0090016834,6.21078125,6.1494791667,8.5661588322,0.5607777936,0.5707952307,346,0.0958902616,0.5631677832,8.5150651042,-1.6400925647,0.0008838835,0.5391985505,0.5707243039,-1.6452824154,5e-05,3.90625e-05,0.1695427633,0.1245722993,8.4799956202,0.5668347378,0.5581566175,0.0372373144,0.5952604357,-0.141972902,0.0696901402,0.1246166009,100659,0.094702292,6.1691540651,0.0428255208,6.2003320313,0.5618061664,6.2063166535,1772305872.4968107,0.0926710938,0,-8.533321909,0.0,20.9187660217,0.5588243974,0.1039884819,-0.143030181,479.6666666667,8.5006119792,0.1197055409,5585.5963805,0,4.2467329284
1e-05,0.5591848779,10.5250390625,14.2129790783,-0.0242433059,0.0173751138,0.0094096351,6.4473632813,6.4057486979,10.5580026468,0.5694305135,0.5628785416,347,0.1000738998,0.5558346268,10.5266796875,-1.5781859044,0.0017677669,0.5433778384,0.5632378556,-1.5829227541,5e-05,7.8125e-05,0.1349950624,0.1224804261,10.4561949765,0.5599864193,0.555503575,0.0373560596,0.6085337835,-0.155646782,0.0777606549,0.1274447843,100659,0.0981866247,6.4209338332,0.0652083333,6.4642708333,0.5540226257,6.4419568292,1772305872.4973102,0.112600667,0,-10.5412399893,0.0,38.7934799194,0.5650740451,0.0824008962,-0.1553734092,845.0,10.4887141927,0.1214243659,5585.5968805,0,4.9474536201
1e-05,0.5615905264,9.5244889323,13.8304569721,-0.0617797696,0.0168255479,0.0089526534,5.7210416667,5.6877669271,9.5445447446,0.4942294317,0.5663569405,348,0.1057022751,0.5601508524,9.4955143229,-1.6635938601,0.0013866407,0.5455684182,0.5659269772,-1.6612049113,5e-05,6.51042e-05,0.1350228896,0.1133978545,9.4437952885,0.5625881557,0.5665174988,0.0365795517,0.5984843875,-0.1215030194,0.073130182,0.1153086632,100659,0.105077773,5.7128863341,0.0588020833,5.7380208333,0.5600601789,5.7302048949,1772305872.4978101,0.1057660526,0,-9.5374164096,0.0,38.7934799194,0.4945959128,0.087219599,-0.1220810437,845.0,9.5118855794,0.1142787068,5585.5973806,0,4.9870172628
1e-05,0.5657545974,9.4206445312,13.987445116,0.0006258259,0.0156292476,0.0089599673,5.3178190104,5.2939160156,9.4328111791,0.4197577773,0.5700352877,349,0.0911197883,0.5649708909,9.4259973145,-1.7716748722,0.0005892556,0.5652917492,0.5698946667,-1.7718380614,5e-05,2.60417e-05,0.0794498806,0.1089086159,9.3221030665,0.5653168076,0.5713708345,0.0371066634,0.60377726,-0.0953018485,0.0732425474,0.0996743966,100659,0.093132588,5.3289469295,0.0466666667,5.3361002604,0.5659392067,5.3363465546,1772305872.4978101,0.1092018667,0,-9.4379119718,0.0,38.7934799194,0.4231568681,0.0718890394,-0.0973107249,845.0,9.4009830729,0.1071995709,5737.1328584,0,4.9469043693
1e-05,0.5528087262,10.5896354167,13.9314682484,-0.0468120544,0.0219025563,0.0089797767,6.7508658854,6.6893977865,10.6379413406,0.62089549,0.5598959106,350,0.1276668998,0.5529434665,10.5716015625,-1.493990425,0.0019150808,0.5317400226,0.5591286776,-1.4943374225,5e-05,8.46354e-05,0.1553252894,0.1620115622,10.5411901981,0.5528220905,0.549464417,0.0368749046,0.6063132796,-0.1461330769,0.0766955015,0.1506461168,100959,0.1251346154,6.7173926498,0.0692317708,6.739391276,0.5518320622,6.75226313,1772306024.0387573,0.1130262338,0,-10.6031752358,0.0,11.8928070068,0.6154331311,0.0981174016,-0.146081456,299.0,10.5449739583,0.1600122861,5737.1334173,0,5.0184946218
1e-05,0.5554924561,11.6155859375,13.8478541374,0.0063793852,0.0178012595,0.0087778775,6.1737109375,6.1577473958,11.6289893441,0.5132309048,0.5615005733,351,0.0907705685,0.5554004858,11.56859375,-1.6039174544,0.0020367118,0.5498273538,0.5611245083,-1.6050371895,5e-05,9.76562e-05,0.0921317563,0.1425627985,11.5152381994,0.5560351232,0.5630865485,0.0368067598,0.6089835258,-0.1135837226,0.0782782801,0.1190574961,100959,0.0909203316,6.183697215,0.0694921875,6.2230729167,0.5567655032,6.1996145282,1772306024.0391982,0.1257959268,0,-11.6294558968,0.0,11.8928070068,0.5132977064,0.0726679706,-0.1154137841,299.0,11.624140625,0.1415167082,5737.1334173,0,4.946667212
1e-05,0.5545390491,11.1108333333,13.8679196835,-0.0132148275,0.0168982076,0.0089229695,5.7571419271,5.7240494792,11.1276401597,0.4993870887,0.5622079946,352,0.0714150532,0.5540353866,11.0702018229,-1.632950966,0.0016812685,0.5535605115,0.5635956931,-1.6348548206,5e-05,7.8125e-05,0.0972863759,0.1403256652,11.0215964709,0.5545241402,0.5636592434,0.0367455673,0.610916276,-0.1383460134,0.0778051585,0.1147608207,100959,0.0735571225,5.7693953714,0.0718880208,5.7625260417,0.5543978563,5.7823993293,1772306024.039757,0.1204150049,0,-11.1281485291,0.0,11.8928070068,0.4984068274,0.0523588785,-0.1386422128,299.0,11.1153564453,0.1408578977,5737.1349197,0,5.0983175684
1e-05,0.5718677348,6.7613134766,14.15990448,-0.107542949,0.0173444372,0.0093057418,5.7179947917,5.6549446615,6.7976335134,0.5015861097,0.5788871228,353,0.0590402864,0.571385025,6.7471191406,-1.7529647025,0.0013258252,0.5479049147,0.5770621628,-1.7539972257,5e-05,5.85938e-05,0.1629546266,0.1194119739,6.7160230607,0.5721396905,0.5619445663,0.0372319317,0.5916862263,-0.1215365319,0.0672512836,0.1307030143,100959,0.0618481255,5.7009776523,0.0293359375,5.7172265625,0.5711039044,5.7268884523,1772306024.0412595,0.0781812948,0,-6.7799106055,0.0,11.8928070068,0.5043957514,0.0977619734,-0.1172164526,299.0,6.7579699707,0.1233695244,5737.1354193,0,5.182908527
1e-05,0.5605493925,10.465625,14.5195157528,0.0026018557,0.0156407645,0.010199151,5.5053971354,5.4736848958,10.5090761758,0.4407005945,0.5664068983,354,0.0772471777,0.5588905051,10.4856835938,-1.7083790553,0.0009446989,0.5617284017,0.5659958957,-1.7096762904,5e-05,4.55729e-05,0.0815705149,0.115022601,10.4000159745,0.5612912154,0.5672928806,0.0375180332,0.6092267994,-0.1139637038,0.0751097859,0.1143671807,100959,0.0777088882,5.5131803629,0.06,5.5348372396,0.5596545757,5.5241964715,1772306024.0417593,0.1158528749,0,-10.4833717343,0.0,11.8928070068,0.4383302463,0.0529913744,-0.1165315142,299.0,10.4289859009,0.1145195711,5737.1359202,0,5.0148244342
1e-05,0.5581562048,10.1915999349,13.6299166679,-0.0412179113,0.0274463465,0.0089140646,5.8190299479,5.7426236979,10.2077393454,0.5248098231,0.5658407349,355,0.0944819803,0.5591016597,10.1737174479,-1.6364368974,0.0010920128,0.547057969,0.5637943436,-1.6381199895,5e-05,5.20833e-05,0.1202898122,0.126367594,10.1013680299,0.5581932487,0.5607298381,0.0358243314,0.6028351691,-0.1344472147,0.0750705773,0.1318120603,100959,0.0924541858,5.7806973324,0.0628255208,5.7847135417,0.5584816913,5.7963565664,1772306024.0422602,0.1125379906,0,-10.2058712924,0.0,11.8928070068,0.5191861454,0.0787815601,-0.1333565419,299.0,10.1770605469,0.1245533772,5737.1369183,0,5.2623064952
1e-05,0.5631919793,9.1185253906,15.5769991875,-0.066381695,0.0161277563,0.0100408657,6.0099414063,5.9654199219,9.1381037858,0.534212873,0.5684998207,356,0.0985622579,0.5630522146,9.1183984375,-1.6503851512,0.0010311974,0.5435804658,0.5688530261,-1.6498544906,5e-05,4.55729e-05,0.1440868451,0.1332168748,9.0430163071,0.5621660111,0.5595630017,0.0410853155,0.5975126503,-0.1308417738,0.0722090757,0.1320445286,100959,0.0994329849,5.9970535301,0.0519661458,6.0253320312,0.5628666159,6.0243909649,1772306024.0427601,0.1019649554,0,-9.1371199634,0.0,11.8928070068,0.5379734336,0.0766815639,-0.1295227804,299.0,9.0805664062,0.1323008412,5737.1374175,0,4.8873711146
1e-05,0.5628982062,10.5902278646,15.411280632,0.0019282537,0.0156184244,0.0103714752,6.3192643229,6.3043033854,10.6352790987,0.4935028363,0.5695405278,357,0.0762106886,0.5652883074,10.5887858073,-1.6818568573,0.0014731391,0.5579283121,0.5698314392,-1.6827448065,5e-05,6.51042e-05,0.0809085285,0.1149035372,10.5248806996,0.5654787335,0.5670682373,0.0402541367,0.6057384408,-0.0951968037,0.0780710364,0.1153984467,100959,0.0763951125,6.3292624689,0.0545833333,6.3669661458,0.5647163125,6.3549172573,1772306024.0432582,0.1178125863,0,-10.607279518,0.0,11.8928070068,0.4921394613,0.0594698604,-0.0984299037,299.0,10.5573958333,0.1137315059,5737.1379176,0,4.2249848608
1e-05,0.5467408952,13.4083626302,15.2820398808,0.0273441674,0.0150291088,0.0104207269,6.0081445313,5.9864127604,13.4155290336,0.4966610877,0.5554808693,358,0.1002923459,0.548388876,13.3533105469,-1.5446656418,0.0011785113,0.546642551,0.5565399341,-1.5433864959,5e-05,5.20833e-05,0.0847600449,0.151581405,13.2944382106,0.5463037769,0.5665634225,0.0397964533,0.6092231013,-0.1084012619,0.0813685359,0.1029752719,100959,0.1032727398,6.008914176,0.0920833333,6.0169466146,0.547523828,6.023012538,1772306024.0437572,0.1440201497,0,-13.4263104497,0.0,11.8928070068,0.4982125155,0.0542666911,-0.1059092771,299.0,13.4215820313,0.1483917626,5737.1384182,0,4.5647032251
1e-05,0.5490273903,12.8574934896,15.5857360363,0.0045634364,0.0169785781,0.0103573473,6.3558789063,6.3330859375,12.8569485583,0.5464764859,0.557788063,359,0.1101123069,0.5500189456,12.8391503906,-1.5251512579,0.0030679092,0.5451366264,0.5568516069,-1.5238876434,5e-05,0.0001432292,0.0833219285,0.1618251012,12.7469142244,0.5480272421,0.5634056965,0.0408219488,0.6117763776,-0.1168213243,0.0843382647,0.1210406975,100959,0.1076110372,6.3404831171,0.0935546875,6.3639583333,0.550948555,6.3618680073,1772306024.0442576,0.1381569684,0,-12.8745787312,0.0,11.8928070068,0.5461866765,0.0607869412,-0.1158599023,299.0,12.8474226888,0.1637515422,5888.0685153,0,5.5395769202
1e-05,0.5716042427,7.0762597656,14.7423994541,-0.0762589111,0.0242524176,0.0101198395,4.9113997396,4.8492089844,7.1176283109,0.4278189311,0.5740113938,360,0.0840382189,0.5749226287,7.0937174479,-1.8100444896,0.0006500711,0.5630689413,0.5744577132,-1.8081528122,5e-05,3.25521e-05,0.1393441406,0.099266425,7.0313343184,0.572860351,0.5704663152,0.0381819479,0.5952242498,-0.0669873638,0.0672107336,0.1206251103,104987,0.0821257907,4.9141889559,0.0266666667,4.925,0.5751505514,4.9342394319,1772306174.979743,0.0829126699,0,-7.0943053163,0.0,0.0,0.4280634791,0.0769187527,-0.0686372841,0.0,7.0920467122,0.0963132971,5888.0735131,0,5.3914458403
1e-05,0.5602466797,8.4992838542,14.5585646629,-0.0913542062,0.0194397256,0.0100687949,6.1404915365,6.0679557292,8.5438286233,0.5571002772,0.5655214832,361,0.112195785,0.5607956019,8.5077213542,-1.5925612052,0.0010055144,0.5329986751,0.5648019518,-1.5912241644,5e-05,5.20833e-05,0.1811723874,0.1392978883,8.4619000234,0.5593388524,0.551515638,0.0377868088,0.5975782431,-0.1214288673,0.0708258923,0.1430816535,104987,0.1138284219,6.119263997,0.0533333333,6.1294596354,0.5616397807,6.1523543196,1772306174.9807408,0.0926560084,0,-8.5139645163,0.0,0.0,0.555484929,0.1070546523,-0.1217914909,0.0,8.4485699463,0.1376321814,5888.0745136,0,4.8074182922
1e-05,0.5648130815,6.8682259115,14.3486216068,-0.148109543,0.0191040481,0.0100439564,5.8253125,5.7501106771,6.9084309094,0.5506995886,0.5711022237,362,0.102518402,0.5678263948,6.840061849,-1.6413754824,0.0013609577,0.5303291789,0.5704719375,-1.640861012,5e-05,7.16146e-05,0.2081758959,0.1342298607,6.8291383276,0.5646193399,0.5550509454,0.0371131063,0.5888580891,-0.1175242795,0.0664741377,0.169929327,104987,0.0968647505,5.814270471,0.04,5.8482845052,0.5663213468,5.8462406622,1772306174.9857414,0.0790409545,0,-6.8850904433,0.0,0.0,0.5492156106,0.11923395,-0.1148698257,0.0,6.8840527344,0.1366628496,5888.075015,0,5.4543101674
1e-05,0.5466277771,12.761015625,14.5571780205,-0.0014552999,0.0172559197,0.0100589196,6.3565104167,6.2521614583,12.7898769742,0.5406755928,0.5527775659,363,0.1139869477,0.5469298375,12.7663020833,-1.500391705,0.0011785113,0.539312324,0.5536836946,-1.4994343451,5e-05,5.20833e-05,0.1126901557,0.1382377325,12.6716371393,0.54798823,0.5606851994,0.0376590101,0.6108447763,-0.1336116499,0.080721709,0.1561742901,105735,0.1163692054,6.3158775486,0.0894270833,6.2663606771,0.5478288133,6.329159426,1772306174.9862423,0.1353920712,0,-12.7789584061,0.0,0.0,0.5414133379,0.0760291994,-0.1356904008,0.0,12.7549243323,0.1386874477,5888.0755124,0,5.1598224701
1e-05,0.5463221916,12.5347526042,14.488615036,0.024366643,0.0180034897,0.0099576386,5.7894726563,5.7550520833,12.5551374759,0.4921254488,0.5570764085,364,0.1082357467,0.5486116097,12.5013297526,-1.5656215431,0.0014731391,0.5510226184,0.5548662,-1.5699897218,5e-05,6.51042e-05,0.088885273,0.137335671,12.4292266874,0.5487014976,0.5629381723,0.0376677664,0.6159573513,-0.1232224935,0.0806013411,0.1202569743,105735,0.1069082901,5.80487885,0.0866666667,5.8010384115,0.5485456414,5.8052510386,1772306174.9867435,0.1352639853,0,-12.5468185785,0.0,0.0,0.4874120044,0.0635686227,-0.1219430585,0.0,12.5178108724,0.1394413761,5888.0755124,0,5.0908092249
1e-05,0.5616309124,8.9609765625,14.4760570526,-0.0808703763,0.017802938,0.0102007834,5.7828417969,5.7087434896,8.9871482646,0.5230416251,0.5664836076,365,0.0930247162,0.5614098443,8.984280599,-1.6288627646,0.0005892556,0.5381537778,0.5664420595,-1.629420353,5e-05,2.60417e-05,0.1585505769,0.1224889402,8.8844219389,0.5605708216,0.559549014,0.0374128151,0.5951267343,-0.1177745908,0.0723916705,0.1296532223,105735,0.0913136736,5.7439238774,0.0559635417,5.7302929687,0.5607160122,5.7614034867,1772306174.987241,0.1019710277,0,-8.9780899727,0.0,0.0,0.5204188875,0.0941765204,-0.1190887979,0.0,8.9087890625,0.1225183189,5888.0760117,0,4.4403201189
1e-05,0.5626681707,10.2941145833,14.5048224926,-0.0413460449,0.0167545852,0.0101058221,6.0108919271,5.9715104167,10.323562755,0.4843080585,0.5675059177,366,0.0785708794,0.5631630595,10.2832161458,-1.6594748894,0.0019150808,0.5463277622,0.5684101607,-1.6635969481,5e-05,8.46354e-05,0.1390228876,0.1142623472,10.2173198787,0.5621855916,0.5698659341,0.0373857768,0.598381224,-0.1059099219,0.0764581047,0.1205408619,106456,0.0792011803,6.0125506188,0.0613541667,6.0214648437,0.5622905869,6.0316522145,1772306174.9877405,0.1123648033,0,-10.3091250205,0.0,0.0,0.4843822092,0.0862701259,-0.1016258651,0.0,10.2688541667,0.1141451532,5888.0770171,0,4.8990736782
1e-05,0.5402328576,13.1231681315,14.5305781364,-0.0190897759,0.0177805138,0.0100428033,6.0955989583,6.0359309896,13.1505356065,0.5785426135,0.5508390554,367,0.1174031472,0.5408860811,13.1131119792,-1.4394170781,0.0005892556,0.5348700331,0.5506837656,-1.4436148417,5e-05,2.60417e-05,0.129117109,0.1605816391,13.0251655609,0.5432519139,0.5564086507,0.0376968519,0.6111670891,-0.153402913,0.0806070391,0.1380063162,106456,0.1168682469,6.07420157,0.1,6.0786197917,0.5404709766,6.0846784126,1772306174.9882443,0.1404891158,0,-13.1333203811,0.0,0.0,0.5711824207,0.083858192,-0.1575193616,0.0,13.0546386719,0.1566980438,5888.0775221,0,4.8626399956
1e-05,0.5240988657,17.3105240885,14.3210167885,0.0829477462,0.0181420175,0.0100207003,6.9693098958,6.9466210938,17.3327580726,0.6685644122,0.5358190977,368,0.1541501294,0.5229546934,17.2667008464,-1.2326157606,0.0018893979,0.5293383442,0.534254785,-1.2338236761,5e-05,9.11458e-05,0.0658697478,0.2053367322,17.1649328394,0.5236062399,0.5514628828,0.0370762904,0.630968704,-0.1930193341,0.0942840767,0.1524212966,106456,0.1492273998,6.9805827067,0.1480859375,7.0079329427,0.5221045376,6.9754558454,1772306174.9887457,0.1862655756,0,-17.320981371,0.0,0.0,0.6644941174,0.0653484832,-0.193782427,0.0,17.2774414062,0.2086707348,5888.078028,0,5.3157184671
1e-05,0.5620077062,10.7739160156,14.4919388294,0.019550153,0.0176327049,0.0104638195,5.7282226562,5.6727897135,10.7986317918,0.4878020712,0.5664162983,369,0.0667589897,0.5595985043,10.7413411458,-1.6731985348,0.0015947701,0.5630097181,0.5656735625,-1.6774442156,5e-05,7.8125e-05,0.0725270269,0.1168127925,10.6627463309,0.5614459685,0.5653119669,0.0371537479,0.6161235915,-0.1034425505,0.0799548133,0.1183975438,106456,0.0655734113,5.7049099256,0.0625651042,5.7075032552,0.5591409692,5.7083505763,1772306174.989251,0.1256623525,0,-10.7888035446,0.0,0.0,0.4868326694,0.0574791439,-0.1051653279,0.0,10.7810026042,0.1179526407,6039.2244516,0,4.4468395017
1e-05,0.5304632561,16.33875,14.503029108,0.0475697809,0.0160355412,0.0100858021,6.5102278646,6.468889974,16.3534548131,0.5851307503,0.5391914083,370,0.1150213049,0.5263166732,16.3048964437,-1.3063639887,0.0016812685,0.5287563909,0.5396349969,-1.3051014149,5e-05,7.8125e-05,0.1015578056,0.1685599921,16.2054100105,0.5295463179,0.5535238322,0.0374381145,0.6229063267,-0.1625841712,0.0894046184,0.1397126244,107972,0.1135474556,6.5024479072,0.14140625,6.5261132812,0.5261627256,6.4979164409,1772306326.141074,0.171186585,0,-16.3462570514,0.0,0.0,0.5847078018,0.0758015195,-0.1586900756,0.0,16.287265625,0.1692417712,6039.2249507,0,4.8845868543
1e-05,0.544646954,12.458125,14.8045392036,-0.0392544439,0.0175108683,0.0103170737,6.414296875,6.3783691406,12.4764163991,0.5819481215,0.5497404811,371,0.1161019124,0.5441092232,12.42,-1.4327356122,0.0013866407,0.5250380584,0.5507655738,-1.4326517918,5e-05,6.51042e-05,0.1578089848,0.1503247256,12.3718190406,0.5459503405,0.555185832,0.0383650939,0.6040786425,-0.1339266338,0.0796053176,0.149126961,107972,0.1178755478,6.4074718607,0.0961328125,6.4697005208,0.5451909386,6.4271815738,1772306326.1415765,0.1293490705,0,-12.4683419104,0.0,0.0,0.578146266,0.1019480613,-0.137660293,0.0,12.4348697917,0.1478324181,6039.2254515,0,4.8815004063
1e-05,0.5396549043,13.7509847005,14.6028690338,-0.0083212673,0.0175502518,0.0101755603,6.4797526042,6.434046224,13.7870650302,0.6028248075,0.5479396781,372,0.101209613,0.5379979691,13.7515405273,-1.3632161086,0.001742084,0.526628466,0.5471205436,-1.3628181367,5e-05,8.46354e-05,0.1288030419,0.1583412601,13.6833226117,0.5385692273,0.5467632967,0.0378460908,0.6172118313,-0.1353461282,0.0831743302,0.1491665977,107972,0.1014470809,6.4793840109,0.1093098958,6.4888248698,0.5389051794,6.5008985788,1772306326.1420753,0.1412405914,0,-13.765025442,0.0,0.0,0.599193039,0.0794844343,-0.1389289845,0.0,13.7125651042,0.1591610098,6039.2259502,0,4.8570002409
1e-05,0.5326513518,15.7883138021,14.3039429188,0.0514211426,0.0161545567,0.0103277238,6.2059472656,6.1684765625,15.8050686396,0.5326337346,0.5416268375,373,0.091172864,0.5296222906,15.7623372396,-1.3751979287,0.0013258252,0.5348200919,0.5410901471,-1.3751014543,5e-05,5.85938e-05,0.0881543417,0.1478702108,15.6620135119,0.5323986544,0.5534107372,0.0366308014,0.620083555,-0.1401534892,0.0871541536,0.1079538446,108711,0.0900504691,6.2090941229,0.1292317708,6.1970605469,0.5301101503,6.2041650038,1772306326.1425765,0.1669302804,0,-15.8060502985,0.0,0.0,0.5309560791,0.0599409978,-0.1401662964,0.0,15.7704915365,0.1490170448,6039.2259502,0,4.2379731933
1e-05,0.5483772532,13.2225130208,14.2640058994,0.0277221874,0.0190006377,0.0102478027,6.468531901,6.4439420573,13.2648895397,0.5446298135,0.5563557673,374,0.0641707791,0.5484431953,13.2089713542,-1.5013648722,0.0015339546,0.5440714929,0.5567996537,-1.4987877519,5e-05,7.16146e-05,0.0899084431,0.1381769413,13.131340997,0.5488420613,0.5596036854,0.0366600196,0.6120450528,-0.124946928,0.0849191094,0.1245376027,108711,0.0617256757,6.4529212483,0.0948697917,6.484296875,0.548527373,6.4559463097,1772306326.143075,0.1432893007,0,-13.2348313185,0.0,0.0,0.5467162661,0.0649684509,-0.1254657937,0.0,13.1819010417,0.1358275076,6039.2264519,0,4.6389868404
1e-05,0.5328144797,15.6155639648,14.3489742279,0.0367596599,0.0159449873,0.010160528,6.7187565104,6.7083919271,15.6090774405,0.592651461,0.5414753106,375,0.1050375356,0.5288107978,15.5985546875,-1.3167695624,0.0018285824,0.5256187384,0.5431877498,-1.3201355058,5e-05,8.46354e-05,0.1114098487,0.1626535551,15.4651505387,0.5322740213,0.5505280546,0.0370017489,0.6170111481,-0.1579750557,0.0886512044,0.1285251234,108711,0.1077173612,6.7367811057,0.132109375,6.7746223958,0.5289306803,6.7411300924,1772306326.1435769,0.165040685,0,-15.6270528903,0.0,0.0,0.5895199131,0.0805768976,-0.1570230595,0.0,15.5689518229,0.1610590028,6039.2269514,0,4.6304927001
1e-05,0.5397026869,13.8964147949,14.4948718548,0.0020835374,0.0165615163,0.0102106833,6.2691503906,6.2078059896,13.896458648,0.5580703787,0.5485551575,376,0.0906027979,0.5379528583,13.899983724,-1.424695974,0.0014731391,0.5341303214,0.5492300009,-1.4227597287,5e-05,6.51042e-05,0.1101095786,0.1529154904,13.7729088256,0.5405050096,0.5534369405,0.0373387909,0.6189500506,-0.1326010915,0.0835388179,0.1408218423,109467,0.0926517648,6.2479935426,0.1093489583,6.253968099,0.5387575828,6.2550844993,1772306326.1435769,0.1462549525,0,-13.9132631512,0.0,0.0,0.5577807202,0.0700107193,-0.1313471747,0.0,13.8417030843,0.1510593659,6039.2274515,0,5.2024177031
1e-05,0.5493157056,12.0012760417,14.5038852692,-0.0375284729,0.0160626157,0.0100781409,5.9656315104,5.9222949219,12.0158098983,0.5249981221,0.5571363126,377,0.0948010231,0.5476280456,11.9879231771,-1.5181828782,0.0010311974,0.5351293799,0.5556637929,-1.5223080587,5e-05,4.55729e-05,0.136170087,0.1314533995,11.9013214486,0.5498790852,0.5583530988,0.0376000778,0.6066345435,-0.1065115413,0.0795866874,0.1199801829,109467,0.0937631399,5.9623305519,0.0918489583,5.9829329427,0.5485206885,5.9687055787,1772306326.1440763,0.128936833,0,-12.0187246416,0.0,0.0,0.5215078736,0.0821211629,-0.111057713,0.0,11.9816796875,0.1318290606,6039.22795,0,4.7633720963
1e-05,0.5262508427,16.3393359375,14.3845024109,0.0244046223,0.0196956381,0.0099635847,6.9852473958,6.9469791667,16.3731574428,0.6611797623,0.5359910469,378,0.1507077203,0.5235716464,16.28578125,-1.2082079658,0.0014731391,0.5139396499,0.5358039859,-1.2120825792,5e-05,6.51042e-05,0.1288693455,0.1876525638,16.2334022717,0.5255231613,0.5440626498,0.0373251192,0.6242266694,-0.1660580159,0.0890263478,0.1491675285,109467,0.1508370784,6.9837381091,0.1453776042,7.0162695312,0.5241742895,6.9940526305,1772306326.1445765,0.1708283645,0,-16.3477887386,0.0,0.0,0.6578636079,0.0880410135,-0.1686195901,0.0,16.2961067708,0.1884162211,6039.2284507,0,4.6877429562
1e-05,0.5126735836,18.1925675456,14.7362308502,0.0538353406,0.0173334784,0.0103294992,7.2906770833,7.2438411458,18.2383816274,0.7046857105,0.5270431644,379,0.174437743,0.5139329768,18.1347786458,-1.1038272159,0.0021840257,0.5107012642,0.5273117139,-1.1123469141,5e-05,0.0001041667,0.1134333344,0.2266911509,18.0901778962,0.5136783094,0.5448294637,0.0380614821,0.6256503366,-0.1921800788,0.0961999434,0.1612340257,109467,0.1773781176,7.2911198618,0.1709765625,7.2818522135,0.5126440596,7.2977866942,1772306326.1455758,0.1896511319,0,-18.2083930985,0.0,0.0,0.7037668836,0.0875803358,-0.1914122506,0.0,18.1751855469,0.2285264705,6201.4589878,0,5.6144883011
1e-05,0.5216897334,15.5643229167,15.6452515125,-0.0042200492,0.0179633908,0.010469346,6.8191796875,6.7519075521,15.5606245685,0.6893413473,0.5382802831,380,0.1610984915,0.5255703237,15.52375,-1.226159956,0.0007365696,0.5101837912,0.5385219021,-1.2173440554,5e-05,3.25521e-05,0.1685401015,0.228072241,15.4506250648,0.5221453732,0.5427074767,0.0408520238,0.6138640858,-0.1816547199,0.0855712047,0.1557861446,110201,0.1620093862,6.7762905875,0.1360546875,6.7955989583,0.5260035273,6.7958627914,1772306488.3819046,0.1574334383,0,-15.5726425695,0.0,0.0,0.6920767703,0.1018736983,-0.179609971,0.0,15.53203125,0.2298171405,6201.4610343,0,5.5601222087
1e-05,0.5183816979,16.4654134115,15.4604730606,0.0214458934,0.0171851034,0.0103996062,6.9266601562,6.8633528646,16.4952509138,0.7104269844,0.5366997683,381,0.1657085343,0.5229746668,16.4164713542,-1.2099323777,0.0018285824,0.5182329703,0.5357167799,-1.2113447758,5e-05,8.46354e-05,0.1242561882,0.2491281261,16.3878277008,0.5182815927,0.5500953346,0.0403656904,0.6147747707,-0.19551003,0.0883471947,0.1691635103,110201,0.1656444173,6.8916584829,0.1360546875,6.9233365885,0.5231666653,6.9168044293,1772306488.3819046,0.1649152092,0,-16.4805200358,0.0,0.0,0.711769546,0.0807727662,-0.1998039689,0.0,16.4427246094,0.2456877913,6201.4620358,0,5.8533196137
1e-05,0.5283473496,13.9335611979,15.6094787121,0.0227637098,0.017762428,0.010484848,6.2930729167,6.237672526,13.9439400973,0.6467651154,0.5467190814,382,0.1396838244,0.5349034651,13.9194726563,-1.3792813515,0.0010311974,0.5362240163,0.5463860907,-1.3797383947,5e-05,4.55729e-05,0.1148181147,0.2336693099,13.8339758913,0.5275502482,0.5532432413,0.0407647546,0.6179346878,-0.1785058123,0.0834103528,0.1358875467,110201,0.140237507,6.2641342942,0.1066666667,6.2763411458,0.5354141366,6.2817266143,1772306488.3844512,0.1458527097,0,-13.9486185227,0.0,0.0,0.641672527,0.079566675,-0.1772187483,0.0,13.892734375,0.237735988,6201.4630345,0,4.8682516855
1e-05,0.529586002,13.9813541667,15.8274097443,0.0035816365,0.0174021294,0.0098051524,5.973421224,5.9502441406,14.023710567,0.6397293503,0.5472028398,383,0.1372368184,0.5353989503,13.9056640625,-1.3747771227,0.0012393268,0.529406173,0.5463987235,-1.3756761683,5e-05,5.85938e-05,0.1273471678,0.2320199919,13.9178737237,0.5287386683,0.5515213899,0.0419133544,0.6142105606,-0.1747808121,0.0837850787,0.1304960324,111711,0.1403603806,6.0080657231,0.11,6.0224479167,0.5348356559,6.0181399792,1772306488.3854518,0.14611945,0,-13.993920813,0.0,0.0,0.6430442828,0.0896126904,-0.1721590088,0.0,13.9866145833,0.2312850613,6201.4635342,0,5.0172842531
1e-05,0.5063464571,18.3235416667,15.2924351692,0.0562097781,0.0197055953,0.0103124317,7.0841113281,7.0129459635,18.3164469248,0.736588734,0.5232082692,384,0.1931144336,0.5069597987,18.2986328125,-1.0747802088,0.0016812685,0.5095337903,0.5232552924,-1.0695585674,5e-05,7.8125e-05,0.1179732273,0.2543291364,18.1887942032,0.5060158985,0.540987906,0.0399386748,0.6262894381,-0.2234397095,0.0986701434,0.1541783959,111711,0.1954561439,7.0415129162,0.169453125,7.0358268229,0.5084884982,7.038686686,1772306488.3859515,0.1890317935,0,-18.3358441458,0.0,0.0,0.7404628213,0.0826481176,-0.2254781678,0.0,18.2612044271,0.2560446772,6201.464034,0,5.4322446074
1e-05,0.5219873272,15.4078125,15.9476363659,-0.0274690803,0.0177667837,0.0111542114,6.6491373698,6.5498242188,15.4308572259,0.7033908004,0.5323932616,385,0.1816403489,0.519967037,15.3269596354,-1.1771885561,0.0013866407,0.5024821422,0.5321752865,-1.1713322078,5e-05,6.51042e-05,0.1751960334,0.2204674179,15.3180233238,0.5217111695,0.5396662751,0.0412663285,0.6161049239,-0.2029365293,0.0845638226,0.2000449148,111711,0.1809199214,6.5992084204,0.1427864583,6.6118359375,0.520411173,6.6171474895,1772306488.3864512,0.1575685049,0,-15.4205622339,0.0,0.0,0.712526345,0.1101320039,-0.2038246183,0.0,15.422906901,0.2198100513,6201.4645353,0,6.2021923896
1e-05,0.498313213,21.1186328125,16.1358878613,0.1212362555,0.020047223,0.0115627201,7.6891015625,7.6433496094,21.1387036882,0.780456028,0.5134305386,386,0.2068477952,0.4970056187,21.0897265625,-0.9348841888,0.0026516504,0.5085380861,0.5141185176,-0.933303163,5e-05,0.0001171875,0.0834764153,0.2629242689,21.004780703,0.4993620429,0.5342367919,0.0414686211,0.6436083749,-0.2465211112,0.1082688418,0.1795764153,111711,0.2074817747,7.7078299303,0.1954817708,7.6896419271,0.4973513801,7.7057943082,1772306488.386951,0.2149145828,0,-21.1333519437,0.0,0.0,0.778539984,0.0751075045,-0.2480550122,0.0,21.0408723958,0.2612008124,6201.4650346,0,5.0531968515
1e-05,0.481592565,24.7599544271,15.6940553188,0.1829019377,0.0197601379,0.0115178808,8.0146223958,7.9849446615,24.7719016611,0.8098094635,0.5006136028,387,0.2323526367,0.4803701097,24.6588216146,-0.7897633886,0.002417838,0.501942576,0.5028069209,-0.7889414628,5e-05,0.0001106771,0.0609490789,0.2957613604,24.6146522659,0.481925209,0.5339123853,0.0400708421,0.6551361471,-0.2724943769,0.113432115,0.1671549224,111711,0.2318479116,8.0379878279,0.2348567708,8.0341503906,0.4798495028,8.0381962908,1772306488.3874524,0.247288519,0,-24.760398613,0.0,0.0,0.8127776987,0.0674335486,-0.2699146853,0.0,24.70859375,0.2951026957,6201.4655348,0,5.6438881171
1e-05,0.5235098806,15.4141210937,15.5560677052,-0.0039418276,0.015970514,0.0111546628,6.1721907552,6.1031510417,15.4086630965,0.6141394029,0.537828895,388,0.1556038873,0.5243778087,15.3768237305,-1.2721763166,0.0010311974,0.5164987871,0.5381491222,-1.2729495641,5e-05,4.55729e-05,0.1373659805,0.198397084,15.2980321473,0.5231348239,0.5456093385,0.0400021442,0.6165788333,-0.1712023621,0.0864494464,0.1352419607,111711,0.1519248381,6.1481895546,0.1366666667,6.1354557292,0.5233012188,6.1515085063,1772306488.3879516,0.1566169306,0,-15.4278659774,0.0,0.0,0.6132568319,0.0916825555,-0.1672693865,0.0,15.371484375,0.1964216806,6201.4663357,0,4.6958043515
1e-05,0.5119760832,18.7993245443,15.059252739,0.1095539895,0.0184295073,0.0106585089,7.0952864583,7.058359375,18.8181589965,0.6733047083,0.5248809429,389,0.180144838,0.5114320989,18.7498965454,-1.1558200963,0.0022097087,0.5289472202,0.5254801351,-1.1527240213,5e-05,9.76562e-05,0.0626214046,0.2260669539,18.6699782711,0.512447765,0.5488307782,0.0388427981,0.635175606,-0.21519742,0.1021370237,0.1182061058,111711,0.1797784061,7.0993170412,0.1627604167,7.090234375,0.5116719443,7.086939733,1772306488.3884518,0.1968005939,0,-18.8113435205,0.0,0.0,0.672225951,0.0601380024,-0.2177319471,0.0,18.7614095052,0.2261721551,6358.9695492,0,4.4513693118
1e-05,0.5145767343,18.3707552083,15.5499892235,0.0650953139,0.0177209268,0.0107322669,7.13453125,7.0748730469,18.3789727248,0.6791004244,0.5279319082,390,0.1701638378,0.5118710689,18.3187141927,-1.152844807,0.0020367118,0.5175200863,0.5304008168,-1.1488543825,5e-05,9.76562e-05,0.094616557,0.2165190287,18.2611839438,0.5162242362,0.5445907372,0.0403936434,0.6284536313,-0.2133910937,0.0970880928,0.1222123742,111711,0.1732621404,7.1186782657,0.1593489583,7.0999934896,0.5119286788,7.1237584978,1772306645.8980892,0.1857680935,0,-18.3825466712,0.0,0.0,0.6798322185,0.0760970487,-0.2138800717,0.0,18.3339461263,0.2190019108,6358.9695492,0,4.8374961658
1e-05,0.5198488719,17.9362532552,15.3147132397,0.0944842784,0.0184409901,0.0105783868,6.8580273437,6.8228808594,17.9538216197,0.6236960906,0.5314238211,391,0.157886747,0.5182217601,17.9021272786,-1.2347864052,0.0020367118,0.5310455109,0.5324817072,-1.2381890198,5e-05,9.76562e-05,0.076936864,0.204746625,17.8387814693,0.5194713458,0.5480250258,0.0397606198,0.6341917326,-0.2003338519,0.0957985294,0.1127523819,111711,0.1578713237,6.8532934488,0.1494661458,6.8487044271,0.5186538755,6.8617745232,1772306645.8980892,0.1809801482,0,-17.9471672825,0.0,0.0,0.6248322755,0.0634152989,-0.195907294,0.0,17.8964746094,0.2026822666,6358.9706952,0,5.4703639641
1e-05,0.5326315062,15.8029036458,15.6841783524,0.0614295911,0.0178654514,0.0111820436,6.8171582031,6.7835970052,15.7905652908,0.639553501,0.5439558031,392,0.1371002178,0.5300852279,15.7835807292,-1.3537888889,0.0019150808,0.5374843224,0.5447602743,-1.3555011455,5e-05,8.46354e-05,0.0814098878,0.1884814013,15.6690050836,0.5351074426,0.5548538244,0.0404161636,0.6270502049,-0.2014690335,0.0908286863,0.12900687,111711,0.1353543825,6.8061825062,0.1239583333,6.8233333333,0.5306338507,6.8184108344,1772306645.8992352,0.1641472073,0,-15.8166958805,0.0,0.0,0.6375831665,0.0684795477,-0.199835231,0.0,15.7611458333,0.1860103146,6358.9711997,0,5.7784239764
1e-05,0.5367630115,14.8352388509,15.0469245911,0.041624397,0.0162232231,0.0104839396,6.2685807292,6.221813151,14.8531292768,0.5776301767,0.5440951357,393,0.1549672806,0.5324068052,14.8021419271,-1.4162977727,0.0013258252,0.5420498551,0.5443948794,-1.4101444201,5e-05,5.85938e-05,0.0762435344,0.1682683909,14.7433633899,0.5366283724,0.558243635,0.0389245526,0.620142497,-0.1922583085,0.0878073484,0.1129468241,113174,0.1529795826,6.2495622225,0.1127083333,6.2420833333,0.5311976253,6.2589246492,1772306645.8992352,0.1567714888,0,-14.8508328313,0.001003027,7.0261027018,0.578428666,0.0664189808,-0.1895816674,230.0,14.8098307292,0.168499006,6358.9716998,0,4.7612176179
1e-05,0.5268325076,15.613922526,14.9575798512,0.006499799,0.0178224449,0.0110012952,6.592360026,6.5192285156,15.6234606079,0.6469162424,0.5379046841,394,0.1615292467,0.5262885566,15.5788439941,-1.2650876253,0.0020623947,0.5220939734,0.5371840523,-1.2706255046,5e-05,9.11458e-05,0.1224373311,0.1833447275,15.5176343725,0.5289691165,0.5497434281,0.0382012463,0.6171819745,-0.2014814662,0.0908624183,0.1520551553,113174,0.159791549,6.5671581276,0.1352604167,6.5567317708,0.5236449946,6.5872871512,1772306645.90024,0.1639144368,0,-15.6274319864,0.0,10.5391540527,0.6369417102,0.090788345,-0.200809499,345.0,15.5871126302,0.1851317425,6358.9722003,0,5.3151249318
1e-05,0.5344193918,15.7564811198,14.6750369072,0.0687195073,0.0196485857,0.0103653296,6.3554915365,6.3023502604,15.7602463925,0.5899041407,0.5459765522,395,0.1370522202,0.5304276822,15.7212239583,-1.38741353,0.0013866407,0.5433688375,0.5453051869,-1.3864750636,5e-05,6.51042e-05,0.0644930152,0.1729746125,15.6478191037,0.5348527113,0.5550358144,0.0378999297,0.6274658338,-0.1869707512,0.089796711,0.1321613728,113174,0.1376790663,6.3506713417,0.1192447917,6.344235026,0.5301253609,6.3589491612,1772306645.9007406,0.1625506378,0,-15.7732879578,0.0,10.5391540527,0.589281677,0.059591603,-0.1907292011,345.0,15.7442252604,0.1715529791,6358.9727004,0,5.6587706183
1e-05,0.5036983641,22.1401302083,14.5810258389,0.146075866,0.0232832263,0.01054962,7.9696354167,7.9409635417,22.1377539223,0.7815207098,0.5196403044,396,0.1955720511,0.4982866394,22.0929427083,-0.9848166434,0.002417838,0.5214110268,0.5198961288,-0.9816223752,5e-05,0.0001106771,0.040023318,0.2478933612,21.994303907,0.5043959589,0.5471905732,0.0373156587,0.6416224295,-0.2630211402,0.1078828174,0.1416946052,113940,0.1957823613,7.9570366132,0.193515625,7.9859635417,0.5000407916,7.9648812143,1772306645.9012406,0.2238963268,0,-22.1503394139,0.0,9.8192628225,0.7800330279,0.0581801095,-0.2647373055,349.3333333333,22.08484375,0.2507214269,6358.9737013,0,5.6025855633
1e-05,0.5095208907,18.8259781901,15.0133173466,0.0883584721,0.0178862482,0.0110677171,6.7972558594,6.7559798177,18.8495850864,0.6967968189,0.5254625281,397,0.1848746305,0.5079361509,18.8158463542,-1.1415878566,0.0020975273,0.5211259959,0.5267060753,-1.143394957,5e-05,0.0001041667,0.0879042143,0.2478060792,18.7318254112,0.5103200127,0.5471162603,0.0382943773,0.6300211587,-0.2358928214,0.0963924528,0.1231616688,113940,0.1842328665,6.7801620172,0.1626171875,6.7839973958,0.5077687813,6.7880090342,1772306645.9017408,0.1894455345,0,-18.8438882433,0.0,8.3794803619,0.6986210389,0.0750090466,-0.236356421,358.0,18.7632584635,0.2474879851,6358.9741989,0,5.3357810381
1e-05,0.4991753015,20.5204394531,15.0042686462,0.0982640219,0.0179464294,0.0105235449,7.0148958333,6.96375,20.5542071637,0.7336285537,0.5181919925,398,0.2040676703,0.4984122943,20.4620996094,-1.0355606182,0.001620453,0.5175140109,0.5188673587,-1.0335049987,5e-05,7.16146e-05,0.0686286548,0.2715577912,20.4160179621,0.4988988983,0.5469047326,0.0387727165,0.6335802468,-0.2472103374,0.0976289511,0.1407536828,113940,0.2066963926,6.999423693,0.1826692708,6.9902408854,0.4984643345,7.0097379906,1772306645.9022415,0.2077911397,0,-20.5339365617,0.0,8.3794803619,0.7372179803,0.0577065368,-0.2464571553,358.0,20.4750809733,0.2711844261,6358.9741989,0,5.6687539064
1e-05,0.5050801489,19.7571354167,15.1515209675,0.064961618,0.018461833,0.0111362211,7.1819596354,7.1454427083,19.7529489764,0.748072007,0.5227419508,399,0.1871702836,0.5029679725,19.6933300781,-1.0379150862,0.0016812685,0.5082690228,0.5216279049,-1.0407739297,5e-05,7.8125e-05,0.123376379,0.2635723067,19.6540013833,0.5054053941,0.5411839831,0.0386526211,0.6342835682,-0.2367351599,0.0998283641,0.1418876191,113940,0.191177519,7.1860070014,0.17859375,7.1899283854,0.5029228331,7.2000297547,1772306645.9027393,0.1923348903,0,-19.7647385077,0.0,8.3794803619,0.7446521113,0.0801128004,-0.235414443,358.0,19.7259309896,0.2631509924,6517.1021704,0,5.2315222824
1e-05,0.5454136921,11.9893098958,15.0462934971,-0.0343897171,0.0161574277,0.0105995695,5.9438248698,5.8783170573,11.9996968627,0.5719086108,0.5549403429,400,0.1186065591,0.5471511935,11.9684830729,-1.514255696,0.0010311974,0.5391921216,0.5556338656,-1.5160858279,5e-05,4.55729e-05,0.1223519883,0.1813826386,11.9002328423,0.5449479829,0.5572704069,0.038873624,0.6068175851,-0.1557864989,0.0809638071,0.1272910298,113940,0.1179099018,5.9202332094,0.0859765625,5.9202994792,0.5473626631,5.9247904808,1772306804.035463,0.1275238265,0,-12.0029458636,0.0,8.3794803619,0.5697904468,0.0751555675,-0.1559756484,358.0,11.9773828125,0.1781469094,6517.1027773,0,4.9209686723
1e-05,0.5236534885,16.0832633464,14.9868500233,0.0346208379,0.0187582484,0.0105193456,6.5601822917,6.4859179687,16.1096585693,0.6954108353,0.5358533484,401,0.1553116861,0.5217168984,16.0495996094,-1.2267660601,0.0017677669,0.5187585342,0.5379270821,-1.2245545481,5e-05,7.8125e-05,0.1277436696,0.219178935,16.00964183,0.5238405774,0.5420638836,0.0388010097,0.6211411183,-0.2082422431,0.0917722579,0.1558775748,113940,0.1570429735,6.5524911616,0.1333333333,6.5308105469,0.521054844,6.5631051001,1772306804.0363562,0.163221788,0,-16.0952243956,0.0,8.3794803619,0.6932553946,0.0877683324,-0.2088876974,358.0,16.036171875,0.22114644,6517.1032772,0,4.5927210501
1e-05,0.519114343,17.0450423177,15.2416985035,0.0377306789,0.0186635319,0.0104562895,6.5429101562,6.4565592448,17.0717441524,0.685837415,0.5329710944,402,0.151146457,0.5141460119,16.9819661458,-1.1884669223,0.0019150808,0.516645606,0.5330733747,-1.189398016,5e-05,8.46354e-05,0.1154372508,0.2243431938,16.9623621164,0.5176692798,0.544488447,0.039608562,0.623917659,-0.2277768136,0.0900044034,0.1504463051,113940,0.1527927542,6.4979438395,0.1493229167,6.4785579427,0.5143827341,6.5184827725,1772306804.036963,0.1729279902,0,-17.0574599602,0.0005297661,8.3794803619,0.687632843,0.0863161616,-0.2259993445,358.0,17.0248649089,0.2221423477,6517.1046843,0,5.2932637535
1e-05,0.5356624711,13.7333854167,15.6047539711,-0.0130503969,0.0180168519,0.010989782,6.269156901,6.2033365885,13.7698704255,0.6382768246,0.5490287915,403,0.113936437,0.5358328388,13.6751041667,-1.3714471088,0.000797385,0.5265759001,0.548474282,-1.3716977421,5e-05,3.90625e-05,0.1354748889,0.1866020454,13.6556226848,0.5358002106,0.550037419,0.0402058633,0.613606545,-0.188733988,0.0828224043,0.1463806652,115745,0.1112337874,6.2500296805,0.1094270833,6.2591796875,0.5363801808,6.2597467644,1772306804.037963,0.1425937296,0,-13.7493104305,0.0,95.4043865204,0.6340400884,0.07921398,-0.1903149654,1322.0,13.7240625,0.1897153702,6517.1046843,0,5.1914164705
1e-05,0.4725270455,25.8250683594,15.4066092968,0.1510676257,0.0197879455,0.0104518628,8.0148209635,7.9471516927,25.7964659479,0.8175399323,0.4963276683,404,0.211989215,0.4647924114,25.7496223958,-0.7032355698,0.0017677669,0.4907943696,0.4964872226,-0.6992489342,5e-05,7.8125e-05,0.0819934955,0.3002371404,25.649598943,0.4739845264,0.5329411865,0.0401503086,0.650934099,-0.3115797577,0.115009184,0.1828265548,115745,0.213094165,7.9895116747,0.2525651042,7.9622395833,0.4646017745,7.970360606,1772306804.03887,0.2501825133,0,-25.8261768043,0.0,138.9168395996,0.8183577217,0.0728794929,-0.3140972213,1804.0,25.7382486979,0.29917256,6517.1057778,0,6.3719803928
1e-05,0.5233774517,17.5000260417,15.4189431667,0.0884897163,0.0178880905,0.0106445686,6.6440364583,6.60625,17.5069196709,0.6336869049,0.5385765605,405,0.1239221495,0.5158580832,17.4678027344,-1.290180639,0.0014474561,0.5362864622,0.5393851732,-1.2935063469,5e-05,7.16146e-05,0.0680217909,0.206113231,17.3838864372,0.522396315,0.5547353808,0.0399942056,0.6255363216,-0.2324024729,0.0933114165,0.1367507117,115745,0.1251563841,6.6399471537,0.1366666667,6.6391927083,0.5143244998,6.6458179629,1772306804.0394638,0.1790282413,0,-17.5098891226,0.0,138.9168395996,0.6346795957,0.0583248402,-0.2323563525,1804.0,17.4434244792,0.205878113,6517.1062783,0,5.1958828088
1e-05,0.5025271554,20.4047916667,14.5533719063,0.07237266,0.018606267,0.0102049812,7.3059505208,7.2547428385,20.419658192,0.745346475,0.5198009676,406,0.1821502435,0.4981620209,20.3486002604,-1.0006369647,0.0015339546,0.5068010813,0.5195177005,-0.9976745653,5e-05,7.16146e-05,0.1053310823,0.2519484262,20.2776144278,0.5019439511,0.5422406371,0.0375933385,0.6321415699,-0.2492305807,0.0993351864,0.1485693267,115745,0.1822432007,7.290115838,0.1886979167,7.2961653646,0.4975657487,7.2908794496,1772306804.0399637,0.2058535397,0,-20.411405857,0.0,138.9168395996,0.7452650038,0.0815634433,-0.2508689921,1804.0,20.3455232747,0.2531615908,6517.1062783,0,5.362737644
1e-05,0.5099404355,19.5221138509,14.9767229557,0.0746588754,0.0185013958,0.010481209,7.294046224,7.2457486979,19.5296941857,0.7472311035,0.525087814,407,0.1761145845,0.5050387882,19.4634153239,-1.0449638742,0.0023570226,0.5063312694,0.5249241825,-1.0473545715,5e-05,0.0001041667,0.1067864446,0.2422971854,19.4098635874,0.5089542923,0.5434104889,0.0387585012,0.627292106,-0.2383406256,0.1013897766,0.1308474499,115745,0.1798759721,7.301958289,0.1773307292,7.2826139323,0.5072576957,7.3118418221,1772306804.0404642,0.1981015226,0,-19.5299722716,0.0,138.9168395996,0.7469136189,0.0876685391,-0.237644525,1804.0,19.4924603271,0.2413088012,6517.1067815,0,5.0073273587
1e-05,0.5165583001,16.705875651,14.5064327717,0.0057389832,0.0182256948,0.0101315411,6.6483138021,6.5304817708,16.697507546,0.7074804044,0.5317011318,408,0.1595786179,0.5140748397,16.6885026042,-1.1438814716,0.0017677669,0.5052749991,0.5327261632,-1.1423868414,5e-05,7.8125e-05,0.1527785491,0.2240569386,16.6162661525,0.5173272855,0.5376819843,0.0375235422,0.6202838067,-0.2216757595,0.0950259788,0.1655389566,115745,0.1629387129,6.5932684022,0.1527864583,6.5467480469,0.5144891561,6.6057421586,1772306804.0409675,0.1684447877,0,-16.7127350334,0.0,138.9168395996,0.7076586144,0.0934101598,-0.2246788621,1804.0,16.6580110677,0.2248243675,6517.1077824,0,5.0438633393
1e-05,0.4997215028,21.762878418,15.266644001,0.1502023723,0.0204156622,0.0104877758,7.2108072917,7.1839583333,21.7874125956,0.7006863933,0.5163528093,409,0.1698153924,0.495459947,21.7088789876,-1.0236711033,0.0019150808,0.5228901722,0.5157983741,-1.0194717069,5e-05,8.46354e-05,0.0396772926,0.2371358419,21.6748383025,0.5006212095,0.540821825,0.0396178754,0.6428682876,-0.2490151865,0.1031051906,0.1398441051,115745,0.1677786646,7.2153037266,0.19,7.2187239583,0.4953246229,7.2348331571,1772306804.0414674,0.2159644927,0,-21.7705056318,0.0,138.9168395996,0.695582128,0.0471248938,-0.2514067887,1804.0,21.71627889,0.2409158238,6673.0340327,0,5.2129093647
1e-05,0.4985959133,21.2022884115,14.9467966557,0.1065986404,0.0194064853,0.0104590257,7.3605078125,7.3120279948,21.1906550939,0.754073521,0.5168951238,410,0.1780285725,0.4953235647,21.1225325521,-0.961288297,0.0017677669,0.5088667347,0.5157302833,-0.9553438308,5e-05,7.8125e-05,0.088732339,0.2595116108,21.0491285202,0.49871001,0.5381031161,0.0385988704,0.6402007361,-0.2529501426,0.1026333569,0.1540021698,115745,0.1768300518,7.3745439132,0.1955989583,7.3524967448,0.4958943039,7.37143997,1772306959.9720917,0.2118602212,0,-21.2082096745,0.0,138.9168395996,0.7581560479,0.0771316848,-0.254152091,1804.0,21.1503027344,0.2573230193,6673.0345361,0,5.6019092652
1e-05,0.513940604,17.5136425781,14.8495531082,0.0218416044,0.0207526598,0.0103982051,6.7784667969,6.7350651042,17.5294577363,0.7361679254,0.5280488113,411,0.1640957723,0.5097335002,17.5050113932,-1.0892615437,0.0026002845,0.5033138386,0.5285886004,-1.0867687376,5e-05,0.0001302083,0.1546277409,0.240172707,17.4268845698,0.5140224413,0.5364121217,0.0383720676,0.6233759019,-0.2255952976,0.0960075605,0.1783563514,115745,0.1663571696,6.7763083496,0.1627213542,6.8463997396,0.5091068312,6.7787612903,1772306959.9737697,0.1759393219,0,-17.5230572506,0.0,138.9168395996,0.7355850825,0.0929183942,-0.2275363679,1804.0,17.4170703125,0.2386231291,6673.0352337,0,5.6017049564
1e-05,0.466901242,27.6562467448,14.9090473652,0.1988893722,0.0215128623,0.0102686652,8.290625,8.2640104167,27.6631229934,0.886840554,0.4887705032,412,0.2599668172,0.4613885324,27.5733007813,-0.6112462886,0.0021232102,0.4951750438,0.4906016622,-0.6105850486,5e-05,9.76562e-05,0.0496000014,0.3183233227,27.520327079,0.4684900399,0.5304522824,0.0387181441,0.6593613217,-0.3229225732,0.1170493663,0.1413461664,115745,0.2618571027,8.3067600203,0.2653255208,8.2940364583,0.4615638645,8.3063400813,1772306959.974273,0.2665439442,0,-27.6618684272,0.0,138.9168395996,0.8817934416,0.0544369377,-0.3238197602,1804.0,27.6076064046,0.3158969822,6673.0357368,0,5.3330259243
1e-05,0.5178936679,17.3550325521,15.1607425213,0.0472967886,0.0204506601,0.0103986088,6.6135286458,6.561500651,17.3568603928,0.7179418004,0.5315760589,413,0.1711890295,0.5142615036,17.3266503906,-1.1664790142,0.0013866407,0.5160814136,0.532382145,-1.1641875569,5e-05,6.51042e-05,0.1093085182,0.2281426753,17.2272256946,0.5188041089,0.5445746522,0.0394355011,0.6260924412,-0.2332855908,0.0910266435,0.1255920626,115745,0.1701216918,6.6080356271,0.1520572917,6.5986914063,0.5110453132,6.6148987078,1772306959.9749706,0.1782094868,0,-17.3674675175,0.0,138.9168395996,0.7184673508,0.0819769362,-0.2329102686,1804.0,17.2903776042,0.2294990062,6673.0362372,0,4.7957196734
1e-05,0.5137292607,18.4187955729,14.8133337498,0.0518412223,0.017737304,0.0103601933,6.7590755208,6.7270247396,18.4377631821,0.7038813914,0.5290829069,414,0.1561879073,0.5117530979,18.3664908854,-1.1259025167,0.0015339546,0.5124467168,0.5281385782,-1.1287036613,5e-05,7.16146e-05,0.1203335727,0.2311731698,18.3158016952,0.5128626317,0.5441210846,0.0383307465,0.6277903331,-0.2291750398,0.0953980351,0.1234234842,115745,0.1557480028,6.7802137187,0.1621484375,6.7767285156,0.5116978865,6.7800019129,1772306959.9754739,0.1840283047,0,-18.4238633378,0.0,138.9168395996,0.7006054542,0.0837974119,-0.2280747805,1804.0,18.3656380208,0.2348369806,6673.0377364,0,4.9141875433
1e-05,0.4945849705,22.3242382813,15.0684731007,0.1254291932,0.0182392242,0.0104856865,7.3303125,7.3047916667,22.3317686909,0.7484910881,0.5177101388,415,0.182174237,0.4904099219,22.2660611979,-0.9714522783,0.0018893979,0.5135612474,0.5171165954,-0.9662314538,5e-05,9.11458e-05,0.0738139368,0.2773975904,22.210228987,0.4940784752,0.5481245682,0.0390895454,0.6325459033,-0.2714331581,0.1039478349,0.1222078727,115745,0.1822342649,7.3512442299,0.1960286458,7.3360677083,0.4910872278,7.3537177499,1772306959.9764745,0.2181944824,0,-22.3356053169,0.0,138.9168395996,0.7541471595,0.0532127537,-0.2700297209,1804.0,22.2890844727,0.27685912,6673.0377364,0,5.2740493602
1e-05,0.4777951493,23.8955729167,14.6172151566,0.1236867185,0.0210271109,0.0101078685,7.7311295573,7.6875651042,23.9134802473,0.855241976,0.5050353829,416,0.2183525347,0.476403288,23.8028515625,-0.754824594,0.0022097087,0.4917676362,0.5047864422,-0.7543990648,5e-05,9.76562e-05,0.1067522946,0.3134311438,23.8031791933,0.4788311847,0.5313111649,0.0378857493,0.6448843296,-0.2989684916,0.1112650036,0.1315295051,115745,0.2191272993,7.7493802114,0.2288020833,7.709593099,0.4768279825,7.7603796466,1772306959.9769738,0.2356101709,0,-23.9009326442,0.0,138.9168395996,0.8513762361,0.08316253,-0.2988863614,1804.0,23.843671875,0.3139593302,6673.038239,0,4.7672202446
1e-05,0.5256387044,16.4143359375,14.767362833,0.0758096373,0.0181040985,0.0102522246,6.625797526,6.5964973958,16.4256632445,0.6518084057,0.5407449034,417,0.1457544974,0.5233971955,16.3826302083,-1.3128283187,0.0015339546,0.5395550116,0.5409394808,-1.3091780059,5e-05,7.16146e-05,0.0652134956,0.2218509211,16.3091432899,0.5264362229,0.5506586907,0.0383145277,0.63214281,-0.2132265371,0.093499043,0.1128897583,115745,0.1424787005,6.6234961987,0.1287109375,6.6286523437,0.5248967935,6.6238802113,1772306959.9774735,0.1697789218,0,-16.4273882089,0.0,138.9168395996,0.6535057867,0.0582918487,-0.2116447331,1804.0,16.3682552083,0.2212357166,6673.0387377,0,4.9959534689
1e-05,0.5084066504,19.6004817708,14.8565731049,0.0883549798,0.0196945442,0.0102453057,7.4278157552,7.39640625,19.5970834323,0.7578598783,0.5251219812,418,0.2009241893,0.5073780172,19.5552473958,-1.0548176892,0.0020623947,0.5168753579,0.5250724998,-1.0532010109,5e-05,9.11458e-05,0.0885212342,0.2552375796,19.5017180838,0.5075982986,0.5440473301,0.0385890055,0.6326677417,-0.234686994,0.104054571,0.1341217108,115745,0.1995548178,7.4345802533,0.1716145833,7.4177376302,0.5072026564,7.4453252213,1772306959.9784749,0.1948816459,0,-19.6142479467,0.0,138.9168395996,0.7585315386,0.0715318887,-0.2348929557,1804.0,19.5673697917,0.2573886927,6673.0392378,0,5.2161425745
1e-05,0.5116280239,18.3047672526,15.2496671677,0.0578736437,0.0191232486,0.0105646666,6.95078125,6.9221386719,18.3468797031,0.7181359419,0.5271753336,419,0.1824392409,0.5107607359,18.2426204427,-1.115859388,0.0019758963,0.5147613689,0.5282627868,-1.1116708916,5e-05,9.11458e-05,0.1201456764,0.2477483712,18.2369992197,0.5118127496,0.5439170688,0.0395471589,0.625200114,-0.2153384506,0.094489593,0.1193782379,115745,0.1823963125,6.9535961408,0.1620052083,6.9722330729,0.5123221994,6.9729425444,1772306959.978975,0.1829908392,0,-18.3146904894,0.0,138.9168395996,0.7233305249,0.0870980177,-0.2171662336,1804.0,18.2820914714,0.2460394442,6829.6157127,0,5.4337161875
1e-05,0.4999107453,20.5478222656,14.8785264492,0.0905943861,0.0188423134,0.0104595097,7.2079947917,7.1756705729,20.5928058788,0.7471861849,0.5185002761,420,0.1984100217,0.4966304528,20.503766276,-0.9833918185,0.0018893979,0.503951419,0.5185088126,-0.9856453987,5e-05,9.11458e-05,0.1073937224,0.2505000092,20.4693577393,0.5002084298,0.5385043078,0.0383560491,0.6343263158,-0.2456698123,0.0997396563,0.1495583664,115745,0.1985113249,7.218021743,0.1894661458,7.2223893229,0.4967387711,7.2272884926,1772307116.5602741,0.2056169127,0,-20.5595747868,0.0,138.9168395996,0.742867777,0.0837180229,-0.2440816907,1804.0,20.4865580241,0.253679719,6829.6157127,0,6.1577013804
1e-05,0.5298318336,15.4771809896,14.6747868061,0.0294831805,0.017883551,0.0102658216,6.5069563802,6.473984375,15.5061495115,0.6168676934,0.5419196114,421,0.1411566157,0.5278063051,15.4319075521,-1.325641877,0.0015947701,0.5252587382,0.5413027423,-1.3197082087,5e-05,7.8125e-05,0.1122931028,0.1930834082,15.3902914233,0.5287535415,0.551551654,0.0379301985,0.6168140024,-0.1729961722,0.0892619633,0.1145657208,115745,0.1406586545,6.5094539044,0.1261067708,6.5038085937,0.5293891929,6.5079035111,1772307116.5605857,0.159101579,0,-15.4922661836,0.0,138.9168395996,0.6188733259,0.0781752492,-0.1735595187,1804.0,15.4559928385,0.1965121909,6829.6164013,0,4.5624555599
1e-05,0.5482769055,11.1696484375,14.6701843739,-0.0766548388,0.0180848838,0.0101444515,6.1014127604,6.0441731771,11.2006162314,0.6034315877,0.5587578814,422,0.1195732138,0.5494393747,11.161389974,-1.4821603141,0.0010311974,0.5232107902,0.5576185173,-1.4847522693,5e-05,4.55729e-05,0.1824585171,0.1681808694,11.1149035809,0.5482741534,0.557159897,0.0380335951,0.5995413008,-0.1431399563,0.0761121956,0.1218982867,115745,0.1156872411,6.0625858354,0.0852213542,6.0825651042,0.5494268024,6.0838103482,1772307116.5612743,0.1150561941,0,-11.186057677,0.0,138.9168395996,0.6028581054,0.1079146817,-0.1409201107,1804.0,11.1295833333,0.1719917629,6829.617234,0,4.8217254083
1e-05,0.5200251244,17.0954557292,14.5889003277,0.0339334149,0.0199314107,0.0101014344,6.7479459635,6.7068164062,17.0737614753,0.6996023976,0.5339522998,423,0.1573199717,0.5191408181,17.0524804688,-1.1807100717,0.0009446989,0.5175790124,0.5348007938,-1.1796556766,5e-05,4.55729e-05,0.1313229902,0.219998039,16.9635125834,0.5205903875,0.5415707576,0.0378333577,0.629026271,-0.1988489832,0.0909818204,0.1431235578,115745,0.1558916664,6.7367839923,0.1433333333,6.774905599,0.5204678607,6.7480180009,1772307116.5617747,0.1699690355,0,-17.1041791596,0.0,138.9168395996,0.6981948548,0.0898955955,-0.2020238075,1804.0,17.0486979167,0.2222835136,6829.617234,0,4.9937211155
1e-05,0.5193911293,17.45390625,14.688788414,0.0376297775,0.0204270569,0.0101998115,6.2820670573,6.2395117188,17.4630715013,0.6244916604,0.5321881845,424,0.1524831323,0.51590379,17.3965429688,-1.2255670607,0.0011528283,0.5225319213,0.5314711513,-1.2291105147,5e-05,5.85938e-05,0.1063862582,0.2043679351,17.3461044667,0.5201207386,0.5493163675,0.0380686434,0.6200844906,-0.1953444774,0.0905027281,0.1380545819,115745,0.1502152183,6.2767417407,0.15,6.2887402344,0.5139746985,6.2754927756,1772307116.562107,0.1748142157,0,-17.4672129953,0.0,138.9168395996,0.61715485,0.0755548824,-0.1957571803,1804.0,17.4190234375,0.203669039,6829.6182987,0,5.7981259703
1e-05,0.5301852599,14.7539388021,15.4453160763,-0.0345043755,0.018031937,0.0105120238,6.8257454427,6.7795410156,14.7768307509,0.7288887303,0.5414694757,425,0.1594023023,0.530028512,14.6695442708,-1.2373320324,0.0017677669,0.5107045831,0.5421502167,-1.2371437209,5e-05,7.8125e-05,0.1711945325,0.2120395322,14.6770361628,0.5309242544,0.5460325877,0.0402522095,0.6130725359,-0.2004347397,0.0853675523,0.171438648,115745,0.1614928061,6.7949889301,0.1279817708,6.8755436198,0.5291256281,6.8192867139,1772307116.5627759,0.1479946426,0,-14.7667907166,0.0,138.9168395996,0.7253570382,0.1036958927,-0.2002364499,1804.0,14.7745540365,0.2138623412,6829.6182987,0,5.4600474369
1e-05,0.4970113818,21.2820442708,15.2314221859,0.0862727399,0.0233177579,0.0103610913,7.716233724,7.6702571615,21.3003478005,0.8542606693,0.5148151506,426,0.2107573833,0.4897706541,21.2330208333,-0.8700222554,0.0022097087,0.4969257636,0.5149460387,-0.873078901,5e-05,9.76562e-05,0.1240280267,0.2795007188,21.188635022,0.4957791586,0.5328726707,0.0396558015,0.638042204,-0.2920055157,0.1026933517,0.1592757988,115745,0.208887391,7.7163015591,0.1983723958,7.721015625,0.4909593304,7.7402959286,1772307116.5631719,0.2087258085,0,-21.2905890378,0.0,138.9168395996,0.8573424955,0.0967874189,-0.2937822982,1804.0,21.2163671875,0.2768547886,6829.6189019,0,5.5480669733
1e-05,0.4633665879,27.6778385417,15.197507143,0.1859699629,0.0216683699,0.0103110464,8.379280599,8.3300748698,27.6615441521,0.9231470972,0.485851443,427,0.2720846446,0.4558330465,27.5837109375,-0.5446085095,0.0033017215,0.4891408316,0.4856176828,-0.5353141054,5e-05,0.0001497396,0.060378351,0.3267424407,27.5649817777,0.4634561816,0.527558879,0.0395928208,0.6570521027,-0.3429736073,0.1228184049,0.1493297648,115745,0.2704613552,8.3644162485,0.2712109375,8.3490983073,0.4566936799,8.3895022306,1772307116.563775,0.2688523855,0,-27.6846662227,0.0,138.9168395996,0.9285715746,0.0695169722,-0.3432647577,1804.0,27.6142708333,0.3276563066,6829.6194018,0,5.8715697022
1e-05,0.5261021871,15.1988020833,15.3535509109,-0.0215679293,0.0180306671,0.0103338019,6.4139160156,6.3831901042,15.224042025,0.7099111813,0.5376314204,428,0.1749770645,0.5214332937,15.2075292969,-1.2262842669,0.0008582005,0.5132091945,0.5392532704,-1.2280764723,5e-05,4.55729e-05,0.1662376675,0.2221177776,15.1522459871,0.5252408827,0.5475584295,0.0401515365,0.6129044235,-0.2176331041,0.0817148672,0.1242385941,115745,0.1731817776,6.4121613379,0.1266666667,6.4470019531,0.5217088832,6.4485029811,1772307116.564275,0.1473100313,0,-15.2085811001,0.0,138.9168395996,0.7100063038,0.1011077297,-0.2196832213,1804.0,15.1272135417,0.2204370285,6829.6199015,0,4.7794826482
1e-05,0.5128187856,18.7545817057,14.7743463516,0.0917727519,0.0192228057,0.010063231,6.428766276,6.4048535156,18.7894152833,0.6780534024,0.5273060808,429,0.1735272372,0.5095487704,18.700612793,-1.1486524677,0.0011785113,0.5272333545,0.5269111357,-1.1508388114,5e-05,5.20833e-05,0.0747122129,0.2317100174,18.6633770331,0.51215707,0.5478687805,0.0384500853,0.6291486182,-0.2307462631,0.0956228933,0.1003488448,115745,0.1734720561,6.4372633231,0.1566666667,6.4394824219,0.5081320327,6.4330715419,1772307116.564275,0.1899615223,0,-18.7654300187,0.0,138.9168395996,0.6760348227,0.0576713156,-0.2319679054,1804.0,18.7111132813,0.229087113,6984.4325568,0,4.6074986267
1e-05,0.5324032961,14.7923697917,15.0715568066,0.016873123,0.0177763538,0.0103417214,6.6950423177,6.6884277344,14.7950915519,0.7252945607,0.5437452236,430,0.1647211333,0.5324966986,14.7375423177,-1.2769172461,0.0021840257,0.5231673194,0.5425712092,-1.2767960893,5e-05,0.0001041667,0.1260542948,0.2121595118,14.6912502033,0.5345966686,0.5455266473,0.0392197752,0.6200366095,-0.2029422953,0.0898469012,0.1268512147,115745,0.1656414268,6.7086050592,0.1181770833,6.7708496094,0.5304661423,6.7234756775,1772307271.3810081,0.1527021746,0,-14.8021971303,0.0,138.9168395996,0.7210413136,0.0902503089,-0.1997363226,1804.0,14.7681966146,0.2111388063,6984.4330564,0,4.6140997397
1e-05,0.5045720243,20.5420077006,14.6223232746,0.0991199805,0.0192461049,0.0101028291,7.043828125,7.0112760417,20.5580089546,0.7177582266,0.5210951183,431,0.1977274917,0.5035138012,20.5062597656,-1.0452360268,0.0018285824,0.5216045636,0.5211877493,-1.0497588766,5e-05,8.46354e-05,0.0709668444,0.2422215304,20.4523066188,0.5058490125,0.5485469004,0.0379455042,0.6387542979,-0.236730093,0.0991343303,0.1331925712,115745,0.1927945145,7.0499287478,0.1784635417,7.042421875,0.5035097068,7.0642180916,1772307271.382508,0.2002300907,0,-20.5532462263,0.0,138.9168395996,0.717735264,0.0620656982,-0.2346472954,1804.0,20.4770084635,0.2387916155,6984.4335564,0,5.8519514565
1e-05,0.5093680185,18.6748177083,15.1885075569,0.0574231038,0.020032637,0.0105206847,6.6421191406,6.6070605469,18.6609845706,0.7096642387,0.5256972484,432,0.1693003743,0.5063881055,18.5902734375,-1.1148528842,0.0024786535,0.5172789044,0.525736118,-1.1132730194,5e-05,0.0001171875,0.1042032221,0.239762204,18.5629978691,0.5101268132,0.5475000066,0.0394690347,0.6277668552,-0.2364980306,0.0964445467,0.1464375262,115745,0.171686628,6.6366062041,0.1653776042,6.6657910156,0.5071498988,6.648694293,1772307271.3830075,0.186887785,0,-18.6847552812,0.0,138.9168395996,0.7117265868,0.0671248541,-0.2361599288,1804.0,18.6581445312,0.2391481374,6984.4340581,0,5.5197807163
1e-05,0.528034708,15.8079296875,14.9011256695,0.0485899718,0.0193833645,0.0103525392,6.4770084635,6.4476464844,15.8160076541,0.6666944221,0.5419113748,433,0.134272494,0.5260745838,15.7745703125,-1.2997192128,0.0009446989,0.5328503489,0.5423952463,-1.2990814532,5e-05,4.55729e-05,0.0930403398,0.2062660926,15.7075617452,0.5287540779,0.5506913195,0.0386094968,0.6228417126,-0.2033673809,0.0890179509,0.1092014142,115745,0.1327415231,6.4729929923,0.1227473958,6.4802799479,0.5264060029,6.4903526085,1772307271.3835077,0.1629678854,0,-15.8199309858,0.0,138.9168395996,0.6641943834,0.0658395066,-0.2034356091,1804.0,15.7529166667,0.2028083418,6984.4345576,0,4.2098936297
1e-05,0.522223894,16.8339453125,15.0392193794,0.0271162084,0.0176589556,0.0107260553,6.8913216146,6.866953125,16.8440706327,0.7333845048,0.5359486467,434,0.1557461013,0.5194484052,16.7986588542,-1.1607320385,0.0020623947,0.512681492,0.534550449,-1.1608952126,5e-05,9.11458e-05,0.1355683306,0.2141285401,16.7442046559,0.5231106001,0.5392963699,0.0387343192,0.6214549677,-0.2161144238,0.0935077671,0.1364591461,115745,0.157216207,6.905999124,0.1447395833,6.9309407552,0.5190450894,6.9226173111,1772307271.3840091,0.1695653668,0,-16.8507924732,0.0,138.9168395996,0.7326647549,0.0944640085,-0.217892713,1804.0,16.8101432292,0.2165218179,6984.4350568,0,5.2079349759
1e-05,0.5150308052,19.4116149902,14.715773344,0.0996335996,0.0189803445,0.0102752312,7.0361979167,7.0009635417,19.4281390644,0.6943821128,0.5286873336,435,0.1633327963,0.513473047,19.362508138,-1.1388522204,0.001620453,0.5284498839,0.5271977543,-1.1412627983,5e-05,7.16146e-05,0.0644973987,0.2202744079,19.3108923877,0.5150780071,0.552521851,0.0380662807,0.6309625916,-0.223240908,0.0967475262,0.1177729234,115745,0.1639334636,7.022897869,0.1615234375,7.0187760417,0.5131901641,7.0350794224,1772307271.3845088,0.1930673023,0,-19.4210504397,0.0,138.9168395996,0.6926876089,0.0588224038,-0.2209552009,1804.0,19.3779557292,0.220538044,6984.4355573,0,5.3861785126
1e-05,0.508497725,20.9243229167,15.2740223408,0.1390585165,0.0195640799,0.0109166861,7.434765625,7.4036197917,20.9490412227,0.7198852479,0.5231853725,436,0.1757851634,0.5046494598,20.90765625,-1.0605298154,0.0022705241,0.5247918376,0.5238665375,-1.059361699,5e-05,0.0001041667,0.0401662259,0.2288752601,20.8221097436,0.5083254907,0.5490906233,0.039185667,0.6422447191,-0.2395711735,0.1023938719,0.1162227209,115745,0.1769224873,7.4213459957,0.1780859375,7.4194010417,0.5050904992,7.4261978793,1772307271.385008,0.2082914223,0,-20.9371539722,0.0,138.9168395996,0.7247852594,0.0453084687,-0.2391824958,1804.0,20.853671875,0.2304947322,6984.4360572,0,5.2026729965
1e-05,0.4681220233,28.2292317708,14.3398394585,0.2236120999,0.0210609376,0.0102440055,8.096640625,8.0805598958,28.2228015397,0.8514920913,0.4888553713,437,0.2450805721,0.4612255932,28.1384635417,-0.5855133832,0.0023570226,0.4929658151,0.4884665981,-0.5928305614,5e-05,0.0001041667,0.045574383,0.2981383837,28.0886712551,0.468682945,0.530269827,0.0369466281,0.6591740638,-0.3155504586,0.1210947094,0.1244053862,115745,0.2433230184,8.1218108,0.266015625,8.0973046875,0.4594426271,8.1074835402,1772307271.3855085,0.2745701525,0,-28.2326766046,0.0,138.9168395996,0.8464547553,0.0639341167,-0.3152473479,1804.0,28.1590820313,0.2955787341,6984.4360572,0,5.4708199745
1e-05,0.5186839271,17.6287988281,14.7947151661,0.0557865315,0.0184789423,0.0103558755,6.1669596354,6.1272005208,17.6304134929,0.6297453705,0.5292404282,438,0.1599566272,0.5136519273,17.562109375,-1.1933012144,0.0016812685,0.5254703434,0.5283217362,-1.1946090754,5e-05,7.8125e-05,0.0954958082,0.1940029199,17.5324721008,0.5167408604,0.5475147944,0.038319025,0.6296915374,-0.2107507615,0.0922889646,0.1048393468,115745,0.1603146225,6.1724842507,0.1533333333,6.1579557292,0.5134096,6.1743028984,1772307271.3860085,0.1741159228,0,-17.6373941257,0.0,138.9168395996,0.6301558509,0.0721701052,-0.2128923154,1804.0,17.5896744792,0.193560364,6984.4365564,0,4.8448446203
1e-05,0.5143067346,18.277890625,14.7861039639,0.0492676202,0.0197208579,0.0107184823,7.1513932292,7.1292675781,18.2830220202,0.7725689418,0.5294493309,439,0.1763341835,0.5102940352,18.2333984375,-1.0509344456,0.0028597798,0.5051195013,0.5282179253,-1.0470135441,5e-05,0.0001302083,0.1252032703,0.2222560651,18.1670709283,0.5147138065,0.5390097236,0.0378768794,0.6272678219,-0.2408028728,0.0963767698,0.1422146336,115745,0.1733881861,7.1724954518,0.1646744792,7.210875651,0.5114586567,7.1857844301,1772307271.3865077,0.1853705806,0,-18.2920723166,0.0,138.9168395996,0.7695898026,0.0966182057,-0.2408321509,1804.0,18.2535872396,0.2205789563,7140.600876,0,4.8491099457
1e-05,0.487910576,24.3461914062,14.8694777489,0.1842770166,0.0219944106,0.0103514393,7.5290885417,7.511171875,24.3918732779,0.7801393384,0.5034176671,440,0.1982696783,0.4798304779,24.3388492839,-0.8299094303,0.0019758963,0.5076711994,0.5050433041,-0.8330331504,5e-05,9.11458e-05,0.0558341318,0.2644706015,24.2558426113,0.4873888003,0.5369232006,0.0385208408,0.6541689662,-0.2817797371,0.1116652032,0.1279695801,115745,0.2036936113,7.5620158767,0.2226822917,7.5525390625,0.4801111767,7.5542901713,1772307427.5554454,0.2401861136,0,-24.3675675384,0.0,138.9168395996,0.783052682,0.0568817607,-0.2810516875,1804.0,24.2635644531,0.2620853027,7140.6023772,0,5.5697780204
1e-05,0.5009830515,20.8516927083,14.6879715919,0.0751937728,0.0204360471,0.0102776766,7.3200065104,7.3069401042,20.8547668087,0.8006559709,0.5189680311,441,0.1839125681,0.4959252227,20.774921875,-0.9243037987,0.0014731391,0.4974869545,0.5172684688,-0.9219902719,5e-05,6.51042e-05,0.126162861,0.2436205081,20.7500553803,0.5009411937,0.5303258951,0.037988778,0.6382585828,-0.2587765855,0.1015489179,0.1462244617,115745,0.1846966129,7.354378626,0.1921744792,7.3994856771,0.4952787945,7.3588778073,1772307427.5564504,0.2026621351,0,-20.8680478636,0.0,138.9168395996,0.8002133195,0.0929439134,-0.2589629017,1804.0,20.809609375,0.2432028845,7140.6028762,0,5.2346609301
1e-05,0.5076992441,19.8672721354,14.4239690304,0.0415530126,0.0182773303,0.0101001469,7.0920768229,7.049140625,19.9013272895,0.7446003428,0.5218372666,442,0.1803238041,0.502812469,19.8359114583,-0.9940241971,0.0019150808,0.4987982131,0.5216936774,-0.9915927002,5e-05,8.46354e-05,0.1464039144,0.2209538169,19.8108701879,0.5069402553,0.5391911339,0.0372829692,0.6289310743,-0.2346652373,0.0964237315,0.1427992225,115745,0.1787690743,7.0889670623,0.1820703125,7.1034830729,0.5007867382,7.109572629,1772307427.557451,0.1902975499,0,-19.877222983,0.0,138.9168395996,0.7450343332,0.0998122327,-0.2310877205,1804.0,19.7993147786,0.2218798297,7140.603376,0,5.3350703521
1e-05,0.4905190062,24.9558854167,14.8270335197,0.173829749,0.0201738157,0.0107012018,7.8679427083,7.8544010417,24.9496761219,0.7865018973,0.5076353515,443,0.1909184214,0.4811827725,24.8833333333,-0.8336285122,0.0019150808,0.5082019484,0.5076137106,-0.8266900142,5e-05,8.46354e-05,0.0399470501,0.2485529608,24.8084196428,0.4897490286,0.5374018354,0.0379499714,0.6510127258,-0.2743759731,0.1115214906,0.1175311003,115745,0.191552775,7.877104042,0.2248697917,7.8913541667,0.4824672154,7.8765300039,1772307427.55795,0.2457040166,0,-24.9575362603,0.0,138.9168395996,0.7908351062,0.0532975529,-0.2759057021,1804.0,24.8994791667,0.2479164617,7140.603876,0,5.4622857155
1e-05,0.4935464733,22.1904931641,14.6510345936,0.0583188226,0.0216811963,0.0103654226,7.6695768229,7.6495019531,22.2033646143,0.8476556537,0.5109324073,444,0.19774157,0.4871646235,22.1277783203,-0.8008288442,0.0025651519,0.4826167778,0.5100550187,-0.8020513525,5e-05,0.0001171875,0.1533562447,0.2578695237,22.1071071873,0.494451588,0.5317409991,0.0378080463,0.6312209127,-0.2762358954,0.1053132842,0.1439908712,115745,0.2011093405,7.681998516,0.2173828125,7.7142740885,0.4873027817,7.693507749,1772307427.55845,0.2143850699,0,-22.1965683819,0.0,138.9168395996,0.8443742121,0.111598473,-0.2772624343,1804.0,22.1405696615,0.2574662512,7140.604379,0,5.0364919225
1e-05,0.509439316,19.5145084635,14.5185587406,0.0507630399,0.0200166249,0.0101929522,7.1978320312,7.1153027344,19.5205113488,0.7871670287,0.5235907392,445,0.1702459822,0.5040977633,19.4566959635,-0.981055735,0.0025043365,0.4987088563,0.5232315449,-0.9872819317,5e-05,0.0001106771,0.1416517134,0.2328314931,19.4184240018,0.5078440192,0.5358215791,0.0375616217,0.6276727271,-0.2554191844,0.098057739,0.1353844038,115745,0.1691169942,7.1514818674,0.1780208333,7.1411848958,0.5025444989,7.1695656026,1772307427.55895,0.191967195,0,-19.5299793484,0.0,138.9168395996,0.7857403278,0.1041996432,-0.2520764852,1804.0,19.4688932292,0.2308667181,7140.6048768,0,5.0910520916
1e-05,0.5088498684,20.1937125651,16.220261097,0.0874384584,0.0217997655,0.0117601824,6.8034407552,6.7617708333,20.1927624387,0.7125805344,0.5231070412,446,0.1675194656,0.5030184514,20.1644807943,-1.0483528796,0.001620453,0.5145786535,0.5244690452,-1.0485752528,5e-05,7.16146e-05,0.0920005769,0.2091105009,20.1075438055,0.5094425591,0.541115259,0.0416186682,0.6347900095,-0.2414618075,0.1032314756,0.1286904882,115745,0.1676690938,6.8041345129,0.1733333333,6.798655599,0.5028592981,6.7939541366,1772307427.5594528,0.1960015356,0,-20.2003334383,0.0,138.9168395996,0.70917383,0.071007068,-0.2414634319,1804.0,20.117545166,0.2040514885,7140.6053761,0,5.4969213361
1e-05,0.520344021,18.1471329753,14.6049199104,0.079714867,0.0202619106,0.0104971258,6.6003320312,6.5305891927,18.1818291365,0.6394018235,0.5309763258,447,0.15043505,0.5150992656,18.1006624349,-1.198221635,0.0016812685,0.5258694532,0.5295836274,-1.2027365613,5e-05,7.8125e-05,0.0731256476,0.1832502264,18.0745898249,0.5193927061,0.5486539858,0.0375164445,0.6302447226,-0.2139141794,0.0940591057,0.1438489052,115745,0.1507906735,6.5836010949,0.1527864583,6.5619954427,0.5132878436,6.5829867017,1772307427.5599506,0.1798601373,0,-18.1640129835,0.0,138.9168395996,0.6394454116,0.0679078403,-0.2125938898,1804.0,18.1164127604,0.1857435695,7140.6053761,0,5.9673238264
1e-05,0.5113879454,19.4356966146,15.3283584118,0.0494108568,0.018986738,0.011095988,6.8199772135,6.7557389323,19.4369572716,0.7133335528,0.5245185103,448,0.1507877484,0.5032961798,19.3665055339,-1.0510970983,0.0013258252,0.5072677486,0.5238137765,-1.0517026578,5e-05,5.85938e-05,0.1240630853,0.1997519983,19.3186022928,0.5129156897,0.5413061082,0.0392609056,0.6269506703,-0.2439309168,0.096121384,0.1708042557,115745,0.1533607955,6.8031607408,0.1754036458,6.8153645833,0.5036666547,6.8023495952,1772307427.5604498,0.1919092801,0,-19.4462263,0.0,138.9168395996,0.7099907242,0.0883221262,-0.2468494048,1804.0,19.3941015625,0.1953622704,7140.605876,0,5.9701883184
1e-05,0.4914579836,23.8964973958,15.1468307972,0.1400852553,0.0199865051,0.0104956826,7.7618033854,7.7012890625,23.8929141577,0.8121734124,0.5086915254,449,0.1850674281,0.4817819052,23.8258854167,-0.8123217715,0.0025043365,0.5013954479,0.5073283499,-0.8151564745,5e-05,0.0001106771,0.0796952047,0.2322821325,23.777831855,0.4907465242,0.5338441452,0.0392768693,0.6432260461,-0.2914615579,0.1143987269,0.1431970422,115745,0.1819666186,7.7609727492,0.2189453125,7.7253125,0.4815364312,7.7465779952,1772307427.5609498,0.232572843,0,-23.9062631496,0.0,138.9168395996,0.8119942178,0.0643503643,-0.2921839477,1804.0,23.8650260417,0.2340740615,7299.552843,0,4.8181100066
1e-05,0.5091760413,19.7930078125,15.5266480446,0.0684895433,0.0190664518,0.0106978305,7.0953841146,7.0229752604,19.7901094276,0.7088416741,0.5231503121,450,0.1507378523,0.5012408741,19.7358870443,-1.0473099313,0.0029462782,0.5110202857,0.5242261261,-1.0475240359,5e-05,0.0001302083,0.1042526302,0.1894369967,19.6966329477,0.5092247493,0.5446468763,0.0399102505,0.6298171884,-0.2518178431,0.1044853858,0.14978779,130746,0.1518443733,7.0881193004,0.1761458333,7.0549641927,0.5019003242,7.0737591715,1772307586.5126307,0.1928110626,0,-19.8049373205,0.0,-48.8816833496,0.7094698633,0.0736809989,-0.2543329573,15000.0,19.7662011719,0.1914137943,7299.553343,0,5.309415238
1e-05,0.5182745098,18.3581380208,15.928863287,0.0510653641,0.0186011249,0.0114960257,6.5913867187,6.5354394531,18.3764461817,0.6533262778,0.5304997621,451,0.1313412619,0.5086325813,18.3019401042,-1.1457863869,0.0017677669,0.5154019915,0.530184185,-1.1448648298,5e-05,7.8125e-05,0.1219384043,0.1766524987,18.2856422553,0.5168943028,0.5459082893,0.040870262,0.6213587632,-0.2220474561,0.0965933809,0.1246590753,130746,0.1316109802,6.5924028837,0.1566666667,6.5745898438,0.5101167203,6.58142622,1772307586.5136304,0.1786708874,0,-18.3728035865,0.0,-48.8816833496,0.6557804139,0.083533069,-0.2213244869,15000.0,18.3129557292,0.1754766465,7299.553843,0,4.6651252568
1e-05,0.5265773775,18.1963151042,15.5165231228,0.0885087826,0.0207829885,0.0109307528,6.6657617187,6.6395833333,18.2383748458,0.6308267759,0.5358708418,452,0.1116670179,0.5190357155,18.1588671875,-1.2429785677,0.0010311974,0.5332958621,0.5361549148,-1.2453584524,5e-05,4.55729e-05,0.0660222242,0.160691727,18.1183273032,0.5241991885,0.5497041149,0.0401435852,0.6294563061,-0.2068114105,0.0932487808,0.1000538785,130746,0.1092801216,6.6638189716,0.145390625,6.6724283854,0.5191803105,6.6680631471,1772307586.5141304,0.182625313,0,-18.2121125549,0.0,-48.8816833496,0.6318624274,0.057356633,-0.2055199496,15000.0,18.169453125,0.1658885298,7299.554343,0,4.6550167806
1e-05,0.5378634146,15.73203125,16.0162191391,0.0527116546,0.0192092213,0.0115432588,6.1639257812,6.1361230469,15.76578975,0.5670034451,0.5454975285,453,0.0782214153,0.5313262729,15.69890625,-1.3988140484,0.0010920128,0.541424646,0.5453783973,-1.3973292371,5e-05,5.20833e-05,0.0770714812,0.1298479064,15.6504058982,0.5366806898,0.5550816167,0.0409804805,0.6218255627,-0.1811951568,0.0867304797,0.0917881187,131475,0.077089902,6.1541516261,0.1161067708,6.1636393229,0.5330252157,6.1540225563,1772307586.5141304,0.1595772124,0,-15.7446327861,0.0,-11.0861889521,0.5708526708,0.0560636584,-0.1816235268,5242.6666666667,15.6823649089,0.1292943105,7299.554843,0,4.6550272658
1e-05,0.5344591367,13.2214562988,14.6025876999,-0.0676298559,0.0204322963,0.0102743244,6.069827474,5.9718066406,13.2238690053,0.7413757437,0.5446954086,454,0.1306602703,0.5259543834,13.1937858073,-1.229543391,0.0008838835,0.5012687768,0.5436835881,-1.2347104079,5e-05,3.90625e-05,0.2078541229,0.1740276684,13.1277060998,0.5331237694,0.5362619211,0.0377828272,0.6087879159,-0.2288629833,0.0828497671,0.1564630963,131475,0.126694892,6.0468583011,0.1166666667,6.046858724,0.5253912026,6.0539720262,1772307586.5146303,0.1370396672,0,-13.2286010863,0.0,7.8115582466,0.7331879659,0.130051493,-0.2260651024,364.0,13.1775569661,0.1783545435,7299.555343,0,4.6176062992
1e-05,0.5261502391,16.8173242187,14.7583580017,0.0459557539,0.0213511694,0.0102487667,6.3710058594,6.3040039063,16.8254737549,0.6537385563,0.5371062319,455,0.1185475795,0.519345585,16.7879492188,-1.2431501755,0.0008838835,0.5255330881,0.537750162,-1.2471988295,5e-05,3.90625e-05,0.1117202576,0.1752379419,16.7189096945,0.5264949453,0.5488629607,0.038244648,0.6243608339,-0.2188734939,0.0904680719,0.1293673006,131475,0.1157793519,6.3528505561,0.1366666667,6.3294596354,0.5197633856,6.3538310571,1772307586.5151305,0.1687059879,0,-16.8300607515,0.0,7.8115582466,0.6513904326,0.0773042514,-0.2218993739,364.0,16.7747526042,0.1739886454,7299.555343,0,5.0484570382
1e-05,0.5238011758,17.4677197266,15.2079172134,0.0507118882,0.0186963146,0.011056362,6.5468261719,6.5239713542,17.4873629583,0.6265657596,0.5353388831,456,0.1154653799,0.5168705778,17.403601888,-1.2342874122,0.0030070937,0.5259123778,0.5357404654,-1.2330578244,5e-05,0.0001367188,0.0868850024,0.1616774956,17.3933734675,0.5229854015,0.5502386301,0.0389763387,0.6246940362,-0.2065787643,0.0941373107,0.1326717124,132531,0.114611583,6.5580025705,0.1485807292,6.5635481771,0.5170669524,6.564707687,1772307586.5156305,0.1730786945,0,-17.4800472953,0.0,9.9167499542,0.6267865367,0.0593799206,-0.2072795678,321.6666666667,17.4321240234,0.164754758,7299.5558428,0,5.4389667921
1e-05,0.4677486893,27.9161230469,14.8374464512,0.2000780534,0.0216059551,0.0103394365,8.121875,8.0858333333,27.9285397266,0.8280889947,0.4893886613,457,0.2091168018,0.4587786794,27.8244401042,-0.6072465976,0.0029205952,0.4915655847,0.4889408862,-0.6015067796,5e-05,0.0001367188,0.0580098059,0.2736858996,27.8146177932,0.4673352867,0.5269865609,0.0384247748,0.6581967562,-0.3039163891,0.1223028475,0.1508614824,132531,0.2127009718,8.1380928973,0.2693098958,8.1047916667,0.459193979,8.1215345657,1772307586.5161302,0.265903023,0,-27.9221169384,0.0,14.1271333694,0.8286044561,0.0567988186,-0.3068407709,237.0,27.8503224691,0.2733698069,7299.5563431,0,6.2759630249
1e-05,0.5190439082,18.2120996094,15.0010447502,0.1003869534,0.0200284479,0.0108738025,6.619905599,6.5586848958,18.2013292222,0.6890594103,0.5334361403,458,0.1253526106,0.5152378331,18.1520733643,-1.1738670527,0.0021232102,0.528302133,0.5339763113,-1.1765332901,5e-05,9.76562e-05,0.0795717275,0.207508353,18.0867781517,0.5196989067,0.5441011884,0.0384951663,0.634079341,-0.2179017374,0.0975516952,0.1307647244,132531,0.123041112,6.6081759461,0.1493359375,6.5816666667,0.5162158424,6.6066544856,1772307586.5161302,0.1847872144,0,-18.2229452692,0.0,14.1271333694,0.6902535746,0.0727228486,-0.2164185748,237.0,18.1641210938,0.2070106955,7299.5568439,0,4.9970758011
1e-05,0.5248378655,15.8242447917,15.0828716755,0.0076754307,0.0217419168,0.0106921856,6.4039908854,6.3591536458,15.8405392224,0.7246093288,0.543195918,459,0.1245416466,0.5216386884,15.7673323568,-1.2131026079,0.0019758963,0.5161866447,0.5423334009,-1.2178346041,5e-05,9.11458e-05,0.1460535763,0.2143970246,15.7544078137,0.5249976087,0.5456338328,0.0389128081,0.6171920524,-0.2244381104,0.0910615186,0.1575464286,132531,0.1288113696,6.414351973,0.1319791667,6.4478483073,0.5215509243,6.4194947039,1772307586.516631,0.1577351926,0,-15.839943307,0.0,14.1271333694,0.7197882759,0.094061661,-0.2257842683,237.0,15.8143554687,0.2145887375,7455.2632977,0,5.4750253604
1e-05,0.5057464393,20.5169401042,15.0172283649,0.096137105,0.0205625371,0.010406297,7.0930598958,7.061735026,20.5145703882,0.7583779845,0.52243798,460,0.1582205212,0.5009733008,20.4891666667,-1.0177556777,0.0019150808,0.5130292974,0.5215352957,-1.0133643794,5e-05,8.46354e-05,0.0843225509,0.2394328946,20.3835982847,0.5067717405,0.5459801414,0.0389365625,0.6335858341,-0.2599555221,0.0996284142,0.1147756141,133605,0.1577796833,7.0848607043,0.1841145833,7.0908821615,0.5015792301,7.0914546298,1772307742.2281935,0.2055715692,0,-20.5273318446,0.0,9.6893577576,0.7560121121,0.0779754055,-0.2619490414,361.0,20.4621484375,0.239061069,7455.2637975,0,4.9362201796
1e-05,0.5236964145,16.6209309896,14.7219572067,0.0255065863,0.0190501704,0.0103676144,6.3361425781,6.3123177083,16.6396458622,0.6771204489,0.5398356824,461,0.1095498507,0.5196783592,16.5755110677,-1.2381813514,0.0005892556,0.5232092984,0.5381803849,-1.2419563231,5e-05,2.60417e-05,0.1126364633,0.2031553807,16.53340929,0.5253560222,0.5526362218,0.0380583827,0.6184214754,-0.2240476398,0.0876553953,0.11708743,133605,0.1103060271,6.3510417191,0.1360286458,6.3571321615,0.5183211641,6.3628695079,1772307742.2286925,0.1666015349,0,-16.6302917089,0.0,9.6893577576,0.673899618,0.0874286952,-0.2244994872,361.0,16.5809635417,0.1993234284,7455.2642971,0,4.9590680518
1e-05,0.5261646395,15.8262467448,14.5871834755,0.006696786,0.0194746405,0.010262355,6.3571223958,6.2927994792,15.850708757,0.7096016751,0.5409299189,462,0.1170843556,0.5218870064,15.8050813802,-1.2138016423,0.001742084,0.5146389795,0.5404377767,-1.2127401455,5e-05,8.46354e-05,0.146920065,0.2054563195,15.7570864054,0.5265121806,0.5480955327,0.0376978246,0.6168278597,-0.2181591364,0.0883973412,0.1229054826,133605,0.1170815653,6.3174933478,0.1326822917,6.33265625,0.5221837017,6.3252158058,1772307742.2291925,0.1572367357,0,-15.8464033343,0.0,9.6893577576,0.7073913874,0.0860883558,-0.2198492409,361.0,15.7953153483,0.2051497193,7455.264797,0,4.2933781673
1e-05,0.5111396734,19.682952474,15.0345423222,0.1084022032,0.0228173472,0.0109480309,6.5077050781,6.4603238932,19.6876907763,0.688112036,0.5277509911,463,0.1327289221,0.502825584,19.6685530599,-1.1008774082,0.0014474561,0.5251814839,0.5268966691,-1.1095424779,5e-05,7.16146e-05,0.0795004522,0.2175688766,19.5809310531,0.5096684803,0.5438267426,0.0384362022,0.6368344506,-0.2487855697,0.0981423196,0.1421039677,134692,0.1322340002,6.5098912889,0.1666666667,6.4946614583,0.5026282397,6.4994547178,1772307742.2296922,0.1916577236,0,-19.6936516966,0.0,12.2444254557,0.6813524025,0.0643427649,-0.2457519609,303.6666666667,19.6012904867,0.216219494,7455.265297,0,6.0720961311
1e-05,0.5165465034,17.8578320312,14.8143932819,0.0158530681,0.0191094266,0.0103400596,6.629156901,6.5531526693,17.8602170425,0.7542894323,0.5305141317,464,0.1459446011,0.5070944861,17.8307828776,-1.0632704656,0.0018285824,0.5032032328,0.5301872996,-1.0585490404,5e-05,8.46354e-05,0.1524298686,0.2055386933,17.7756367315,0.5160358729,0.5393427597,0.0383485969,0.6229159031,-0.2485314206,0.0925595908,0.1319955539,134692,0.1467911892,6.5860018587,0.162109375,6.5806835937,0.5082980718,6.6033503142,1772307742.2301922,0.1739265504,0,-17.8664873912,0.0,13.5219593048,0.7539895023,0.0965211671,-0.2479199856,275.0,17.7921500651,0.2081886072,7455.265297,0,4.3687145746
1e-05,0.5135066701,19.3743359375,14.6789066792,0.0968042407,0.0197912944,0.0104423515,6.6966015625,6.6614208984,19.4051731569,0.6821503326,0.528138259,465,0.1235255313,0.5048967457,19.3101692708,-1.1271127888,0.0013258252,0.5235450292,0.5294519037,-1.1263781647,5e-05,5.85938e-05,0.0871609378,0.1880082813,19.2832943368,0.5135019423,0.5470105527,0.0378158689,0.6324010857,-0.2508249861,0.0976095429,0.1260929035,134692,0.1221833232,6.6981859816,0.1659895833,6.6901888021,0.5042893654,6.6912263444,1772307742.2306921,0.1915620106,0,-19.3830162909,0.0,13.5219593048,0.6836728387,0.0752412893,-0.2507300892,275.0,19.3544986979,0.1878278463,7455.2662982,0,5.0107024312
1e-05,0.5237847252,18.1480989583,14.7957499027,0.1076579465,0.022043843,0.0108990264,6.5569270833,6.5276432292,18.1564045266,0.65688078,0.5357078689,466,0.1002560249,0.5144064728,18.1263671875,-1.2316987312,0.0018285824,0.536102496,0.5355430678,-1.23478332,5e-05,8.46354e-05,0.0593290796,0.1806302798,18.0248954801,0.5227694545,0.5523952566,0.0376563334,0.6330669922,-0.2265203555,0.0967440693,0.1073087502,135429,0.1023461521,6.5601753481,0.1461458333,6.5496875,0.5145427735,6.552172809,1772307742.231193,0.1869090291,0,-18.1634768061,0.0,11.956805865,0.6586443823,0.0617810429,-0.2270166719,297.6666666667,18.0941861979,0.1791009346,7455.2667985,0,4.6550027764
1e-05,0.5199016654,18.2417215983,14.7603168488,0.0728147615,0.0199046923,0.0102727699,6.658828125,6.5985091146,18.2622520005,0.7064637791,0.5334192361,467,0.1090390991,0.514333636,18.2069010417,-1.1570715075,0.0020623947,0.522610767,0.5343738728,-1.1634724835,5e-05,9.11458e-05,0.0986503957,0.2004374721,18.1450865981,0.5219885544,0.5470503086,0.0382433009,0.6287904457,-0.2281814514,0.0937620588,0.124109311,135429,0.1088446531,6.622668996,0.1521484375,6.6206184896,0.5152572004,6.630874888,1772307742.2316933,0.1826541922,0,-18.2538489258,0.0,8.8264989853,0.701988514,0.0741596361,-0.2267528563,343.0,18.1823632813,0.1949304521,7455.267299,0,5.3639248166
1e-05,0.4594164969,29.1630729167,15.009747982,0.214524946,0.0205154098,0.0108898958,7.9878385417,7.957421875,29.1721179114,0.8640769642,0.4855651756,468,0.224445488,0.4501656363,29.069905599,-0.5188418635,0.0024786535,0.4869603119,0.483340714,-0.5143414617,5e-05,0.0001171875,0.066180163,0.2984844125,29.0411871708,0.4589428951,0.5269289262,0.038448201,0.6607737571,-0.3342721653,0.116410587,0.1302814164,135429,0.2214541744,7.9875489529,0.2833333333,7.978359375,0.4502136269,7.9929782633,1772307742.2321935,0.2769091591,0,-29.1662406713,0.0,8.8264989853,0.8683915544,0.0616562178,-0.3349468867,343.0,29.1020117187,0.2996702936,7455.2677985,0,5.8627710457
1e-05,0.5111577684,19.9930240885,14.6701192856,0.1138379789,0.0193620669,0.0103983903,7.1825358073,7.1462402344,20.0238538375,0.7721110221,0.528346901,469,0.1313560378,0.5048128791,19.9450325521,-1.0443082745,0.0017677669,0.5199001723,0.5291879305,-1.0435315617,5e-05,7.8125e-05,0.0686802007,0.2284489805,19.9003433217,0.5115436072,0.5420399018,0.0377991573,0.6390774333,-0.2593146178,0.1019786854,0.1193758294,135429,0.1261249724,7.177988765,0.174375,7.1788378906,0.505653597,7.1768459222,1772307742.232694,0.199826283,0,-20.002697951,0.0,8.8264989853,0.7766085255,0.0726275393,-0.2586211322,343.0,19.927516276,0.2274619537,7618.2161948,0,4.9674652651
1e-05,0.4913903805,22.0708772786,15.3801972866,0.0818123009,0.0195362083,0.0110471781,7.1008919271,7.0463020833,22.0859887168,0.7893316161,0.5126860727,470,0.1650193081,0.4858670614,21.9825553385,-0.8626683169,0.0022448412,0.4978094475,0.5135755796,-0.8636302043,5e-05,0.0001106771,0.1259345432,0.2550042548,21.9750264091,0.4918377447,0.5378612028,0.0395119707,0.6320729513,-0.2843429987,0.103833323,0.1345657864,136353,0.1646821126,7.1058988459,0.2093880208,7.0844205729,0.4857643879,7.0980539785,1772307905.1864357,0.2138320071,0,-22.0758184967,0.0,39.8420257568,0.7912975451,0.0848961095,-0.2836959626,923.0,22.0261979167,0.2524495924,7618.2186956,0,5.993752526
1e-05,0.5047527956,20.7525520833,15.4314534664,0.1291041653,0.0207604023,0.0105137618,6.8519986979,6.8121777344,20.7740682856,0.7284134528,0.5213998672,471,0.1412493616,0.498395727,20.6784765625,-1.0375715538,0.0020623947,0.5216166641,0.5221671179,-1.037551167,5e-05,9.11458e-05,0.0569189442,0.2341132508,20.6410277241,0.5051101435,0.5440438828,0.0401980623,0.6401686203,-0.2613499377,0.1030157476,0.1373497873,136353,0.1401709865,6.8595225123,0.1825911458,6.8421354167,0.4982122907,6.8470386976,1772307905.187435,0.2111205389,0,-20.756714102,0.0,39.8420257568,0.7264045329,0.0575557101,-0.2608283706,923.0,20.7112105306,0.2313597314,7618.2191958,0,5.4974957707
1e-05,0.522048458,17.1498828125,15.587395668,0.02548253,0.0186934565,0.0106038682,6.5642154948,6.5289257812,17.1588249296,0.7213212232,0.5362635565,472,0.1384754641,0.517385356,17.1140950521,-1.1727369173,0.0020623947,0.5154278907,0.5376169537,-1.1707960768,5e-05,9.11458e-05,0.1194442886,0.2028049512,17.0440168859,0.5235643488,0.5475465893,0.0406361818,0.6202625529,-0.2365076472,0.0909580958,0.1101730246,136353,0.1385609388,6.5519777373,0.1506770833,6.5725325521,0.5167361214,6.5575039818,1772307905.188436,0.172908427,0,-17.1602203584,0.0,39.8420257568,0.7200475696,0.089862763,-0.237403024,923.0,17.0953483073,0.202788608,7618.219696,0,4.8281773992
1e-05,0.5165808779,17.5940950521,15.8517563343,0.0412068973,0.018233115,0.0113633219,6.3016829427,6.2744759115,17.6038236074,0.6674305805,0.5317527117,473,0.130311204,0.5124164725,17.5903971354,-1.1772389082,0.002417838,0.5185103441,0.5330498739,-1.1765774564,5e-05,0.0001106771,0.1079255288,0.2053301463,17.5011087568,0.5161219864,0.5494441051,0.0406772176,0.6199756082,-0.2345596521,0.0947948253,0.1206035166,137608,0.1335504869,6.3181075095,0.1561458333,6.3106575521,0.5108402004,6.305323909,1772307905.1894357,0.1765594079,0,-17.6114286371,0.0,21.1817906698,0.6656318236,0.0782876347,-0.235274913,529.0,17.528671875,0.2037271874,7618.2206957,0,5.6130552788
1e-05,0.5277998001,15.7880944824,15.5406219959,0.0021230507,0.0179676886,0.010848225,6.072672526,6.036656901,15.8045441549,0.6487688455,0.5397706088,474,0.1207458887,0.5206103032,15.7245345052,-1.2450703564,0.0017677669,0.518769098,0.5381404238,-1.2434406818,5e-05,7.8125e-05,0.1341732682,0.1858550567,15.7197485856,0.5273051773,0.5484854943,0.0402371446,0.6171623884,-0.2168357195,0.0901780143,0.1103937961,137608,0.121615096,6.0871314442,0.1360677083,6.0641731771,0.520589395,6.0821498559,1772307905.1904361,0.1568699811,0,-15.8022077735,0.0,11.8516731262,0.6459103383,0.078933317,-0.216011742,332.0,15.7858968099,0.1837295536,7618.2216949,0,4.5873944211
1e-05,0.5165954591,17.8237109375,15.1490564346,0.0461033302,0.0198609145,0.010996333,6.5715950521,6.5226139323,17.8570965185,0.6958792507,0.5316356921,475,0.1404316608,0.5118873832,17.7813411458,-1.1366600294,0.0030070937,0.5188202625,0.5316329266,-1.1369570338,5e-05,0.0001367188,0.1031571079,0.2028676604,17.7414983212,0.5181483096,0.544609324,0.0388444495,0.6246121316,-0.2302036516,0.0959925176,0.1233226436,137608,0.1412448494,6.5855664367,0.1559895833,6.5381315104,0.5126741006,6.5701785372,1772307905.1914358,0.179442115,0,-17.8371551259,0.0,11.8516731262,0.6972343679,0.0710680783,-0.2325954868,332.0,17.7675065104,0.2020715723,7618.2230701,0,5.2270660737
1e-05,0.5350670561,14.9855554199,15.3230304718,0.0278014291,0.0195312904,0.0108952673,6.4396582031,6.4108723958,15.0120744478,0.679054291,0.5468371828,476,0.1254404781,0.5294552096,14.9208837891,-1.3009668048,0.0030679092,0.5270782805,0.5450253473,-1.2954176244,5e-05,0.0001432292,0.1045828461,0.1748763465,14.8856060085,0.5352661773,0.5523110412,0.0394766108,0.6186892872,-0.2128380619,0.088753269,0.1183257629,138346,0.123308454,6.4252691854,0.12390625,6.4633300781,0.5296769663,6.4289380035,1772307905.1929357,0.1584626146,0,-14.9975552673,0.0,10.8381363551,0.6758024666,0.0802974027,-0.2150236219,336.6666666667,14.9644059245,0.1752421989,7618.2236959,0,4.9994981627
1e-05,0.5150515052,17.2959570313,14.5468292236,0.0157888008,0.0200315919,0.0103248024,6.423889974,6.3909635417,17.2960855182,0.7244169404,0.528546613,477,0.1641840582,0.5086604245,17.2478027344,-1.0894335491,0.0016812685,0.50412105,0.5281874575,-1.0880586069,5e-05,7.8125e-05,0.156029318,0.2080795945,17.2093945251,0.5146800414,0.5383163319,0.0375299398,0.6204977301,-0.2438001018,0.0955811466,0.1231349191,138346,0.1637336826,6.4301453032,0.1566666667,6.4391927083,0.5085904541,6.4275964075,1772307905.1938102,0.1724712938,0,-17.3005447052,0.0,8.8110628128,0.7246807003,0.0965697097,-0.2389702809,346.0,17.2353523763,0.2069123935,7618.2246093,0,4.4335492353
1e-05,0.4967490914,22.4414908854,16.0182807446,0.1092110593,0.022661736,0.0113188696,7.3932096354,7.3779394531,22.4128463163,0.7831358154,0.5127203781,478,0.2021572842,0.4905548041,22.3709781901,-0.86902167,0.0031544076,0.5050217652,0.512189533,-0.8724831311,5e-05,0.0001432292,0.0765646973,0.248239784,22.3135997371,0.4970722706,0.5415413043,0.0413615219,0.6378819716,-0.2605943423,0.1070232001,0.1350411535,138346,0.2009389167,7.4052978801,0.2108723958,7.4122265625,0.4892670272,7.4114311516,1772307905.1949346,0.2188734741,0,-22.4516304974,0.0,8.8110628128,0.7798506444,0.0628192663,-0.2613933746,346.0,22.3943619792,0.2495774623,7618.2251953,0,5.9372764112
1e-05,0.517171275,18.3060481771,16.54733181,0.1049062328,0.0250124998,0.0109215506,6.8860579427,6.8292708333,18.3050154978,0.7503121725,0.5321569966,479,0.165355997,0.5135871197,18.2796240234,-1.1231676121,0.0025651519,0.5257129717,0.5320615563,-1.1280276004,5e-05,0.0001171875,0.075778427,0.2241867245,18.1884645993,0.5183999412,0.5422404527,0.0434675177,0.6382589092,-0.2351640209,0.0988693719,0.1326132872,138346,0.1633397322,6.8638112754,0.1522135417,6.8345279948,0.5142237139,6.8550945389,1772307905.1953495,0.1850537632,0,-18.316575655,0.0,8.8110628128,0.7468945706,0.0669512134,-0.2359019296,346.0,18.2275708008,0.2238728272,7776.3725285,0,5.4553027422
1e-05,0.4907335984,22.8758984375,15.1974699497,0.1339052158,0.0219729046,0.0107237021,7.1476660156,7.1214420573,22.8724976983,0.7919872551,0.5082473226,480,0.2181554619,0.4848779424,22.8143619792,-0.8549933934,0.0027989643,0.5066230824,0.5080985197,-0.8513070627,5e-05,0.0001236979,0.0714196577,0.2572767055,22.7652845161,0.4926712744,0.5385177876,0.0392536338,0.6431061514,-0.2764856729,0.1112935213,0.1341222217,139334,0.2186704136,7.1810804686,0.2120052083,7.1588085937,0.4860627264,7.1591019799,1772308063.3470209,0.2239709642,0,-22.8817260579,0.0,9.5554561615,0.7910701105,0.0633152297,-0.281302974,362.0,22.8167480469,0.2556029216,7776.3730319,0,5.7176917248
1e-05,0.515044962,17.9760677083,15.1903879642,0.0125570423,0.0192298137,0.0105315598,6.5176074219,6.4899707031,17.9934442681,0.738834396,0.5275842084,481,0.1779020814,0.5087305606,17.9428255208,-1.0576224008,0.0016812685,0.5048073483,0.5290165594,-1.056339884,5e-05,7.8125e-05,0.1570675584,0.2164255108,17.92048145,0.5128848541,0.5415228788,0.0394271835,0.622019124,-0.2411646711,0.0894071299,0.1339214819,139334,0.1795873219,6.5376007283,0.16,6.5645052083,0.5074652839,6.5640505035,1772308063.3489594,0.1717941586,0,-17.9842028464,0.0,9.5554561615,0.742652707,0.0970204774,-0.2381820002,362.0,17.9383072917,0.2207810968,7776.3735318,0,5.1968853335
1e-05,0.5095924775,20.3253710938,14.956073761,0.1394757361,0.0236399576,0.0104310576,6.7373177083,6.7198014323,20.3212197616,0.7177965844,0.523400827,482,0.182619374,0.5035067645,20.273791097,-1.0634597798,0.0016812685,0.5271094576,0.5221493542,-1.0575929662,5e-05,7.8125e-05,0.0501665564,0.2209573303,20.2238176274,0.5081421664,0.5431538655,0.0387302192,0.6449254149,-0.2487868429,0.1042938306,0.1105107661,139334,0.1804197631,6.7577741255,0.1726953125,6.7572330729,0.5022469573,6.7491167544,1772308063.3494594,0.2015916941,0,-20.3309461852,0.0,9.5554561615,0.7161455167,0.0533240104,-0.2502321994,362.0,20.27546875,0.2226119776,7776.3740315,0,5.113944889
1e-05,0.4877921114,23.5123958333,15.185901165,0.1287946605,0.0211161708,0.0106753635,7.2388476562,7.1812207031,23.5129110025,0.7936669046,0.5075264348,483,0.2088779774,0.4828346806,23.4403678385,-0.8197479967,0.0023570226,0.5027470609,0.5073602384,-0.8225176358,5e-05,0.0001041667,0.0818937675,0.2557740076,23.416328466,0.4878837293,0.5412872372,0.0391439946,0.6413514342,-0.2869023287,0.1092093037,0.1232476672,140433,0.2087303564,7.236409002,0.21859375,7.2042252604,0.4820963966,7.2442994464,1772308063.3494594,0.2312778738,0,-23.5124299628,0.0,11.2432365417,0.790916658,0.0728313521,-0.2885779862,337.3333333333,23.4421809896,0.2579960743,7776.3745313,0,5.3869617345
1e-05,0.5163376024,18.3738663737,14.6731626987,0.0748161412,0.019713734,0.0101931135,6.1461946615,6.1344563802,18.3728451923,0.6335204776,0.531853504,484,0.1418096199,0.5128647552,18.3285042318,-1.1972580528,0.0021232102,0.5307201262,0.5304480548,-1.1938067273,5e-05,9.76562e-05,0.0719687738,0.1902186673,18.2834900438,0.5176369919,0.5509080921,0.0380263813,0.627847415,-0.2216476055,0.0975983069,0.101371474,140433,0.1415744388,6.1943817086,0.15,6.1728222656,0.5118109935,6.1795838852,1772308063.3499591,0.1823590298,0,-18.388496131,0.0,12.0871267319,0.6329572503,0.0442799923,-0.2221703789,325.0,18.3227034505,0.1911753228,7776.3750315,0,4.76733035
1e-05,0.5134707819,18.4341699219,14.8739318848,0.0532139616,0.0212378017,0.0104838053,6.2290266927,6.1979492187,18.4476199753,0.6703727658,0.5258709664,485,0.1365355688,0.5065860444,18.3934735107,-1.116434147,0.0019150808,0.516200255,0.5260480493,-1.1176576912,5e-05,8.46354e-05,0.108332915,0.1943902717,18.3493190508,0.5141458964,0.5448967401,0.0383938694,0.6282208733,-0.2360539305,0.0943838299,0.108452187,140433,0.1388986405,6.2468038572,0.1660677083,6.2311328125,0.5073254643,6.2426517248,1772308063.3504589,0.183490927,0,-18.446694058,0.0,12.0871267319,0.6736703571,0.0784938645,-0.2365223353,325.0,18.372039388,0.1925234337,7776.375533,0,5.0783186659
1e-05,0.4967716378,21.4798942057,14.6278760433,0.0847087612,0.0202818182,0.0105906089,6.9138671875,6.9021777344,21.4920068164,0.7572859431,0.5144390219,486,0.1714980105,0.4895289999,21.4269812012,-0.8962059578,0.0017677669,0.501711674,0.5152123282,-0.899601285,5e-05,7.8125e-05,0.106410562,0.2284611896,21.3990803461,0.4979323722,0.5381637039,0.0373991815,0.6353359097,-0.2644613329,0.1029906561,0.1292042036,140766,0.1730590389,6.9498607587,0.1994270833,6.9559505208,0.4881872034,6.9502477474,1772308063.3509593,0.2081155327,0,-21.4891760966,0.0,11.541001002,0.7477352386,0.0800438857,-0.2653774295,327.3333333333,21.4178320313,0.2300000683,7776.375533,0,5.7728049215
1e-05,0.529920182,16.4681506856,14.5882575512,0.0573955799,0.0207096135,0.0103567044,6.4060253906,6.3708561198,16.4853703928,0.6611499859,0.5422180264,487,0.1287955733,0.52452439,16.425703125,-1.2690643426,0.0012393268,0.531780754,0.5411479277,-1.2680088692,5e-05,5.85938e-05,0.0927465911,0.1762086947,16.384549945,0.5307697442,0.5517553794,0.0376457739,0.6254552121,-0.2162620443,0.0895296667,0.1140365785,140766,0.1308687521,6.3805161402,0.1288020833,6.4181738281,0.5242878151,6.3940597337,1772308063.351461,0.166097679,0,-16.475872109,0.0,10.4487495422,0.6631450063,0.0667090701,-0.2125038059,332.0,16.4346028646,0.17470184,7776.3760313,0,4.9824821836
1e-05,0.5240862768,16.8500724284,14.6149499416,0.0727134859,0.0200463399,0.0104807003,6.2429817708,6.2154361979,16.8565249144,0.6491033232,0.5353299049,488,0.1438841095,0.5207412828,16.8013224792,-1.2229276597,0.002417838,0.5292340119,0.5349062097,-1.2206504003,5e-05,0.0001106771,0.0911241637,0.180512113,16.7443301409,0.5237222787,0.5439142743,0.0376772785,0.6348619165,-0.2099982108,0.0927020834,0.1089458541,140766,0.143622199,6.2316264399,0.1452734375,6.2507910156,0.5184411257,6.2310570945,1772308063.351959,0.172629222,0,-16.8568280869,0.0,10.4487495422,0.6464992457,0.0751963433,-0.208464476,332.0,16.8033902995,0.1787848391,7776.3765313,0,4.9276315635
1e-05,0.5077001386,21.0062727865,14.7691497803,0.1172114912,0.0206592744,0.0103640596,7.22109375,7.195625,21.0213981422,0.7167170347,0.5205677729,489,0.172863064,0.5020262281,20.9605566406,-1.0172029992,0.0030679092,0.5197137028,0.5215483638,-1.0169126805,5e-05,0.0001432292,0.0666749231,0.2028059019,20.8860958126,0.5096606219,0.5487310681,0.0382307299,0.634810274,-0.2391825084,0.1034800714,0.094820971,140766,0.176044733,7.2137482925,0.1847265625,7.2109114583,0.5016327291,7.1991282876,1772308063.351959,0.2103280452,0,-21.0129034572,0.0,10.4487495422,0.7169883088,0.0544702222,-0.2373276827,332.0,20.9365596517,0.2003615622,7935.7274096,0,4.4847320227
1e-05,0.4973537006,21.6958951823,15.0611400604,0.0956260754,0.0244172112,0.0105492981,6.992718099,6.974860026,21.6900711609,0.7846996057,0.5138888115,490,0.2027508362,0.4943827306,21.6141861979,-0.8941651156,0.0027124659,0.5018110316,0.5147374302,-0.8950008296,5e-05,0.0001236979,0.1104050214,0.231989349,21.577743166,0.4992647612,0.5378834911,0.0389732679,0.6347071331,-0.2647419589,0.106339415,0.1265369644,141570,0.1970210684,7.0088475198,0.1985677083,7.0280013021,0.4943639983,6.9901731745,1772308222.7080607,0.2129027979,0,-21.7008652365,0.0,42.2957572937,0.7831197689,0.0806627659,-0.2633806714,803.0,21.6317089844,0.2307903037,7935.7279092,0,5.688625827
1e-05,0.4902764033,22.831578776,14.8048510551,0.1095060056,0.0238722772,0.0103438878,7.2863151042,7.2417252604,22.849564282,0.8499093119,0.508304174,491,0.2055050368,0.4820404544,22.7463411458,-0.7639041522,0.0019150808,0.4911595032,0.508421086,-0.7677182228,5e-05,8.46354e-05,0.1227993831,0.2574775185,22.7464570828,0.4903627781,0.5271353427,0.0383600012,0.6395948045,-0.2931048068,0.1062271957,0.1453895094,141570,0.2067056813,7.2811408499,0.212734375,7.2810611979,0.482844042,7.276263526,1772308222.7085643,0.21928667,0,-22.8467539745,0.0,42.2957572937,0.8488592179,0.0914604471,-0.292330481,803.0,22.7985139974,0.2558064637,7935.7284088,0,5.6860318583
1e-05,0.5255677368,16.4398046875,14.9511704445,0.0543115579,0.0217780333,0.0105121827,6.2428385417,6.2194108073,16.4526178532,0.6492783496,0.5375067263,492,0.1489256711,0.5214135853,16.388219401,-1.2626171275,0.0028597798,0.533455777,0.5369497589,-1.2611656356,5e-05,0.0001302083,0.083440978,0.18675339,16.3553252376,0.5248998161,0.5564521474,0.0386620045,0.6208348314,-0.2251989334,0.0924895018,0.1222807025,141570,0.1467217515,6.2540464408,0.132578125,6.257360026,0.5210416257,6.2555628043,1772308222.709064,0.1676223523,0,-16.4570254319,0.0,42.2957572937,0.6531575159,0.0588454836,-0.2242491754,803.0,16.4247265625,0.1897282909,7935.7289087,0,5.5478431323
1e-05,0.5242043749,17.1633398437,15.3727812767,0.0527036078,0.0215122364,0.0105225563,6.5873339844,6.5559179688,17.1851157295,0.7204348915,0.5356583241,493,0.1686848968,0.5197597325,17.1189436849,-1.1869302856,0.0020623947,0.524944264,0.534455479,-1.188758395,5e-05,9.11458e-05,0.0869640088,0.1979793102,17.0727829144,0.5242503631,0.5496760782,0.0399571792,0.6213270691,-0.2362680124,0.0906108722,0.1050001235,141570,0.1675709121,6.5755621987,0.1388411458,6.5868652344,0.519012305,6.5870907138,1772308222.7095635,0.1739662331,0,-17.1720392887,0.0,42.2957572937,0.7222574179,0.0750091624,-0.2359502115,803.0,17.1093945313,0.1992459755,7935.7289087,0,4.7060776012
1e-05,0.5185255679,17.8922005208,15.4235277176,0.0377473177,0.0200025203,0.0105953407,6.8229394531,6.7997591146,17.9074455421,0.7705391823,0.5295213017,494,0.1903087945,0.5129617951,17.8325651042,-1.0900547088,0.0019758963,0.5114895953,0.5295046707,-1.0835057493,5e-05,9.11458e-05,0.1178568515,0.216018875,17.7837743757,0.5177209854,0.5449019346,0.040113167,0.6262615627,-0.2384078027,0.0921829971,0.1032798974,141570,0.1882092865,6.8079687219,0.1572395833,6.8418196615,0.5135248446,6.8077712489,1772308222.7100635,0.1786839777,0,-17.9032828315,0.0,42.2957572937,0.7694079121,0.0868235484,-0.2399506376,803.0,17.8698046875,0.2142708786,7935.7294082,0,4.8586630832
1e-05,0.4990371263,21.0081184896,15.0683841705,0.0780130133,0.0253020542,0.0104297249,7.0486263021,7.0088085938,21.0196708818,0.8074275176,0.5143253271,495,0.2120362217,0.4938829794,20.9396354167,-0.884839551,0.0023313396,0.5042250533,0.5160088212,-0.8864906632,5e-05,0.0001106771,0.1122904762,0.2552323658,20.941978729,0.4989074426,0.5360555151,0.0390381018,0.632301728,-0.2652016053,0.0997555909,0.12934043,141570,0.2138535882,7.0553917658,0.1866666667,7.0494921875,0.4930256955,7.0693895083,1772308222.7105627,0.2014755035,0,-21.017638591,0.0,42.2957572937,0.8046481094,0.0810454796,-0.2673942639,803.0,20.985234375,0.2536891889,7935.7299088,0,5.6423609436
1e-05,0.4981125718,22.6090425618,15.9757790565,0.1277676913,0.0241888654,0.0110528731,7.334375,7.3143229167,22.6050291452,0.7756765172,0.5129361466,496,0.1916122252,0.4939905191,22.566015625,-0.9047274741,0.0033882199,0.5134390393,0.5141312574,-0.9055137257,5e-05,0.0001497396,0.062311863,0.2395746339,22.5121158985,0.4977257051,0.5479277962,0.041357464,0.6397667313,-0.2565420867,0.1072868736,0.1223000341,144375,0.1940562288,7.3465044522,0.2014192708,7.3346614583,0.4925177038,7.3477764209,1772308222.7110636,0.2174564974,0,-22.6191764502,0.0,73.4624099731,0.7753264484,0.0555681524,-0.25708168,1470.0,22.5243880208,0.2394837387,7935.7304085,0,6.0392796401
1e-05,0.5057528679,20.2637304688,15.148154974,0.0792197751,0.0221045285,0.0104922962,6.5146354167,6.4840039062,20.2738220766,0.7034129936,0.5241393191,497,0.1585424589,0.5017874505,20.1809179687,-1.0441556319,0.001620453,0.5176731857,0.5226127853,-1.0467058424,5e-05,7.16146e-05,0.0849257392,0.220429967,20.1664706553,0.5049093413,0.5495244268,0.0393141603,0.6311620702,-0.246724524,0.0951038957,0.1129078963,144375,0.1553458927,6.5101543424,0.1759375,6.5065071615,0.5025103967,6.5142673328,1772308222.7110636,0.1975499463,0,-20.2759541005,0.0,135.795715332,0.7033856531,0.0621769582,-0.247626886,2804.0,20.2369905599,0.2227515057,7935.7309089,0,5.5302305426
1e-05,0.4916091312,23.2108203125,15.0258867741,0.128118101,0.028521387,0.0104301421,7.5411425781,7.5183105469,23.2269464349,0.8597232246,0.5118572246,498,0.1863593517,0.4843972225,23.1129361979,-0.7961350683,0.0031544076,0.5019743054,0.5119484018,-0.7989249605,5e-05,0.0001432292,0.0821570899,0.2640949603,23.1023665215,0.4910791179,0.534005907,0.0389672009,0.6439983994,-0.2925038876,0.1112590265,0.1289390653,144375,0.1856136424,7.5684127957,0.2112109375,7.5520377604,0.4850661119,7.5484433071,1772308222.7115633,0.2284700597,0,-23.2139905919,0.0,135.795715332,0.8611680858,0.0788019147,-0.2912590271,2804.0,23.1634440104,0.2620019185,7935.7314087,0,5.3602332749
1e-05,0.5350559326,13.9609765625,14.5750513077,-0.023238451,0.0211687781,0.010224731,6.1659179687,6.1134375,13.9630767914,0.6676806137,0.5478041884,499,0.1274924943,0.529587832,13.9340625,-1.3150980899,0.0018893979,0.5212542935,0.5473963111,-1.3153893295,5e-05,9.11458e-05,0.1662730917,0.1770176793,13.9011965606,0.5351164555,0.5490622976,0.0376224573,0.6075842979,-0.2038375718,0.0852421275,0.1099411113,144375,0.124898566,6.1548978829,0.11,6.1434244792,0.5297890915,6.1595549803,1772308222.7120638,0.1357530702,0,-13.9744279059,0.0,135.795715332,0.6639183022,0.0983819436,-0.2033151241,2804.0,13.9240625,0.1754646307,8093.8451858,0,4.7819360814
1e-05,0.5253345228,15.8242643229,14.9532015324,-0.0044763047,0.0201210827,0.0105285629,6.1971549479,6.1034635417,15.8174053139,0.6824988557,0.540099275,500,0.1289668346,0.5232878738,15.8043359375,-1.2355787959,0.0021232102,0.519477707,0.5393248796,-1.2410133796,5e-05,9.76562e-05,0.1350216654,0.2032521846,15.7503121697,0.5271707118,0.5489371141,0.038569022,0.6143507322,-0.213468519,0.087648548,0.1197181003,145404,0.1277403336,6.1499814023,0.1322135417,6.1126790365,0.5222933871,6.168502975,1772308380.8310273,0.1564887628,0,-15.8365857882,0.0,46.289680481,0.680414727,0.0878363329,-0.2144515953,716.0,15.770563151,0.2002725836,8093.8456865,0,4.9325206367
1e-05,0.5073991998,19.7862426758,14.8050384521,0.0683396409,0.0232398746,0.0104058846,7.0103190104,6.9396972656,19.7870496746,0.7691702439,0.5230815186,501,0.1639954288,0.501262306,19.7163623047,-1.0004023676,0.0039517926,0.515696769,0.524297407,-1.0031486956,5e-05,0.0001822917,0.0848729416,0.2304672369,19.7042998463,0.5063087656,0.5426397998,0.0381989272,0.6292252953,-0.2574638739,0.107426476,0.1521318987,145404,0.1642407995,7.0077446927,0.1728125,6.9687760417,0.5011163987,6.9777007653,1772308380.8320277,0.1917069679,0,-19.7977290013,0.0,46.289680481,0.7701895786,0.0731942441,-0.2549733599,716.0,19.7386458333,0.2317520799,8093.8461864,0,5.5095309011
1e-05,0.5018375577,20.651319987,14.827534914,0.1027941675,0.0211619106,0.0103010249,6.684921875,6.664609375,20.6849459386,0.7045666546,0.5215442251,502,0.1609506724,0.4981350519,20.5930615234,-1.0151072296,0.0025651519,0.5196564557,0.5210118107,-1.0161142679,5e-05,0.0001171875,0.0807591256,0.2296845786,20.5599787329,0.5017763522,0.5464862344,0.0384379848,0.6306562618,-0.2432309249,0.1006907128,0.1166668843,145404,0.1613892019,6.698576258,0.18,6.6968229167,0.4977801478,6.670120393,1772308380.8325276,0.2020150248,0,-20.6661341615,0.0,46.289680481,0.7037409076,0.055085057,-0.2431391111,716.0,20.611702474,0.230093888,8093.8466864,0,5.252533276
1e-05,0.5321570197,13.5393741862,14.7750384808,-0.052271833,0.0202683223,0.0105987374,6.3806380208,6.3093684896,13.5459094747,0.748237412,0.5472428686,503,0.131047583,0.5269382247,13.5100691732,-1.2528399683,0.0019758963,0.5115761329,0.5470241816,-1.2461417844,5e-05,9.11458e-05,0.1809716369,0.2082837764,13.4421454677,0.5312997811,0.5435016454,0.0378840144,0.6107322088,-0.2218277309,0.0837934304,0.1303030002,146086,0.1285954366,6.3364869924,0.1127213542,6.3345377604,0.5275598652,6.3350065502,1772308380.8330276,0.1376218669,0,-13.5499712463,0.0,22.9011351267,0.748413903,0.116291448,-0.2237107379,468.6666666667,13.5158935547,0.2068997364,8093.8471861,0,4.8076954845
1e-05,0.5234588189,15.5443684896,15.0641832352,0.0359015398,0.0253622038,0.010628074,5.8997330729,5.8651497396,15.5697131255,0.6356582996,0.5403135482,504,0.1320123204,0.5245843382,15.4963834635,-1.3002296595,0.0016812685,0.534529007,0.5409134593,-1.2960449914,5e-05,7.8125e-05,0.0963875165,0.2067999903,15.4570033691,0.5244179619,0.555033899,0.0389158869,0.6213718331,-0.1991606247,0.0866597192,0.1091712282,146086,0.1350688694,5.9035232836,0.1266666667,5.9003548177,0.5228281757,5.8955582336,1772308380.8330276,0.1564576637,0,-15.5519770525,0.0,11.2068624496,0.6345014907,0.0589769511,-0.2013256561,345.0,15.5067897542,0.2040261147,8093.847687,0,5.1190637171
1e-05,0.5431905429,12.7010546875,14.7195951939,-0.0115551519,0.0210439594,0.0105675928,5.7356803385,5.7024072266,12.7330220828,0.5874982215,0.5542202027,505,0.1008716115,0.5432937686,12.6776318359,-1.4846395024,0.0007365696,0.5438996371,0.554265034,-1.4838971666,5e-05,3.25521e-05,0.107510136,0.1682102983,12.6323612413,0.5432966643,0.5582305491,0.0378846494,0.6101098122,-0.1660428254,0.0790599409,0.1129379791,146086,0.1035824624,5.7380716845,0.0866666667,5.744514974,0.5445365873,5.7402392274,1772308380.8335273,0.1297269337,0,-12.7166138572,0.0,11.2068624496,0.590208371,0.0666344638,-0.1645542763,345.0,12.6630664062,0.1691091648,8093.8481863,0,4.9835468144
1e-05,0.5268031355,16.5910762533,15.5792210102,0.0515180607,0.0228228033,0.0108654594,6.9369921875,6.9027311198,16.5879977266,0.743040873,0.5407526004,506,0.1417836563,0.5236195858,16.5505533854,-1.1981501017,0.004185605,0.5298763448,0.5391186111,-1.199901483,5e-05,0.0001888021,0.0849808542,0.2133683927,16.4520779566,0.525458165,0.5519609409,0.0402260009,0.6260685692,-0.2191859606,0.0939039747,0.1141094588,147210,0.1436488415,6.9233151302,0.1375130208,6.9267057292,0.5219390596,6.9145817357,1772308380.8340282,0.1689116729,0,-16.6028637139,0.0,12.2091029485,0.7438264186,0.0693514711,-0.221248599,319.6666666667,16.5368098958,0.212838703,8093.8486871,0,4.7167267565
1e-05,0.5041903333,19.9134570313,14.4932956696,0.0719049309,0.0207665963,0.0103622301,6.9756510417,6.9169140625,19.9291010664,0.7604007566,0.5224954899,507,0.1692108713,0.501049596,19.8792089844,-1.0071759884,0.0026259674,0.5111291767,0.5215733169,-1.0078808996,5e-05,0.0001236979,0.1002317117,0.2491825894,19.8179645136,0.504169779,0.5442714102,0.0373507285,0.6284416146,-0.2444171127,0.0988209111,0.1500553311,147210,0.1697440087,6.9712354327,0.1759114583,6.9380598958,0.5023723983,6.9625433304,1772308380.8345275,0.1943968668,0,-19.9257405043,0.0,14.2135839462,0.7593444086,0.0717640586,-0.2450601383,269.0,19.841344401,0.2467006968,8093.8496872,0,5.5758986826
1e-05,0.5522790954,10.4866145833,14.9341192245,-0.0557135171,0.0203382223,0.0104111449,5.6534472656,5.6206608073,10.5065941704,0.605134825,0.5637716543,508,0.0910204046,0.5507209338,10.4713509115,-1.5486926408,0.0004419417,0.5399232239,0.5631086882,-1.5525516466,5e-05,1.95312e-05,0.1398125284,0.1618127975,10.4008579332,0.5533532818,0.5597863868,0.0386933239,0.6039183453,-0.1671421349,0.0752069305,0.114783264,147210,0.0936608448,5.6772259874,0.0666666667,5.6860351562,0.5506580765,5.6828600487,1772308380.8355286,0.1145035371,0,-10.5014395673,0.0,14.2135839462,0.6060076621,0.0936566688,-0.1642884758,269.0,10.473186849,0.1609298726,8093.8501866,0,4.1484897431
1e-05,0.4784974412,24.4639664714,15.5035526752,0.1187227772,0.023591017,0.0106067745,7.7431282552,7.7011328125,24.4784481267,0.8726315661,0.5029714936,509,0.2135626924,0.4742383121,24.4086604818,-0.6757574478,0.002417838,0.4891352691,0.5023461895,-0.6754391009,5e-05,0.0001106771,0.0950368811,0.2996274384,24.3300657575,0.4773209523,0.5307322978,0.0402973461,0.6436155478,-0.3011826027,0.1100096925,0.1708788854,147210,0.2154548838,7.7433887489,0.2386328125,7.7520572917,0.4736110678,7.7149999837,1772308380.8360283,0.2369377954,0,-24.471600521,0.0,14.2135839462,0.8815227638,0.0779477735,-0.3002096984,269.0,24.3789257813,0.2988818499,8252.1956814,0,5.4366782124
1e-05,0.5058135513,20.0995572917,14.5087556839,0.1295688905,0.0253889313,0.0101961915,7.0163020833,6.9823958333,20.0984465898,0.7732086832,0.5254988347,510,0.1662026125,0.5030914794,20.0411539714,-1.0412627006,0.0019758963,0.526812751,0.5258387491,-1.0467033299,5e-05,9.11458e-05,0.0616369948,0.2547957725,19.9474202063,0.5049065173,0.5453489166,0.0375416986,0.6424865641,-0.2532004654,0.0991996389,0.1291232613,147210,0.1655095289,7.0169988263,0.1719791667,7.0084895833,0.5021236546,7.002749122,1772308539.1867163,0.2021408907,0,-20.1091411251,0.0,14.2135839462,0.7717608482,0.0572822158,-0.2540558385,269.0,20.0492936198,0.2568687197,8252.1966814,0,5.6622055073
1e-05,0.5212094548,17.4742236328,14.6881215572,0.0695058194,0.0206698158,0.0103969455,6.4730859375,6.4513574219,17.4666915745,0.6936335223,0.5363898823,511,0.14478018,0.5170079039,17.4138330078,-1.2028983033,0.0026516504,0.5323744501,0.5354804067,-1.201927127,5e-05,0.0001171875,0.0742718363,0.2097179054,17.3484229882,0.5211102162,0.5506883649,0.0379035068,0.6296389526,-0.2266875732,0.0970506203,0.1063255023,147210,0.1427562073,6.4885129809,0.1452994792,6.473108724,0.5174347933,6.4648390984,1772308539.1877167,0.1755180633,0,-17.4815704435,0.0,14.2135839462,0.6963835213,0.0582662882,-0.2239114539,269.0,17.425328776,0.2124641232,8252.1973837,0,4.7345427963
1e-05,0.5399220853,13.3738237508,14.7088191509,-8.1788e-06,0.0199294965,0.0102782098,6.0421972656,6.006023763,13.3858090387,0.6166136572,0.5497964921,512,0.1078266334,0.5370004395,13.3530826823,-1.407993183,0.0013258252,0.5346031411,0.5521823034,-1.4061122433,5e-05,5.85938e-05,0.1258694351,0.1682957151,13.2672427381,0.5404373527,0.5543112651,0.0380543367,0.616215418,-0.1809657237,0.0840691944,0.101511817,147210,0.1103211139,6.0384515634,0.10265625,6.0347949219,0.5369112614,6.0327663607,1772308539.1882167,0.1409531381,0,-13.384575847,0.0,14.2135839462,0.6181491507,0.0818990386,-0.1822233562,269.0,13.3348795573,0.1708380712,8252.1973837,0,4.4863426574
1e-05,0.4959125324,21.4127376302,15.1456785202,0.1034399243,0.0217145206,0.0106300982,7.2888346354,7.2773649089,21.4138785317,0.7811233009,0.5147054801,513,0.1699775814,0.4918943806,21.3447428385,-0.9009644175,0.0019758963,0.5062424381,0.5148265399,-0.8938748535,5e-05,9.11458e-05,0.0971361931,0.2481148314,21.2730885561,0.4959727857,0.5374952024,0.039051191,0.6411600818,-0.2596966613,0.1025829534,0.1212165074,149370,0.1701948226,7.3012797021,0.1993098958,7.3344173177,0.4922617772,7.2891957812,1772308539.1889188,0.2120155089,0,-21.4208487956,0.0,100.8879365921,0.7837819461,0.0782347004,-0.2589031261,1529.0,21.3573795573,0.2483357526,8252.1978874,0,5.0934823339
1e-05,0.515820479,17.5683374023,14.4785847664,0.0472655047,0.0219051025,0.010389936,6.7279296875,6.6735563151,17.5775993437,0.7385588056,0.531288334,514,0.1531709202,0.5134755565,17.5064257813,-1.1145389025,0.0026516504,0.5142909965,0.5312303783,-1.1120254578,5e-05,0.0001171875,0.1182283358,0.221460398,17.4759897093,0.5150276756,0.5427492464,0.0372174986,0.6240434821,-0.2317181459,0.0980552174,0.1363161904,149370,0.152105515,6.7452562162,0.1553255208,6.7005794271,0.5142192002,6.7307351009,1772308539.1894226,0.1761776854,0,-17.5781884815,0.0,144.225112915,0.7333026548,0.0852741729,-0.2299555561,2159.0,17.5215169271,0.2264076214,8252.1983874,0,5.1771275555
1e-05,0.5099286273,19.1097623698,14.661621809,0.0621569905,0.0194620287,0.0103873444,7.2186425781,7.1904720052,19.1091333107,0.7584918951,0.5272421071,515,0.1550916366,0.5077271384,19.05921875,-1.0319158038,0.0033882199,0.5139337035,0.5273197052,-1.0364352094,5e-05,0.0001497396,0.1068285729,0.2379006115,18.9921659948,0.5100957616,0.5467850966,0.0378372327,0.627612257,-0.2342476514,0.0982079351,0.1110296634,149370,0.1571768235,7.2127114697,0.1717057292,7.2114876302,0.5073181087,7.2106514024,1772308539.1894226,0.1892553983,0,-19.1203884259,0.0,144.225112915,0.7532806135,0.0765332578,-0.2313639379,2159.0,19.0631380208,0.237525592,8252.1988882,0,4.6740728998
1e-05,0.4907023142,22.5626497396,15.1476883888,0.1324464271,0.0227861327,0.0105837695,7.1651660156,7.140764974,22.546438368,0.7829806603,0.5116480948,516,0.1930065857,0.4872456729,22.4884619141,-0.8744301542,0.0016812685,0.5110442978,0.5129157844,-0.8737652111,5e-05,7.8125e-05,0.062707442,0.2800522663,22.4218403923,0.4902349828,0.54114386,0.0391171837,0.6417289126,-0.2669557033,0.1028450495,0.1283216607,150033,0.1908290304,7.1832732606,0.2060026042,7.1739973958,0.4876459005,7.1862093249,1772308539.1899228,0.2221261862,0,-22.5740474686,0.0,100.6976887385,0.7876637313,0.0579785755,-0.2694672592,1536.3333333333,22.532093099,0.2795977166,8252.1993879,0,5.7405919485
1e-05,0.5159787811,18.2560953776,15.5331544876,0.0707078605,0.0216097573,0.0105812979,6.7992447917,6.770390625,18.2714972757,0.7142290596,0.5331638526,517,0.1533592913,0.5149608336,18.1967675781,-1.1648759838,0.0020623947,0.5289695956,0.5335041397,-1.1635180199,5e-05,9.11458e-05,0.0740824186,0.2374224984,18.1603546594,0.5143265286,0.5555386967,0.0404823248,0.6253025524,-0.2163822279,0.0952619856,0.1229881904,150033,0.1543943658,6.8033132907,0.1514453125,6.80015625,0.5162801533,6.8034649332,1772308539.1904235,0.1807843212,0,-18.2699633355,0.0,13.6428403854,0.7118748279,0.0608191684,-0.2178900598,291.0,18.2135579427,0.2355949705,8252.1998869,0,5.6634136171
1e-05,0.5227247732,16.6326106771,15.3929505348,0.0656923212,0.0185715008,0.0105362479,6.2754003906,6.2629036458,16.6709363927,0.6628800315,0.5403315861,518,0.1297586341,0.5234136228,16.5674641927,-1.2726510441,0.0013258252,0.5364276934,0.5411576204,-1.2711174126,5e-05,5.85938e-05,0.0743058577,0.2261043935,16.5463542589,0.5204484474,0.5545583819,0.0400058524,0.6243103226,-0.2039533862,0.091485798,0.1010356141,150033,0.1296799744,6.2907943379,0.1325651042,6.2991829427,0.5238278832,6.2762989937,1772308539.1909232,0.1705292411,0,-16.6523495381,0.0,13.6428403854,0.6679157892,0.0519777092,-0.2032510164,291.0,16.6044856771,0.2272367941,8252.1998869,0,4.9271346342
1e-05,0.522538863,15.972491862,15.35815382,0.0462015617,0.0213427168,0.0105686005,6.5627604167,6.5163867187,15.9833332654,0.718964568,0.5403483348,519,0.1463658137,0.5233694588,15.9234926351,-1.2310137721,0.0025651519,0.52820392,0.5411396357,-1.2351163245,5e-05,0.0001171875,0.0992032086,0.2227371679,15.8704751631,0.522565928,0.5466634324,0.039923478,0.6252589677,-0.2164919556,0.0933991288,0.1287838744,150033,0.1465122475,6.5650332314,0.131875,6.5585904948,0.5240638719,6.5508302588,1772308539.1914222,0.1621206319,0,-15.9864282375,0.0,13.6428403854,0.7161924474,0.077856417,-0.2172410316,291.0,15.9511816406,0.2233720879,8409.9615707,0,5.4441005181
1e-05,0.5255236765,15.2042578125,14.7748968601,-0.028597308,0.0212968267,0.0101534168,6.9168066406,6.87640625,15.2049548312,0.804148305,0.5419857625,520,0.1572255123,0.5239773905,15.1506575521,-1.1592844564,0.0016812685,0.506351138,0.5405995917,-1.1649398774,5e-05,7.8125e-05,0.1730525917,0.2301761399,15.1085510459,0.5262677016,0.5422322738,0.0383754857,0.6115650557,-0.2423862701,0.0880708534,0.1287838473,150033,0.1547955373,6.8789553618,0.1288802083,6.9251985677,0.5231704345,6.8877333886,1772308696.9577816,0.1508504194,0,-15.2173692562,0.0,13.6428403854,0.800771014,0.1178745051,-0.2366194282,291.0,15.1860677083,0.2283739935,8409.962071,0,4.6441295575
1e-05,0.4894634733,22.58046875,14.9762244225,0.1568329961,0.023334331,0.0105124609,7.311875,7.2855078125,22.5809804894,0.8138990956,0.5147442069,521,0.1845886404,0.4859002306,22.5310221354,-0.886614546,0.0026516504,0.516209515,0.5142131245,-0.8853531484,5e-05,0.0001171875,0.0579006398,0.2797291875,22.4599193001,0.4894986878,0.5392676098,0.0387361956,0.6459826875,-0.2913848357,0.1074801292,0.1031867814,150033,0.1850070042,7.3259831234,0.2025911458,7.306171875,0.486269435,7.3213935534,1772308696.9582808,0.2234877928,0,-22.59710087,0.0,13.6428403854,0.8147924754,0.0562204372,-0.2920128115,291.0,22.5263216146,0.2802021225,8409.9625708,0,4.2536767497
1e-05,0.4812453162,24.0006461589,14.7991549969,0.1226843167,0.0235889043,0.010265878,7.4102246094,7.3689583333,24.0082379304,0.8396258757,0.5035437837,522,0.2090467058,0.4754839044,23.9119222005,-0.7386268937,0.0027124659,0.4938815419,0.5041293421,-0.7367001418,5e-05,0.0001236979,0.1099554356,0.2796949502,23.9250085275,0.4803744757,0.5332191914,0.038355159,0.6425693673,-0.2951696629,0.1113633655,0.1131833609,150033,0.2090234628,7.4098947487,0.2266666667,7.3822786458,0.4768436726,7.4062667226,1772308696.9587812,0.2293577433,0,-24.0062961595,0.0,13.6428403854,0.8406580022,0.0758500574,-0.2953408043,291.0,23.9399062093,0.2814280634,8409.964573,0,4.6882138031
1e-05,0.527861572,15.5032454427,15.8823223114,0.0127198144,0.0256187795,0.0111348383,6.5140885417,6.481702474,15.5011473269,0.6741119442,0.5437019848,523,0.1221482041,0.527001278,15.4716373698,-1.2799076444,0.0023570226,0.5267117239,0.5431245892,-1.2846302673,5e-05,0.0001041667,0.1220962779,0.2014338682,15.4255584845,0.5292773895,0.5521567104,0.0409288923,0.6160789322,-0.2022183375,0.0912058726,0.1024085643,152402,0.1237579765,6.5084684084,0.1255338542,6.5065559896,0.5262960503,6.5123063906,1772308696.9607813,0.1528134473,0,-15.5171304366,0.0,12.8995345434,0.6728096776,0.0741319086,-0.201529392,295.6666666667,15.4738871257,0.1993535567,8409.9650707,0,4.6306096609
1e-05,0.4823267154,24.5114611816,14.667044878,0.1496990883,0.0217705756,0.0104907743,7.35359375,7.3311458333,24.52974684,0.7928927005,0.5083874682,524,0.1859244599,0.4785724271,24.4586401367,-0.7938100525,0.0016812685,0.5036847059,0.5068667348,-0.7937179069,5e-05,7.8125e-05,0.0663776029,0.28048203,24.3915283111,0.4813434479,0.5407644566,0.0377852416,0.6461575129,-0.2705112017,0.1051289391,0.1310090197,152402,0.1856671558,7.3571779327,0.2259505208,7.3596614583,0.4802483823,7.3656075823,1772308696.961283,0.2415873825,0,-24.5211176495,0.0,12.5278816223,0.7930797207,0.0587491192,-0.2746582371,298.0,24.4446691895,0.2809327842,8409.9655708,0,6.1814311484
1e-05,0.5057080809,19.5565527344,14.8812742233,0.0726372255,0.0216854896,0.0106858357,7.0753841146,7.0485384115,19.5437488067,0.7668625866,0.527643953,525,0.1560660799,0.5052642342,19.494226888,-1.0220586096,0.001620453,0.5152863523,0.5257324185,-1.0335347723,5e-05,7.16146e-05,0.0930923464,0.2538467211,19.4360456108,0.5052600489,0.5419212676,0.0382619135,0.6286236379,-0.2393966296,0.0977101863,0.1276976493,152402,0.1550945605,7.0775898211,0.1718880208,7.0963346354,0.5054745185,7.0851684852,1772308696.961781,0.1922119523,0,-19.560674926,0.0,12.5278816223,0.7655815727,0.0770039151,-0.2419562325,298.0,19.5141145833,0.2536864804,8409.9665702,0,5.151902919
1e-05,0.4887049617,23.023375651,14.3998701572,0.1372392881,0.0207334586,0.0104425033,7.2066959635,7.189749349,23.0204830312,0.7643098386,0.5103260948,526,0.1767841567,0.4870110085,22.9530322266,-0.8688773167,0.0029205952,0.5074770768,0.5129848501,-0.8675354274,5e-05,0.0001367188,0.0718802931,0.2627231269,22.9122689249,0.4885994483,0.5390737293,0.0368878484,0.6433400412,-0.2584122377,0.1091954124,0.1186928648,153015,0.1754514177,7.2386088425,0.2128125,7.2196907552,0.4868115369,7.2261127759,1772308696.9627805,0.2245869106,0,-23.0342028162,0.0,12.4350659053,0.7629936263,0.0705573166,-0.260439212,297.3333333333,22.9803776042,0.2648067422,8409.9670704,0,5.1856668789
1e-05,0.5231811114,16.1091438802,14.8436005116,0.0147453812,0.021004572,0.0103513527,6.3584049479,6.3301529948,16.1247368863,0.6755236373,0.5386776648,527,0.1401928397,0.5208369285,16.0802441406,-1.2307382559,0.0022097087,0.5227650619,0.5381191172,-1.2273998908,5e-05,9.76562e-05,0.1226616618,0.2048486495,16.0247909639,0.5216168001,0.5500427934,0.0384429749,0.6203582587,-0.2119026609,0.0919362925,0.1316410307,153015,0.1387859911,6.3866098796,0.1361067708,6.3700358073,0.5195349752,6.3766778261,1772308696.9632804,0.161551082,0,-16.1237795616,0.0,12.2494344711,0.6725289665,0.0801300117,-0.2110352697,296.0,16.0672998047,0.2089574277,8409.9675713,0,5.5109388566
1e-05,0.4919464977,22.5898958333,14.6786317825,0.1121236424,0.022195155,0.0103033654,7.216875,7.2011197917,22.6055262561,0.7589067821,0.5155136272,528,0.1828370151,0.4890285991,22.5196907552,-0.9020799514,0.004185605,0.5094011217,0.5154668667,-0.907183646,5e-05,0.0001888021,0.0834427097,0.2560873849,22.4977981724,0.492525734,0.5445508209,0.0378971815,0.6350512272,-0.2556637938,0.1102815618,0.140792886,153015,0.1813909342,7.2307847786,0.2053776042,7.2363802083,0.4894413936,7.2015198151,1772308696.9637806,0.2183213125,0,-22.6026989292,0.0,12.2494344711,0.7595193235,0.0649285169,-0.2550777313,296.0,22.5443847656,0.255773174,8409.9680721,0,5.7271641268
1e-05,0.4976628693,21.1609114583,14.8485395908,0.1192348255,0.0216993631,0.0104553397,7.0438053385,7.0089485677,21.1640702011,0.7585779106,0.5192807935,529,0.1799101208,0.4908133007,21.0943619792,-0.9585810916,0.0028597798,0.5137381535,0.5178198388,-0.9573873969,5e-05,0.0001302083,0.0809021637,0.2484086105,21.0573220129,0.4970323604,0.5433636825,0.0383278171,0.6375977041,-0.2668760546,0.1066084494,0.1305651345,153015,0.181360309,7.0600475486,0.1927604167,7.028766276,0.4917651951,7.0423651417,1772308696.9642816,0.207396765,0,-21.1779182591,0.0,12.2494344711,0.7571446605,0.0661659811,-0.2679968427,296.0,21.1298014323,0.2532446533,8567.2150491,0,5.7370726572
1e-05,0.484300289,24.6647249349,15.1835298538,0.1576213526,0.0229775831,0.0106764984,7.68578125,7.6703125,24.6781416449,0.8313410072,0.5082567786,530,0.19843598,0.478990221,24.5697949219,-0.7798642278,0.0025651519,0.504705659,0.5089903308,-0.7784843949,5e-05,0.0001171875,0.061311953,0.2730034067,24.537122491,0.4835321683,0.5421298156,0.0392045816,0.6464080234,-0.2959587343,0.1114453235,0.1379041736,153015,0.2012057481,7.7071745265,0.2280729167,7.6996875,0.4773872817,7.6880451592,1772308854.2164798,0.242004557,0,-24.6738048536,0.0,12.2494344711,0.8279662831,0.0578265469,-0.2952177813,296.0,24.6307137044,0.2734188447,8567.2156123,0,5.9507252713
1e-05,0.5285190074,15.9897639974,14.6497778893,-0.0116042398,0.0198814735,0.0102930411,6.501875,6.4682682292,16.0073261522,0.7149576012,0.5409147762,531,0.145718599,0.522791168,15.9570621745,-1.2174201965,0.0019150808,0.5154938435,0.5412751718,-1.2211979015,5e-05,8.46354e-05,0.1568205284,0.1832948058,15.9062032039,0.5294525788,0.549974825,0.0378733484,0.6113384307,-0.2224573902,0.0847637085,0.134624897,153015,0.1445944642,6.5001149118,0.1322005208,6.5301497396,0.5221335693,6.5176298411,1772308854.2169173,0.1573408675,0,-16.0015350924,0.0,12.2494344711,0.7104919191,0.0931756239,-0.2215564266,296.0,15.939092865,0.1850319222,8567.2161138,0,5.1063449542
1e-05,0.5029108943,20.8720572917,15.5976879597,0.113775579,0.0243248566,0.0106652999,6.8868033854,6.8543391927,20.8742618452,0.7441282619,0.5204878428,532,0.1873161739,0.4955400317,20.8192838542,-0.9963827097,0.0014731391,0.5175213605,0.5201873649,-0.9971493073,5e-05,6.51042e-05,0.07905642,0.2381973972,20.7435964136,0.5017857752,0.542497329,0.0405775007,0.636381911,-0.2586538756,0.1006373382,0.1179569043,153015,0.1833560243,6.892400431,0.1859895833,6.8798730469,0.4959696061,6.8747935997,1772308854.2174804,0.2055611982,0,-20.8843542075,0.0,12.2494344711,0.751648965,0.0669227609,-0.2583565314,296.0,20.8158723958,0.2364048057,8567.2161138,0,5.1128581645
1e-05,0.5214492014,17.8241943359,14.800688982,0.0887890895,0.0232422823,0.0103704,6.5266145833,6.5072005208,17.8472928902,0.6700731161,0.5374272749,533,0.1394478428,0.5181902346,17.758663737,-1.2260677163,0.0030422262,0.5363506134,0.5365417023,-1.2217255147,5e-05,0.0001497396,0.0690023507,0.188283411,17.7256275796,0.5223194699,0.5523657056,0.0382180405,0.6293499539,-0.2138988604,0.092243733,0.095525203,153015,0.1403844299,6.5395536725,0.1428125,6.5293229167,0.5185728695,6.5346642311,1772308854.217982,0.177939291,0,-17.8322903099,0.0,12.2494344711,0.6672338902,0.0472627175,-0.2175255684,296.0,17.7902799479,0.1915384203,8567.2166127,0,4.8504871789
1e-05,0.5110319859,19.2361897786,14.4029669762,0.0629862391,0.0258733964,0.0104129068,7.118421224,7.0919726563,19.2376115424,0.7645590401,0.5281486004,534,0.1640274598,0.5073284969,19.1598480988,-1.0529901615,0.0033017215,0.5115455537,0.5284711119,-1.0497482502,5e-05,0.0001497396,0.1101544674,0.2333940873,19.1242758501,0.5112939697,0.5480430722,0.0369770153,0.6245177953,-0.2413338365,0.1021946429,0.1227694356,153015,0.1638756243,7.1335094473,0.17125,7.1253450521,0.5077206332,7.1138083826,1772308854.2184808,0.1911809736,0,-19.2435972375,0.0,12.2494344711,0.7654867086,0.0762101869,-0.2417417025,296.0,19.1939485677,0.2317012797,8567.2171117,0,4.9995277668
1e-05,0.457214255,29.005390625,14.3905026913,0.2146704602,0.0235004463,0.0103538267,8.1983333333,8.1829947917,29.0091850244,0.8910964765,0.4875288764,535,0.2454471856,0.4512574993,28.9085432943,-0.4936936772,0.0029462782,0.4850833719,0.4870568719,-0.4899737708,5e-05,0.0001302083,0.0648399576,0.320434292,28.868121174,0.4565219462,0.5264276035,0.0369814404,0.663357056,-0.3242514848,0.1237380182,0.1089422296,153015,0.2413158145,8.2289396954,0.2859244792,8.2011979167,0.453395347,8.2022831206,1772308854.2189798,0.2792748035,0,-29.0019216142,0.0,12.2494344711,0.8980465444,0.0642759862,-0.3254129543,296.0,28.9176236979,0.319391676,8567.2176117,0,5.0432628171
1e-05,0.5231860423,15.7249316406,14.6262178421,0.0083563652,0.0182088348,0.0104119031,6.3195540365,6.3085709635,15.7278615122,0.660222417,0.5400513431,536,0.1324622695,0.5230411966,15.6635921224,-1.2470539624,0.0031544076,0.5196574869,0.5389456644,-1.2498188331,5e-05,0.0001432292,0.1242578503,0.196862619,15.6294257052,0.5228675069,0.5500601386,0.0376532976,0.6163897882,-0.2040159435,0.0919156695,0.1045765626,156064,0.1301153043,6.3506643675,0.1360677083,6.3558528646,0.5234789097,6.3397081464,1772308854.2189798,0.1591048598,0,-15.7362557518,0.0,11.9654032389,0.6595263473,0.086314825,-0.2050409074,293.3333333333,15.7023164876,0.1933974581,8567.2181134,0,4.8779700003
1e-05,0.5147477647,18.0893001302,14.576192379,0.0578952316,0.0219734253,0.0104108175,6.503811849,6.4744075521,18.0796431572,0.7128796639,0.5349120916,537,0.1279456905,0.5134675778,18.0372264608,-1.1470984374,0.0026516504,0.5173445682,0.5360953288,-1.1461174764,5e-05,0.0001171875,0.1092969786,0.2254845904,17.9712091352,0.5144968363,0.5443957019,0.0375275294,0.6258008794,-0.2214346045,0.0928854305,0.1107992381,156064,0.1303212652,6.4986792623,0.1526432292,6.5054557292,0.5141696928,6.4992353609,1772308854.2194798,0.1799973197,0,-18.0972704398,0.0,11.3973407745,0.7139724399,0.0862457672,-0.2212170757,288.0,18.0336946615,0.2248464278,8567.2181134,0,4.8465969551
1e-05,0.5008171203,21.2023697917,15.0756583214,0.1249317915,0.0214519889,0.010676682,7.09203125,7.080546875,21.1896422489,0.7568441718,0.5264538898,538,0.1276598848,0.4985068312,21.1565104167,-1.0274692015,0.0019150808,0.5234936148,0.5257523166,-1.0244436185,5e-05,8.46354e-05,0.048853647,0.2603509894,21.0812303336,0.5013654682,0.5452188788,0.0388757801,0.6374117959,-0.2474653881,0.1066155032,0.1008830221,156064,0.1302476092,7.1232849681,0.1818619792,7.0996354167,0.5006916917,7.1084075288,1772308854.219982,0.2087355966,0,-21.2127411417,0.0,11.3973407745,0.7572502947,0.0443789226,-0.251678968,288.0,21.1505989583,0.260103235,8567.2186123,0,4.7088407671
1e-05,0.504686645,19.6998563639,15.1661608219,0.1014656889,0.023278343,0.0105667241,7.2207356771,7.1758626302,19.7215573037,0.7920128156,0.52790444,539,0.143590164,0.5040380089,19.6246415202,-1.0208229624,0.0035706664,0.5157406895,0.5282070199,-1.0205406917,5e-05,0.0001692708,0.0812751072,0.2540144496,19.6118502363,0.5052566507,0.5403314299,0.0392354004,0.6371678951,-0.2532528582,0.1053837242,0.1468028055,156064,0.1433306543,7.2136903374,0.1721875,7.2177604167,0.5050376503,7.2018311137,1772308854.2204804,0.1979979221,0,-19.7160245611,0.0,11.3973407745,0.7938425701,0.070572047,-0.2540665588,288.0,19.6816493734,0.254641025,8726.7760744,0,5.5734836617
1e-05,0.4820240963,24.5328283691,15.5739011765,0.1677901377,0.0257362626,0.0106639504,7.7667057292,7.7458723958,24.5454411657,0.8561862895,0.5104917806,540,0.1789567205,0.4797360506,24.4762239583,-0.7752452926,0.0042721034,0.5072100881,0.5102409115,-0.7737416387,5e-05,0.0001888021,0.0557572269,0.290950872,24.4244250196,0.4817292113,0.5390214083,0.0404955482,0.6472028675,-0.2970115257,0.1158407511,0.1085859122,156064,0.176463904,7.7803720701,0.2279036458,7.76765625,0.4788148611,7.7632397505,1772309013.78232,0.2385958441,0,-24.5442023135,0.0,11.3973407745,0.8562053756,0.0545952898,-0.2951330833,288.0,24.471809082,0.2909532058,8726.7767172,0,4.9097136845
1e-05,0.5072602504,20.6858528646,15.1663458347,0.1300734003,0.0214197856,0.0104094648,7.110078125,7.0873958333,20.6989941153,0.7724858086,0.5288359367,541,0.1392581856,0.5018024082,20.6205989583,-1.0487569638,0.0030070937,0.5276481336,0.5288274918,-1.0490017613,5e-05,0.0001367188,0.0511363271,0.2465528995,20.5915101648,0.5071997512,0.5479613692,0.0394235357,0.638900407,-0.2662278273,0.1027705039,0.1099007591,156064,0.1422763429,7.1171875024,0.1750651042,7.116875,0.5025072806,7.1182032239,1772309013.7831762,0.2038982539,0,-20.6940424417,0.0,11.3973407745,0.7754145927,0.0422283489,-0.2643298904,288.0,20.6453027344,0.2482676865,8726.7772189,0,5.4459201809
1e-05,0.531034862,14.136706543,15.4712371826,-0.0186085511,0.0197218648,0.0106351646,5.8796158854,5.8480110677,14.1580346217,0.6700923416,0.5469783714,542,0.1331996897,0.5264277609,14.116546224,-1.3113272255,0.0019150808,0.523696314,0.5462525924,-1.3127225421,5e-05,8.46354e-05,0.1507921765,0.1886327233,14.092373589,0.532790675,0.5496900561,0.0402405469,0.6155313161,-0.2147016529,0.0834502449,0.1129874602,156064,0.1315012313,5.8767017884,0.1166666667,5.892421875,0.5258915144,5.893429321,1772309013.783819,0.1399972327,0,-14.1569479602,0.0,11.3973407745,0.6689534427,0.0865095603,-0.21445925,288.0,14.092039388,0.1899652902,8726.7777178,0,4.9933680908
1e-05,0.4824661692,23.908186849,15.1164224148,0.1403326878,0.0278831006,0.0107325689,7.3113769531,7.276953125,23.9159185904,0.8697054532,0.5089556637,543,0.1968094872,0.4777103838,23.8053059896,-0.7581422829,0.0028597798,0.497731301,0.5104336031,-0.7595736182,5e-05,0.0001302083,0.0822321935,0.296382017,23.8252495918,0.4830600085,0.5316585009,0.0388629738,0.6467284508,-0.3026711993,0.1067418483,0.1418722697,158600,0.1967946925,7.3277658231,0.22,7.3127213542,0.4778547582,7.3443172583,1772309013.784321,0.2309139491,0,-23.9154669475,0.0,86.6697699229,0.8684878139,0.0764057793,-0.3019258408,1786.0,23.8521077474,0.2974304126,8726.7782171,0,6.077006785
1e-05,0.5142665572,17.9043676758,14.8382205963,0.0727598429,0.0241662499,0.0104421266,6.5239973958,6.5038183594,17.9109912194,0.7444333739,0.5362502936,544,0.134309304,0.5140694941,17.8534960937,-1.1585643206,0.0020623947,0.5271955729,0.5362944738,-1.156227898,5e-05,9.11458e-05,0.0827908501,0.2427953584,17.808701602,0.51509847,0.5444249103,0.0383398414,0.6291641527,-0.2418038716,0.0973834754,0.1125844181,158600,0.1331364444,6.5533675898,0.1461328125,6.5433463542,0.5134900824,6.533474641,1772309013.7848196,0.1772012568,0,-17.9140161151,0.0,124.3059844971,0.743283957,0.0665626828,-0.2426279884,2535.0,17.8681315104,0.2443039932,8726.7787186,0,5.1003007915
1e-05,0.4954320785,21.3078108724,14.821968317,0.0728733712,0.0213660796,0.0104412913,7.0348632812,7.0047265625,21.306110641,0.7968980638,0.5198219025,545,0.163395703,0.4930695453,21.2530664062,-0.9247881923,0.0026516504,0.5044466095,0.5201797329,-0.9193174502,5e-05,0.0001171875,0.1118518962,0.2694608466,21.2165748378,0.4935422749,0.5406090119,0.0382550875,0.6281073316,-0.2703619847,0.1068638631,0.1347776253,158600,0.1623018889,7.0774188844,0.1926302083,7.0486458333,0.493551572,7.0512335994,1772309013.785319,0.2046291302,0,-21.3108012839,0.0,124.3059844971,0.8002479047,0.0617675402,-0.2719428628,2535.0,21.2367220052,0.2700914613,8726.7792176,0,5.5124631628
1e-05,0.5098046355,19.3101318359,15.1471178532,0.1120721638,0.0217494014,0.0107994342,6.713125,6.6941145833,19.3319710983,0.7304557813,0.5334037001,546,0.1289613592,0.5083402258,19.2759611003,-1.1298199213,0.0023570226,0.5316392871,0.5330244058,-1.1314483722,5e-05,0.0001041667,0.0552369195,0.247838069,19.2091214766,0.5103572229,0.5512932894,0.0388909332,0.6349951116,-0.2473831977,0.0956529213,0.1053196905,159594,0.1272318141,6.7189986841,0.1593619792,6.711953125,0.5078963622,6.7193519235,1772309013.7863197,0.1926925863,0,-19.3175016278,0.0,86.7431621552,0.7316209204,0.0437386731,-0.2441916948,1791.3333333333,19.2307072449,0.2490232247,8726.7802177,0,4.9523606336
1e-05,0.5175689839,17.1823160807,14.6570568085,0.0396302419,0.0191511495,0.0103257608,6.1114322917,6.0842708333,17.2079283396,0.671046895,0.536102476,547,0.1385442069,0.5159996006,17.0922900391,-1.2058218741,0.0018893979,0.5251735193,0.5366818686,-1.199109898,5e-05,9.11458e-05,0.1032926698,0.2215127914,17.1086777362,0.5164211201,0.5559873897,0.0378923098,0.6172560738,-0.222619807,0.087837715,0.1249213207,159594,0.1392248592,6.1272669233,0.1461458333,6.134860026,0.5159154508,6.1332499461,1772309013.7868214,0.1690290155,0,-17.1966584301,0.0,11.6175174713,0.6738654805,0.0710119609,-0.222801489,304.0,17.177508138,0.2196668599,8726.7807194,0,5.7908458455
1e-05,0.5085421554,19.4326302083,15.4489529133,0.0776329398,0.0218927755,0.0105988256,7.0978352865,7.0727832031,19.4425539864,0.7891684147,0.5284239739,548,0.1563399403,0.5049127851,19.3778776042,-1.0366592201,0.0025651519,0.5159373985,0.5288691185,-1.040457828,5e-05,0.0001171875,0.0843417081,0.251812644,19.3232486436,0.5065352012,0.5447668407,0.0401679691,0.6287158006,-0.263739111,0.0981552566,0.1114990067,159594,0.1539472983,7.0930452006,0.1687239583,7.0950065104,0.5046955608,7.0877864218,1772309013.78732,0.1935861747,0,-19.4469380964,0.0,11.6175174713,0.787535695,0.0660919231,-0.2636634626,304.0,19.3936653646,0.2516682366,8726.7812184,0,4.4842138502
1e-05,0.5470823935,12.3097513835,14.5348515511,0.0058122421,0.0233321498,0.0101201622,5.6944108073,5.6665429688,12.3131074627,0.5931564978,0.559440365,549,0.0728925828,0.5458379388,12.2962369792,-1.552108713,0.0022097087,0.5561793719,0.5619644444,-1.5466292806,5e-05,9.76562e-05,0.0783059046,0.176058727,12.2158949379,0.5479360174,0.5661946868,0.0376558828,0.6100925223,-0.1875511708,0.0796035708,0.0992440958,159594,0.0741136875,5.686281213,0.0788802083,5.7041992188,0.54748703,5.6926009927,1772309013.7878215,0.126747358,0,-12.3266818615,0.0,11.6175174713,0.5986204778,0.0526531266,-0.1866570979,304.0,12.2813920085,0.1773058478,8883.9722558,0,5.2594951932
1e-05,0.5215924886,15.4971948242,14.8737359047,-0.0549777747,0.0197374812,0.0103222632,6.4996614583,6.4392513021,15.5028549991,0.7786040841,0.5397658645,550,0.1352190102,0.5162957607,15.4420951335,-1.1343801073,0.0012393268,0.5011986475,0.5395738955,-1.1333532271,5e-05,5.85938e-05,0.1944316257,0.2264392463,15.4278286436,0.5220402936,0.5398501349,0.0385488423,0.6087904133,-0.2451438568,0.0838704503,0.1709950549,159901,0.1329020451,6.4927129422,0.1360026042,6.5198893229,0.5177851452,6.5129297394,1772309170.9840481,0.147529189,0,-15.5095656564,0.0,13.097284317,0.782552304,0.1140137063,-0.2454622855,306.0,15.4704557292,0.2290191976,8883.9727898,0,5.6887936094
1e-05,0.5184340791,17.426969401,15.139598608,0.0649431565,0.0224709735,0.0104592435,6.5353385417,6.5053125,17.4531888576,0.6965240111,0.5377515441,551,0.1207700556,0.5178011097,17.3878792318,-1.2151977328,0.0019758963,0.5330743707,0.5374959808,-1.2160368196,5e-05,9.11458e-05,0.0746431501,0.2342298187,17.3535328534,0.5191627608,0.5559805216,0.0392944741,0.6239208947,-0.2314079433,0.0932733935,0.1139263706,159901,0.1236021396,6.5510215271,0.1419010417,6.5368489583,0.5186534295,6.547635022,1772309170.9845138,0.1711293084,0,-17.4364211111,0.0,13.097284317,0.6943633667,0.0565598202,-0.2290816394,306.0,17.3815013631,0.2334464628,8883.9727898,0,4.8651172992
1e-05,0.5102214127,17.9250276693,14.3959066868,0.0471832128,0.0219884304,0.0101192673,6.4640266927,6.4396191406,17.9328190887,0.7354021432,0.5327580263,552,0.1292928962,0.5073876524,17.9012597656,-1.1048005376,0.0011785113,0.5161505855,0.5325319312,-1.1059067117,5e-05,5.20833e-05,0.123389089,0.2416527776,17.8396930318,0.5105661789,0.5431945355,0.0372462217,0.6243681736,-0.2462623279,0.0914443891,0.1211613921,159901,0.1253396703,6.4613296681,0.1566666667,6.4928027344,0.5060756684,6.4630394516,1772309170.9850478,0.1741969645,0,-17.9413845709,0.0,13.097284317,0.7313010146,0.0836534803,-0.2474812151,306.0,17.8944313558,0.2403221894,8883.9732923,0,5.4978020105
1e-05,0.527050968,15.0828548177,15.0147328377,0.0053188654,0.0221414222,0.0105895305,5.9050716146,5.8847591146,15.0957669953,0.6824074543,0.5459715006,553,0.0946000764,0.5259087331,15.05071462,-1.3057146975,0.0017677669,0.5334350183,0.5467486869,-1.3085984026,5e-05,7.8125e-05,0.1041910656,0.2155844644,15.0074944055,0.5284692623,0.5535932018,0.038659695,0.617243457,-0.2163756596,0.0858312184,0.104071157,161485,0.0952886481,5.9249795454,0.1166666667,5.9299804688,0.5261848138,5.9275020448,1772309170.9855506,0.1508402919,0,-15.0904533656,0.0,13.4903195699,0.6851141328,0.069517817,-0.2178020298,298.0,15.0522265625,0.2125414261,8883.9737915,0,4.7975288699
1e-05,0.5317290667,14.6506184896,14.4006664753,0.0099495461,0.0215586862,0.0103484702,6.1496223958,6.1095247396,14.6537783338,0.7379281123,0.5503001103,554,0.0955427822,0.5310362636,14.6094677734,-1.3215788963,0.0025043365,0.5334165722,0.5506856729,-1.3210439195,5e-05,0.0001106771,0.1060534435,0.2237778886,14.5538258188,0.5321655211,0.5560286323,0.0370285686,0.6168248602,-0.2318320128,0.08565588,0.1206753693,161485,0.0975884847,6.1439840178,0.1114973958,6.1379036458,0.5300674636,6.1476589858,1772309170.98605,0.1491444384,0,-14.6605519692,0.0,13.6868371964,0.7392032805,0.0725453785,-0.2327122879,294.0,14.6169677734,0.2212851455,8883.9742915,0,5.3839815947
1e-05,0.520481027,14.7770480347,14.8194236755,-0.0300073929,0.0207681927,0.0105086096,5.9829817708,5.9715950521,14.8005045144,0.7595174959,0.542827206,555,0.1200983801,0.5168955343,14.7279378255,-1.199380257,0.0014731391,0.5123425391,0.5426569315,-1.2024774054,5e-05,6.51042e-05,0.1683702832,0.2383494644,14.706888361,0.5199809266,0.5448256408,0.0382318584,0.6123608979,-0.2508939975,0.0819163758,0.1208549269,161485,0.1171330523,6.0118536141,0.1266666667,6.0491145833,0.5170150214,6.0180834993,1772309170.9865499,0.1461806451,0,-14.7859228536,0.0,13.6868371964,0.7577505904,0.099090031,-0.2484297187,294.0,14.7490039062,0.2400587056,8883.9747898,0,4.901874826
1e-05,0.5209550102,16.3956379954,14.6755681038,0.0291578705,0.0222534713,0.0103875295,6.2110677083,6.1686653646,16.4124703382,0.7098464067,0.5435490661,556,0.1041374774,0.5201397469,16.3587320964,-1.256643573,0.001620453,0.5351345402,0.5427675062,-1.2602877808,5e-05,7.16146e-05,0.0862139602,0.2329578302,16.3066016203,0.5226662078,0.5576074821,0.0378168527,0.6159208785,-0.2400745748,0.0906285052,0.1249915368,161485,0.1060690749,6.2140255772,0.1321354167,6.1923697917,0.5197827699,6.2043570031,1772309170.9865499,0.1639230306,0,-16.408356514,0.0,13.6868371964,0.7069646136,0.0589051035,-0.2376518175,294.0,16.3591853841,0.2344918622,8883.9752893,0,5.4575896404
1e-05,0.5025157035,19.4931445312,14.5139198303,0.0509896018,0.0210885718,0.0104536343,6.7966015625,6.7418261719,19.5005431768,0.805209939,0.5261943236,557,0.1406782914,0.4962926005,19.4288476562,-0.9935826494,0.0021232102,0.5096947623,0.5266325279,-0.9962747619,5e-05,9.76562e-05,0.1170737471,0.2600503437,19.3856442892,0.5027643539,0.5445877741,0.037318004,0.6252687097,-0.289572975,0.0960794117,0.1299860125,161485,0.1422325475,6.7792722243,0.1759765625,6.7710091146,0.4965458504,6.7727968024,1772309170.987048,0.19072813,0,-19.4962493597,0.0,13.6868371964,0.8060245814,0.0747812992,-0.2889602015,294.0,19.4401595052,0.2594842001,8883.9757904,0,5.1319004846
1e-05,0.5208431679,15.824794515,14.7035179138,0.0455598345,0.0230883426,0.0103582048,6.1415820312,6.1156575521,15.861725163,0.7295510528,0.5426438996,558,0.1038737461,0.5186167054,15.782156779,-1.246644166,0.0019758963,0.5306475884,0.5427598678,-1.240222025,5e-05,9.11458e-05,0.1060111367,0.2313402737,15.7582971776,0.5215418056,0.5490871122,0.0379676572,0.624107868,-0.2485069312,0.0866444025,0.1051781543,161485,0.1028772765,6.1436674099,0.1266666667,6.1572460938,0.5181374937,6.1432341986,1772309170.9875474,0.1565377049,0,-15.83828941,0.0,13.6868371964,0.728655567,0.0712484911,-0.2485286209,294.0,15.804605306,0.2326372745,8883.9762916,0,5.022335015
1e-05,0.5463301499,10.5935599772,14.8447229862,-0.0693901594,0.0209354546,0.0104459723,5.2072526042,5.1625097656,10.5982340142,0.6549571406,0.5632015238,559,0.0696089029,0.5460133345,10.5716276042,-1.5234888875,0.0010311974,0.5380618912,0.5613458175,-1.5182270706,5e-05,4.55729e-05,0.1407688282,0.1835000084,10.5144852127,0.5476963435,0.5561714737,0.0383448076,0.6036718675,-0.2130289398,0.075898256,0.1007257216,161485,0.0673647601,5.2065814891,0.0727213542,5.1876106771,0.5455174566,5.2021692192,1772309170.9880486,0.11184561,0,-10.6084934268,0.0,13.6868371964,0.6543572249,0.0819945672,-0.2160404085,294.0,10.5652579753,0.1845124501,9043.1530736,0,4.6900647867
1e-05,0.4784757649,24.2409375,14.9374566078,0.148971436,0.0222600753,0.0104867244,7.6998177083,7.6791927083,24.2455810795,0.9000121925,0.510456156,560,0.1885709633,0.4728282708,24.1565397135,-0.7414250795,0.0030070937,0.5038527369,0.5104049571,-0.7401918582,5e-05,0.0001367188,0.0670834663,0.3143915048,24.115753029,0.4784102801,0.5412444156,0.0386006856,0.6444349102,-0.3313631715,0.1110124459,0.135569363,161485,0.1888512103,7.7180612119,0.2279296875,7.70609375,0.473054174,7.6988409718,1772309330.170553,0.233818228,0,-24.2531699618,0.0,13.6868371964,0.8993424555,0.057258267,-0.3332562534,294.0,24.2091308594,0.3143804452,9043.1535732,0,5.887157857
1e-05,0.5114896032,17.9231901042,15.2938511372,0.0285484756,0.0225721585,0.0105219531,6.6930729167,6.6375130208,17.9215434225,0.8264787461,0.5325100972,561,0.1383968121,0.5052877907,17.8628515625,-1.0471123567,0.0017677669,0.507107484,0.5335648168,-1.046772655,5e-05,7.8125e-05,0.143346434,0.2596462939,17.8105416311,0.5091952684,0.5405940386,0.0397359776,0.6229682578,-0.2826672441,0.0942034812,0.1229489138,161485,0.1408643467,6.6792481169,0.1559635417,6.6568391927,0.5036686774,6.6683528202,1772309330.1710527,0.178078322,0,-17.9346642711,0.0,13.6868371964,0.8317197505,0.0925100094,-0.2806019443,294.0,17.8869498698,0.2564474979,9043.1540733,0,4.9367192994
1e-05,0.5167632231,16.6323470052,15.2227256298,0.0118298274,0.0195208749,0.0103523691,6.5248763021,6.4660416667,16.6301232146,0.7637287439,0.5401296336,562,0.1146077138,0.511608188,16.5860923258,-1.1619117946,0.0013001422,0.5172939852,0.5404524372,-1.1579336677,5e-05,6.51042e-05,0.1266914602,0.2379459113,16.5243264127,0.5179221956,0.5502638938,0.0396545053,0.6148086396,-0.2582603734,0.0871273807,0.108197076,161485,0.1190774539,6.503245609,0.142578125,6.4746289063,0.512116105,6.506860697,1772309330.1715527,0.164091993,0,-16.6416659869,0.0,13.6868371964,0.7635222247,0.0767286228,-0.2608136448,294.0,16.5899202474,0.2370957145,9043.1545733,0,4.8773420571
1e-05,0.5076508099,18.6160563151,15.4714112282,0.0957155079,0.0216879509,0.010781273,6.9411523437,6.9087109375,18.6333747297,0.8092213359,0.5342244187,563,0.1254377317,0.5064210136,18.5633902995,-1.1001764164,0.0026516504,0.5276037053,0.5358312129,-1.0931061154,5e-05,0.0001171875,0.0742708845,0.2665197424,18.5050711932,0.5098856114,0.5488710904,0.0399830055,0.630231753,-0.2776122277,0.0973428984,0.1125549272,164311,0.1271014278,6.9477348087,0.155546875,6.9336914063,0.5056297577,6.9337644233,1772309330.1715527,0.186751803,0,-18.6265503235,0.0,12.2977774938,0.8094673681,0.0590158138,-0.2810623078,351.3333333333,18.5666475423,0.2689324101,9043.1550739,0,5.2307667543
1e-05,0.5313196149,14.093194987,15.5632696152,-0.0070610459,0.0210943978,0.0105709434,6.0646223958,6.0220442708,14.0924383445,0.7253154906,0.5493083271,564,0.1118942671,0.5244082915,14.0513785807,-1.3125837911,0.002417838,0.5260058023,0.5488400636,-1.3087321691,5e-05,0.0001106771,0.1361919895,0.2113326128,13.9936242555,0.5301090768,0.5528263752,0.0405750958,0.6136346315,-0.2372952291,0.0853978448,0.1111606784,164311,0.1140600085,6.057002101,0.1126041667,6.0678645833,0.5249657754,6.0551129897,1772309330.1720526,0.142990717,0,-14.1070693589,0.0,11.6032476425,0.7253284628,0.0787574676,-0.2382805483,380.0,14.0792838542,0.210200618,9043.1555754,0,4.8463174114
1e-05,0.4999606397,20.295843099,14.900783062,0.0989783549,0.022840369,0.010556407,6.9553125,6.92328125,20.2996284271,0.7936424072,0.5266547078,565,0.1529031245,0.4976507967,20.2352449544,-1.0065090231,0.0027124659,0.5197090406,0.5265734499,-1.0061858253,5e-05,0.0001236979,0.0780179252,0.2674642611,20.1885447667,0.5007320294,0.5474674546,0.0384369198,0.6310109449,-0.2811305506,0.1006805856,0.1345609587,164311,0.1526728144,6.9676689545,0.1759635417,6.9573177083,0.4991722756,6.9546190282,1772309330.1725535,0.1985927699,0,-20.3047940359,0.0,11.6032476425,0.7913873322,0.0574608694,-0.2813395136,380.0,20.238804423,0.2696421776,9043.1560747,0,6.0178145351
1e-05,0.5032990912,19.5261336263,14.6048152447,0.1078683803,0.0214254855,0.0105073619,6.9061588542,6.8740332031,19.5274798145,0.7802246515,0.5312655208,566,0.1248989541,0.504030122,19.4471321615,-1.0617453063,0.0028597798,0.5227872026,0.5303651613,-1.0593218565,5e-05,0.0001302083,0.0732678474,0.2680826794,19.3956764476,0.5015993604,0.54582155,0.0374573437,0.6363894,-0.2607512482,0.0998396167,0.1098767755,165402,0.1274666024,6.9181415056,0.1721354167,6.8918945313,0.5039679923,6.8992487026,1772309330.1735542,0.1951205755,0,-19.536756802,0.0,10.1408720016,0.7813071776,0.0626516585,-0.2604574083,380.3333333333,19.497755127,0.267242791,9043.1570728,0,4.987106572
1e-05,0.5099628117,17.3760595703,14.5136785507,0.0253822541,0.022354744,0.010431815,6.4361165365,6.4106966146,17.3848464414,0.7584101141,0.5348709561,567,0.1256340235,0.5097206685,17.3170361328,-1.1112401069,0.0023570226,0.5141292009,0.5349568784,-1.1116115095,5e-05,0.0001041667,0.1243669716,0.2529858151,17.2817490177,0.5094485749,0.5444656523,0.0373180246,0.620008956,-0.2459385194,0.0917727745,0.1123604982,165402,0.1254832772,6.4466531902,0.1558984375,6.444671224,0.5094162135,6.438628595,1772309330.1740532,0.1695664738,0,-17.388333285,0.0,7.2161207199,0.7590040129,0.0833268784,-0.2447358768,381.0,17.3313041178,0.2536710471,9043.1570728,0,4.8310408693
1e-05,0.5395094387,13.2530794271,14.4931538105,0.0066091836,0.0234617657,0.0103388079,6.0284667969,5.9994791667,13.2619849659,0.6999711748,0.5566813942,568,0.078400844,0.5357688382,13.2456551107,-1.4125274288,0.0019150808,0.5399954763,0.5562775638,-1.4093599887,5e-05,8.46354e-05,0.1049251003,0.2019704646,13.1445441017,0.5413239318,0.5564515378,0.0373315859,0.6121411166,-0.2221141377,0.085200969,0.1024790444,165402,0.0790355423,6.0259078792,0.095390625,6.0204296875,0.5361507975,6.0181060046,1772309330.1745522,0.1428444849,0,-13.2672202089,0.0,7.2161207199,0.7011253541,0.0696188961,-0.2218947394,381.0,13.2074658203,0.20158836,9043.1575741,0,4.5142283567
1e-05,0.5151828586,17.8337141927,14.8064899445,0.0929709071,0.0231539588,0.0105243278,6.40921875,6.3813151042,17.8605627477,0.7500411791,0.5373632802,569,0.1301824568,0.5118078054,17.7709676107,-1.1887715697,0.0020110288,0.5374620351,0.5373519795,-1.1910759056,5e-05,0.0001041667,0.0630204775,0.2497181465,17.7322846907,0.5142773179,0.5535180936,0.0381726313,0.6317938985,-0.2589379052,0.0931576447,0.1211449165,165402,0.1305607123,6.4185168207,0.1428125,6.4158854167,0.5118592453,6.4103241595,1772309330.1750538,0.1809676518,0,-17.8510049542,0.0,7.2161207199,0.7434639067,0.058640282,-0.260764782,381.0,17.8270532735,0.2480335573,9200.551109,0,5.6811096219
1e-05,0.4852876598,22.0028157552,15.2953965664,0.0871342441,0.0247702172,0.010749805,6.9636816406,6.9244954427,22.0144443102,0.8090090824,0.5152086445,570,0.1881035851,0.4839378655,21.9567667643,-0.8631633107,0.0013866407,0.5039939592,0.5155553733,-0.8600748332,5e-05,6.51042e-05,0.0973676586,0.2837222242,21.8737639431,0.4850141363,0.5429942726,0.0395421282,0.6365719169,-0.2901408195,0.1003792588,0.1372115057,165402,0.1912733683,6.970575801,0.2094140625,6.95234375,0.4840286849,6.9579881017,1772309487.5727494,0.2177917687,0,-22.0110921753,0.0,7.2161207199,0.8134708457,0.082212424,-0.2910174625,381.0,21.9094026693,0.2823871647,9200.5521115,0,5.8089962075
1e-05,0.5246917883,16.274781901,14.4901692867,0.0846190193,0.0228399275,0.0102209838,6.2450292969,6.2188574219,16.2871219256,0.7026108156,0.5454838262,571,0.125136144,0.5247298058,16.2608138021,-1.309310081,0.0031287246,0.5457575479,0.5455655013,-1.3062819703,5e-05,0.0001497396,0.0474735182,0.2317319502,16.1670536498,0.5237603558,0.5569269001,0.0374090004,0.6274090652,-0.2298554129,0.0939203057,0.1197491766,165402,0.1236720703,6.2522420548,0.1226692708,6.2481054688,0.5233367039,6.2325027767,1772309487.5742538,0.1671963589,0,-16.2883229484,0.0,7.2161207199,0.6997759943,0.0434502649,-0.2266053441,381.0,16.2285123698,0.2323556088,9200.5526112,0,5.0378692418
1e-05,0.511501358,18.7665201823,15.1539413929,0.0941683861,0.0236910018,0.0107102776,6.799375,6.7705924479,18.7768683025,0.7670391768,0.5353054924,572,0.1353757848,0.509118405,18.7115364583,-1.1306973426,0.0025651519,0.5280257163,0.5352454798,-1.1279889063,5e-05,0.0001171875,0.0747631552,0.2544724033,18.646882198,0.5100780134,0.5510611655,0.0390649565,0.6297592791,-0.2512200259,0.0973159229,0.1067758798,165402,0.1367685579,6.8039661626,0.1583463542,6.7882389323,0.5101148357,6.7901195845,1772309487.5752535,0.1891033228,0,-18.775046502,0.0,7.2161207199,0.7640806861,0.0640889813,-0.253114438,381.0,18.7296427409,0.2564186558,9200.5538653,0,4.9910084716
1e-05,0.5237999469,16.7963639323,14.6969223022,0.0575387594,0.0225300614,0.0102835409,6.6426041667,6.6286848958,16.8148257584,0.7291792716,0.5439111224,573,0.1172784785,0.5220575057,16.7777408854,-1.2577400223,0.003240906,0.535366929,0.5456656839,-1.2582935445,5e-05,0.0001432292,0.0763258861,0.2299216479,16.6977964243,0.5231094849,0.5614600503,0.0379745046,0.6218856537,-0.2401856256,0.09277243,0.0964069646,165402,0.1159530465,6.6489730624,0.1344401042,6.6485416667,0.520588249,6.6437857912,1772309487.5752535,0.1699991735,0,-16.8122535998,0.0,7.2161207199,0.7307072327,0.051817113,-0.2374049976,381.0,16.7491455078,0.2282381032,9200.5543674,0,4.8724535116
1e-05,0.5039028916,18.6786588542,15.1404209137,0.0540819142,0.0269714116,0.0105113498,7.2712760417,7.2355729167,18.6953358888,0.853718952,0.5309625798,574,0.1638205398,0.5024893695,18.64609375,-0.9749082078,0.0033882199,0.5053591059,0.5295910067,-0.9850615609,5e-05,0.0001497396,0.132524062,0.2749828092,18.5951625669,0.5045411692,0.5375021681,0.0392488472,0.6255014638,-0.2787088941,0.1010043834,0.1402056953,165402,0.1596392742,7.2791289369,0.1686197917,7.2715169271,0.5028934612,7.2665190905,1772309487.5765076,0.1836213197,0,-18.6909443214,0.0,7.2161207199,0.850295647,0.0919743256,-0.2761057575,381.0,18.6165625,0.2731139103,9200.5555806,0,4.8375727249
1e-05,0.5159981367,16.3103035482,14.3382422924,0.0202415186,0.0278663988,0.0102318128,6.701813151,6.672952474,16.3557463416,0.8104719471,0.5401152711,575,0.1422535018,0.5140606352,16.2693066406,-1.1380368266,0.0028597798,0.5154552053,0.5406675863,-1.1351918902,5e-05,0.0001302083,0.1315764806,0.2443327343,16.2613697012,0.5168409498,0.5433971659,0.0369025071,0.6230884024,-0.2536903175,0.0897109349,0.1466428622,165402,0.1431910418,6.7015679231,0.1393098958,6.7287858073,0.5142932382,6.7054820595,1772309487.57701,0.1592717409,0,-16.3292371779,0.0,7.2161207199,0.8022866761,0.083685561,-0.2564900407,381.0,16.2824194336,0.2480588954,9200.5560852,0,5.7150266221
1e-05,0.508514243,17.8024088542,14.8737757206,0.0515217354,0.0241380422,0.0106531803,6.7287141927,6.6835563151,17.799159966,0.8301399281,0.5375193776,576,0.1468531148,0.5042534271,17.7379134115,-1.0891221624,0.0014731391,0.5194934748,0.5378630278,-1.0854457961,5e-05,6.51042e-05,0.1013675624,0.270036726,17.6596658686,0.51027501,0.5476802427,0.0381455223,0.6235019081,-0.2877057788,0.0925810518,0.1301207163,168504,0.1459663359,6.7195189835,0.1521354167,6.7113151042,0.5044479818,6.7138370848,1772309487.578223,0.1823999197,0,-17.8141868736,0.0,48.6449502309,0.8312192357,0.0737585027,-0.2903968925,1287.6666666667,17.7712760417,0.2685318454,9200.5570845,0,5.3587883974
1e-05,0.5199175886,16.3954394531,14.3774855137,0.0537679739,0.0280273428,0.0102562086,6.600764974,6.5917740885,16.4155891688,0.8080995102,0.5434453777,577,0.1227640533,0.5171249264,16.3292594401,-1.1891901939,0.0022097087,0.5317968031,0.5424291127,-1.1898957158,5e-05,9.76562e-05,0.0858391056,0.2506275702,16.2919249807,0.5199066008,0.5494755485,0.0370564985,0.6284129556,-0.2703672036,0.0898899902,0.1122205696,168504,0.123811326,6.6171990991,0.1322005208,6.6309114583,0.5168758579,6.613069467,1772309487.579227,0.1653321464,0,-16.409273179,0.0,131.5026092529,0.8085161853,0.0564006408,-0.2681874537,3101.0,16.3903096517,0.2529730068,9200.5580848,0,4.9068150177
1e-05,0.5273464676,14.6653751628,14.8166139126,0.008787431,0.0217705239,0.0104697283,6.3757779948,6.3302555339,14.7015454002,0.7452058235,0.5491141148,578,0.1125850606,0.529016417,14.632076416,-1.3153251487,0.0019758963,0.5342696028,0.5496452965,-1.3146961513,5e-05,9.11458e-05,0.1106419513,0.2388483973,14.5921482033,0.5274322907,0.5577062004,0.0382910466,0.6156767894,-0.239005184,0.0849322077,0.0980385012,168504,0.1130813196,6.3622217241,0.1123177083,6.3367871094,0.5283506078,6.360532949,1772309487.580227,0.1479541997,0,-14.6790848111,0.0,131.5026092529,0.7476739058,0.0670650947,-0.2382063769,3101.0,14.6405802409,0.2405944198,9200.5590871,0,4.5853240701
1e-05,0.5216069674,15.6096468099,14.3256587982,-0.0186371329,0.0210240595,0.0104246298,6.6606803385,6.6112239583,15.6187047187,0.7949934509,0.5423392951,579,0.1207338003,0.5206685204,15.5491048177,-1.173398096,0.0035098509,0.5125228301,0.5425641026,-1.171093197,5e-05,0.0001627604,0.1527736869,0.2407402176,15.5436666526,0.5219132719,0.5475625427,0.0367002924,0.6127272375,-0.2456731782,0.0911210615,0.1134260013,168504,0.1233740643,6.6548671569,0.1346614583,6.6319954427,0.5191582531,6.6617259812,1772309487.5812273,0.1534272351,0,-15.6211271273,0.0,131.5026092529,0.7969673019,0.0953630734,-0.2437155637,3101.0,15.578219401,0.2418552238,9361.6631554,0,4.5146296451
1e-05,0.5176474208,16.2394873047,14.9050521851,0.0224706143,0.0251341078,0.0103915946,6.5346354167,6.500797526,16.2110511653,0.7823727144,0.5435469939,580,0.1183817613,0.5161547948,16.2157519531,-1.2022970207,0.0020367118,0.5275033305,0.543043001,-1.2030882986,5e-05,9.76562e-05,0.1141822735,0.253671683,16.1197354268,0.5184686916,0.5532602804,0.0385888894,0.6170987746,-0.2631146462,0.0880179626,0.1275948193,168504,0.1180855474,6.5286001905,0.1321223958,6.5494563802,0.5167277609,6.5486398614,1772309648.6905828,0.1617747132,0,-16.2475306683,0.0,131.5026092529,0.784573278,0.0681680344,-0.2641592023,3101.0,16.1740454102,0.2516382828,9361.6636573,0,5.2588947716
1e-05,0.5359108721,12.8437805176,14.7238936424,-0.0124835975,0.0232005289,0.0103249319,5.8664095052,5.8354134115,12.8784688318,0.7177641685,0.5564704526,581,0.0983447096,0.5349753102,12.7913989258,-1.3957714061,0.0026516504,0.5346877058,0.5548398894,-1.3972899685,5e-05,0.0001171875,0.1244490968,0.216600349,12.7984617455,0.5368705924,0.5561874708,0.0380836964,0.6122497867,-0.2271107844,0.0832581121,0.1072385023,168504,0.0990485643,5.8863657698,0.0954427083,5.8708365885,0.534388913,5.8907578525,1772309648.6910822,0.1312331123,0,-12.8614513262,0.0,131.5026092529,0.7205000054,0.0756076403,-0.2302018743,3101.0,12.8440804036,0.2134987493,9361.6645105,0,5.0803435679
1e-05,0.539437982,12.1062565104,14.8021330833,-0.0504456948,0.0350185533,0.0104054308,6.2076855469,6.1505257161,12.1199961016,0.7736112898,0.5582410136,582,0.1043559108,0.533290531,12.0810038249,-1.3413986706,0.0014731391,0.5213771166,0.5572643266,-1.3435877282,5e-05,6.51042e-05,0.1705752597,0.2186803429,12.0418814819,0.5384802307,0.5455704377,0.0382518554,0.6069424746,-0.2349583474,0.0793149761,0.1303382767,168504,0.1037986993,6.1732676918,0.09,6.1871500651,0.5340421772,6.1848111445,1772309648.6915843,0.1227022152,0,-12.1181381239,0.0,131.5026092529,0.7721595132,0.1108837141,-0.2372707993,3101.0,12.06890625,0.2189937077,9361.6645105,0,4.5768638849
1e-05,0.4903974112,20.6578938802,14.7534351349,0.1283967859,0.0282401039,0.0104970312,7.1566015625,7.1134505208,20.6663964131,0.8877998826,0.5265219618,583,0.1450760326,0.489064015,20.6243815104,-0.943037864,0.0033017215,0.5223297334,0.526736198,-0.9385252599,5e-05,0.0001497396,0.0656338204,0.3191542066,20.5635175309,0.489678157,0.5439223816,0.0380457791,0.6374273932,-0.3205470926,0.1084631411,0.1438757185,168504,0.1435636484,7.166953304,0.181875,7.1427083333,0.4888531309,7.1383118312,1772309648.6924374,0.2036175112,0,-20.6679446299,0.0,131.5026092529,0.8902902123,0.0507581965,-0.3215468247,3101.0,20.5874462891,0.3190070965,9361.6656548,0,5.9681313151
1e-05,0.5029585323,17.8103111776,15.4013836384,0.0723864819,0.0217506516,0.0106735675,6.3025358073,6.2845898438,17.8253763215,0.7768094711,0.5339754333,584,0.1264737999,0.5022360792,17.7582657878,-1.1045087103,0.003240906,0.5230835914,0.5333800187,-1.0970206912,5e-05,0.0001432292,0.0995508311,0.2767693026,17.7208957855,0.502935631,0.5494021621,0.0399962536,0.6253058074,-0.2822979072,0.0959650502,0.1002210225,168504,0.1278290259,6.3341782064,0.1566666667,6.3073665365,0.5005220824,6.3151902386,1772309648.693082,0.177509736,0,-17.8187385011,0.0,131.5026092529,0.7761601754,0.0611342609,-0.2856520054,3101.0,17.7700708008,0.2764686632,9361.6661546,0,4.7614772094
1e-05,0.4745419733,23.7637060547,15.4960522652,0.0971463955,0.0211498015,0.01059841,7.4145117188,7.3779361979,23.7535424222,0.9279712117,0.5061895284,585,0.2056248511,0.4680510861,23.7031388346,-0.672537101,0.0027989643,0.4871231265,0.5084783825,-0.6805260673,5e-05,0.0001236979,0.1224876183,0.319858478,23.6768050015,0.476907403,0.5298365331,0.0403641216,0.6370523163,-0.3398120394,0.1118059966,0.1408624191,168504,0.204970205,7.4384896998,0.2320703125,7.3996321615,0.4686639157,7.4278193505,1772309648.6935818,0.2251912972,0,-23.7743200334,0.0,131.5026092529,0.9231555915,0.0848240196,-0.3406810278,3101.0,23.6808435059,0.315635533,9361.6661546,0,5.6430933892
1e-05,0.5111513646,17.6127791341,15.6277127266,0.0671781281,0.0252222104,0.0107035168,6.9714095052,6.9468375651,17.6370656727,0.8547932421,0.5386352361,586,0.141533909,0.508219612,17.5565938314,-1.0917732588,0.0029462782,0.5256884272,0.5380213075,-1.090643964,5e-05,0.0001302083,0.0812929937,0.2749119622,17.5433579153,0.5122155606,0.5451888113,0.0404863318,0.6293573157,-0.2869151301,0.0974519319,0.1220629377,171371,0.1403523008,6.9751198281,0.1479947917,6.9746419271,0.5079193511,6.9792350175,1772309648.6940815,0.1766265021,0,-17.628340865,0.0,125.8885955811,0.849618538,0.0672474107,-0.28671198,3022.6666666667,17.5689005534,0.2744997612,9361.666655,0,5.4062888563
1e-05,0.5257565396,14.9025846354,15.4783163071,0.0134983278,0.0207788966,0.0107385214,5.7055566406,5.6784326172,14.925169348,0.6766604993,0.5510333676,587,0.0837103162,0.5221220335,14.8620605469,-1.3618859442,0.0011785113,0.5402714344,0.5511706404,-1.3613632957,5e-05,5.20833e-05,0.0926736576,0.2323057051,14.8319121045,0.5268385701,0.5627545317,0.0400997869,0.6116797519,-0.2420756384,0.0844573327,0.090879702,171371,0.0828475159,5.7184212438,0.11,5.7102832031,0.5229379426,5.7117288557,1772309648.694582,0.1485889339,0,-14.914112031,0.0,114.6605682373,0.681398863,0.0453111003,-0.2453155258,2866.0,14.8628727214,0.2313820935,9361.6676556,0,5.0073646529
1e-05,0.5343593723,13.3242447917,15.0729031563,-0.0344717693,0.0255199245,0.0105695717,6.2729296875,6.2365283203,13.3097849355,0.8035318119,0.5552566325,588,0.1048162113,0.5304783963,13.2990234375,-1.3087787678,0.0013258252,0.5273206117,0.5546234845,-1.3091906599,5e-05,5.85938e-05,0.1528387162,0.2314838086,13.2593277055,0.5345296824,0.5477275033,0.0389765127,0.612610404,-0.2571662689,0.0824048826,0.1224382557,171371,0.1035661344,6.2682954723,0.0980078125,6.2739485677,0.52896678,6.2978806457,1772309648.6950858,0.1299330412,0,-13.3366994105,0.0,114.6605682373,0.8016392307,0.0848773449,-0.2572004393,2866.0,13.288984375,0.2306183753,9361.6681582,0,5.6591477553
1e-05,0.5035774065,18.2739941406,15.2472686768,0.0964730532,0.0281401575,0.0106978981,6.3519010417,6.3326041667,18.3083796759,0.8245698579,0.5384001465,589,0.1085099798,0.501026053,18.214987793,-1.1052803445,0.0015947701,0.5319567093,0.5397496555,-1.1028624022,5e-05,7.8125e-05,0.0651547966,0.2944594306,18.2043486841,0.5022500646,0.5490037736,0.0394023005,0.6354379028,-0.2990624213,0.0972572807,0.1000387809,171371,0.110615602,6.3735497125,0.1466666667,6.3568489583,0.5022638533,6.3603142075,1772309648.6955826,0.1837010466,0,-18.282623605,0.0,114.6605682373,0.8285793907,0.0557970162,-0.3001283652,2866.0,18.2377744548,0.2935160755,9518.4677793,0,5.2770306327
1e-05,0.4905374822,19.8389896647,14.405395031,0.0550859102,0.0231475716,0.0103252641,7.0786002604,7.0487858073,19.8671446069,0.8979225183,0.5239408445,590,0.1633131954,0.490284067,19.7732226562,-0.876025437,0.0023570226,0.5034948609,0.5242515794,-0.8756304695,5e-05,0.0001041667,0.1215325251,0.309930382,19.7797745969,0.4910917553,0.5349056597,0.0370236937,0.6279316885,-0.3102230489,0.0986693582,0.1237408179,172230,0.1644955608,7.0970073858,0.18,7.085452474,0.4901058777,7.100220673,1772309805.5004275,0.1904598284,0,-19.8481638577,0.0,16.4604930878,0.8970913729,0.0882442293,-0.3112466047,858.0,19.7980436198,0.3099031171,9518.4677793,0,5.2235850268
1e-05,0.4817888386,21.8169742839,14.8947656155,0.120585104,0.0284778432,0.0104083721,6.9870052083,6.946171875,21.8262810409,0.8972879824,0.5194592847,591,0.1560797195,0.4786103115,21.785452474,-0.8503358614,0.0025043365,0.5136322202,0.5215240098,-0.8457661963,5e-05,0.0001106771,0.0783421494,0.3275738823,21.7242998841,0.4835565751,0.544492185,0.0385747989,0.6390445515,-0.3381955445,0.1073135841,0.1125172139,172230,0.155787597,6.9843115505,0.1960677083,6.9606119792,0.4786376986,6.9641425773,1772309805.5008497,0.2131997103,0,-21.8248527031,0.0,16.4604930878,0.8998290338,0.0630230104,-0.3381995526,858.0,21.7447526042,0.3267448838,9518.4683575,0,5.2293435144
1e-05,0.4943336881,19.7098236084,14.4943358898,0.0746910441,0.0234946317,0.0102289685,6.7931445313,6.7780045573,19.7072428518,0.854649949,0.526824161,592,0.1400184722,0.4914843762,19.6381612142,-0.9608211764,0.0035355338,0.5164569218,0.5269477742,-0.9640317138,5e-05,0.00015625,0.0898656359,0.3002649271,19.6111777388,0.4946220126,0.5478475136,0.0374409374,0.6279479549,-0.3081515567,0.1030779792,0.1031145739,172230,0.1403181747,6.83022961,0.1786848958,6.7992285156,0.4913873299,6.8031686934,1772309805.5014277,0.1915099128,0,-19.7154551986,0.0,16.4604930878,0.8516679773,0.0604333907,-0.3098798461,858.0,19.6712947591,0.2985822444,9518.4697168,0,5.1407875871
1e-05,0.4997789301,18.4184375,15.0336582661,0.0315111297,0.0254583093,0.0104014214,6.477405599,6.4370279948,18.4492416649,0.8582696982,0.532015381,593,0.1391558061,0.4948175628,18.3701692708,-0.9987615658,0.0014731391,0.5152620766,0.5323370689,-1.0016599083,5e-05,6.51042e-05,0.1178834438,0.2960835813,18.3688557451,0.5001636551,0.5424045447,0.0389249706,0.6278417741,-0.3056353786,0.0930921626,0.1198694166,172230,0.1349945134,6.4907270677,0.16,6.466656901,0.4958766596,6.4948075412,1772309805.5024278,0.1769356534,0,-18.4275557103,0.0,16.4604930878,0.8595186082,0.0871536915,-0.3096845979,858.0,18.3672998047,0.2971749597,9518.4697168,0,5.0835578616
1e-05,0.5074756565,17.2024902344,14.5064184666,0.03565838,0.0273258884,0.0102686699,6.3260253906,6.2743033854,17.2118900051,0.8244129443,0.5373384744,594,0.116470127,0.5033342997,17.1701302083,-1.0858007752,0.0013258252,0.51937568,0.5384138404,-1.0818268692,5e-05,5.85938e-05,0.1275911329,0.2736725194,17.1312372105,0.5065095708,0.5441352485,0.0374071773,0.6250655397,-0.2877793626,0.0902315049,0.1192235306,172230,0.1144651881,6.3094560074,0.1466666667,6.2903450521,0.5044461403,6.3200843996,1772309805.502787,0.1679531036,0,-17.2197969327,0.0,16.4604930878,0.8288333128,0.0765057086,-0.2921634587,858.0,17.168581543,0.2749612799,9518.4703575,0,5.5869888785
1e-05,0.5557862156,9.1213993327,14.9159348011,-0.0676919599,0.0212506009,0.0104899939,4.9714713542,4.9447379557,9.1491308654,0.5905596786,0.5708259674,595,0.0243482125,0.5515068435,9.1022957357,-1.6654126859,0.0017677669,0.5528974909,0.5715429903,-1.6658240052,5e-05,7.8125e-05,0.1262106112,0.1659448471,9.0688357007,0.5561796208,0.571869915,0.0385836442,0.5932863879,-0.1993565497,0.0731203564,0.0940870832,172230,0.024764232,4.9789227396,0.0526692708,4.9838183594,0.5522121721,4.9650786493,1772309805.5034277,0.0975348276,0,-9.1413893938,0.0,16.4604930878,0.5915753117,0.0725516877,-0.1971976651,858.0,9.1117757161,0.1655815738,9518.4708575,0,5.1941918645
1e-05,0.4931012579,21.8594986979,14.9623174667,0.1561147182,0.0286529886,0.010451839,7.1301041667,7.1090104167,21.864928085,0.9005831065,0.5244794201,596,0.1338259867,0.4815758905,21.8063142904,-0.8861615777,0.0029462782,0.5221971062,0.5231437596,-0.8868209211,5e-05,0.0001302083,0.0435744936,0.2999785261,21.723997885,0.4933550466,0.5457041169,0.0386378574,0.6453090433,-0.3331526307,0.1049847404,0.1434973605,172230,0.1340085804,7.1276583831,0.1913802083,7.1497786458,0.4829102504,7.1114328424,1772309805.5039277,0.2177130181,0,-21.868309203,0.0,16.4604930878,0.8973509747,0.0545360529,-0.3354579023,858.0,21.7926167806,0.2981992773,9518.471358,0,6.0976453231
1e-05,0.4843552264,22.1654573568,14.4951028824,0.0855816724,0.0248860786,0.0101978437,7.2436197917,7.211891276,22.180322784,0.9349889422,0.5152458271,597,0.1835831474,0.4731818982,22.0986711629,-0.7411693888,0.0028597798,0.49286762,0.5144729495,-0.7359237498,5e-05,0.0001302083,0.1224280833,0.3065825809,22.0710960176,0.4833921382,0.5329990845,0.0374713763,0.6378396934,-0.3448263192,0.1039852915,0.1216869464,172230,0.1875613861,7.2633518491,0.2120572917,7.2391992187,0.4740919099,7.2511954145,1772309805.5044284,0.2130546687,0,-22.1784328114,0.0,16.4604930878,0.9395551613,0.0878381299,-0.3467383176,858.0,22.1029239909,0.3062137204,9518.4718579,0,5.076699206
1e-05,0.5056986386,18.0999153646,14.5368955135,0.0390431005,0.0263877825,0.0102694678,6.7632877604,6.7311165365,18.1068530222,0.8666595668,0.5348653928,598,0.1326937896,0.5013680717,18.0515852865,-1.0238856707,0.0016812685,0.5118685739,0.5351973625,-1.0255743291,5e-05,7.8125e-05,0.1239147916,0.2735008576,18.0031689439,0.5074561857,0.5419644018,0.037524356,0.6255567844,-0.3044702733,0.0912727591,0.1170844986,172230,0.1266576889,6.7589862323,0.1556119792,6.754202474,0.5012623217,6.7663309973,1772309805.5049284,0.1760681279,0,-18.1053582921,0.0,16.4604930878,0.8644712708,0.0913390935,-0.3041523039,858.0,18.0394087728,0.270805748,9518.4723576,0,5.2226279361
1e-05,0.4939544324,20.9859729004,14.4006118774,0.0865129208,0.0211095946,0.0102784109,6.8853971354,6.8433007812,21.0029566636,0.8607161216,0.5229363679,599,0.1467950687,0.4848421961,20.9580013021,-0.9034369884,0.0020623947,0.5080085197,0.5228839128,-0.9067161658,5e-05,9.11458e-05,0.1031350458,0.2948301094,20.8914806639,0.492971239,0.5469676206,0.0370698698,0.6303134099,-0.3215369336,0.1002747615,0.1241366421,172230,0.1482763461,6.8812402543,0.1920052083,6.864046224,0.4857280643,6.8726898673,1772309805.5049284,0.2041884589,0,-20.9973496288,0.0,16.4604930878,0.8641318799,0.068804539,-0.3202641348,858.0,20.9002449544,0.2951570296,9676.0173068,0,5.5770568306
1e-05,0.503196196,19.4073697917,14.5141806602,0.0742621982,0.0250237897,0.0104101793,6.7773697917,6.73890625,19.4202291058,0.8638431462,0.5318105917,600,0.1371127082,0.4937659409,19.3071451823,-0.998416949,0.0022097087,0.5194050599,0.5320989076,-1.0023236665,5e-05,9.76562e-05,0.094516298,0.2826988748,19.3031144781,0.5037588133,0.5466601121,0.0372872376,0.6306061095,-0.3164035189,0.0950053134,0.1332154625,175833,0.1389432103,6.769871159,0.1654557292,6.7710026042,0.4939656006,6.770902093,1772309963.0550442,0.1913643988,0,-19.413562041,0.0,109.8398590088,0.8661051235,0.0651301971,-0.317574092,3602.0,19.4014546712,0.2792996938,9676.0178095,0,5.8758539159
1e-05,0.5258736978,15.0272265625,14.6729133129,0.0243428631,0.0236829136,0.0104998899,6.1564290365,6.1209651693,15.0402753969,0.7741202891,0.5474726818,601,0.1059099092,0.5177208327,14.9972200521,-1.2480199321,0.0037179803,0.5305321081,0.5478478613,-1.245850355,5e-05,0.0001757812,0.1147777398,0.2315300123,14.9481291392,0.5258917116,0.5511440858,0.0378269704,0.6167963735,-0.2672400332,0.0929963293,0.11416368,175833,0.107206544,6.1674587904,0.1192447917,6.1489908854,0.5176032762,6.1474576805,1772309963.0555449,0.1526708265,0,-15.0350285984,0.0,109.8398590088,0.775683858,0.0772126741,-0.2688261639,3602.0,14.9885709635,0.2305925726,9676.0181673,0,4.9843078982
1e-05,0.5146809452,16.4660253906,14.2391839027,0.0047948636,0.0255940567,0.0103343598,6.6345410156,6.5787434896,16.4889222332,0.831449712,0.5388724989,602,0.1289847852,0.5081240149,16.4045179749,-1.0972815615,0.0020623947,0.5145198841,0.540048357,-1.0965072882,5e-05,9.11458e-05,0.1433447272,0.2500106585,16.3835737421,0.5130326352,0.544206816,0.0365619906,0.6202463877,-0.2816225149,0.0923224889,0.1141403153,175833,0.1263660473,6.6256007379,0.1427864583,6.6024267578,0.5092179777,6.6135070784,1772309963.0560477,0.164199333,0,-16.4790694749,0.0,109.8398590088,0.8323642149,0.0940017062,-0.2818116555,3602.0,16.4444466146,0.2537070212,9676.018671,0,4.6846938701
1e-05,0.5290864248,13.8510530599,14.5616161823,0.0022584003,0.0219362921,0.0102989737,5.7095865885,5.6657845052,13.8809688886,0.6897749809,0.5505989617,603,0.0856560472,0.5232945271,13.8323917643,-1.3512455147,0.0013258252,0.5367218004,0.5515877644,-1.3520173008,5e-05,5.85938e-05,0.1080545511,0.211598443,13.7870961859,0.5287035873,0.5569118203,0.0375594354,0.6157109191,-0.2468516445,0.083771223,0.1072676492,175833,0.0863761204,5.7060287854,0.11,5.6884733073,0.5234727903,5.6961883177,1772309963.0564055,0.1398661486,0,-13.8602453497,0.0,109.8398590088,0.6901212857,0.0660025475,-0.2476721611,3602.0,13.81196757,0.2091136973,9676.0191707,0,5.2551094551
1e-05,0.5273058111,15.249156901,14.6207306385,0.0065413384,0.0222797539,0.0102115361,6.3513639323,6.3054557292,15.275131544,0.7565669648,0.546134163,604,0.0884587412,0.5166292729,15.2030297852,-1.2349237557,0.0017677669,0.5281528594,0.5472773329,-1.2343729166,5e-05,7.8125e-05,0.1303141918,0.2151244374,15.1762610381,0.5257504275,0.5489168492,0.037789433,0.6153067189,-0.2645372901,0.0856145307,0.1205034757,175833,0.0893835887,6.3517896667,0.1226171875,6.333203125,0.5169294534,6.3568907948,1772309963.056909,0.1508040746,0,-15.2628405841,0.0,109.8398590088,0.7621169698,0.0816091134,-0.2631762219,3602.0,15.2135481771,0.2152987029,9676.0191707,0,5.02958557
1e-05,0.529047883,14.2067529297,14.5993125439,-0.0301160105,0.0224152549,0.0102252372,5.7662239583,5.7196679687,14.1975580567,0.7045814316,0.5493527123,605,0.0775606436,0.5165285709,14.1476505534,-1.2957451413,0.0011785113,0.5246893405,0.5483821857,-1.2958779472,5e-05,5.20833e-05,0.1415965071,0.2030181714,14.1188670529,0.5278652892,0.5511249168,0.0377569699,0.6110977696,-0.2637085218,0.0881729132,0.1097133095,175833,0.080661,5.783629222,0.1166666667,5.7394726563,0.5172848628,5.7599607178,1772309963.0574088,0.1407098481,0,-14.2172619234,0.0,109.8398590088,0.7055982728,0.0863502468,-0.2630164963,3602.0,14.1646142578,0.2028836057,9676.0196704,0,4.9521294066
1e-05,0.5077458307,18.1246004232,14.5712430477,0.0579663914,0.0261511561,0.0104961395,6.2927539062,6.2591861979,18.1156310965,0.7624655099,0.5359684834,606,0.1160558999,0.4980919927,18.0628438822,-1.1122788274,0.0030935921,0.525988185,0.536380106,-1.1105931878,5e-05,0.0001367188,0.0887113994,0.2526488719,18.0123604523,0.5073914908,0.5513270223,0.0373929636,0.6260166512,-0.2903271969,0.0982289462,0.1402156028,175833,0.1129077951,6.322378543,0.1566666667,6.3013183594,0.4999648901,6.2875387626,1772309963.0579085,0.1787982571,0,-18.1304238352,0.0,109.8398590088,0.7672096076,0.0500593489,-0.2918571402,3602.0,18.0678011068,0.2495071894,9676.0206703,0,5.4783207485
1e-05,0.5327761197,14.0907470703,15.2878272533,-0.0231501893,0.0233256844,0.0106443342,5.835218099,5.8104101562,14.1082691983,0.7285245325,0.5538839135,607,0.0939775401,0.5218026343,14.0322591146,-1.3222013359,0.0025651519,0.5308516918,0.5536569968,-1.3276767053,5e-05,0.0001171875,0.128755562,0.2115308106,14.0274210113,0.5312120836,0.5550499126,0.0395867141,0.6090831459,-0.2650259548,0.0841164923,0.1268510109,175833,0.0953858485,5.8476091136,0.1087760417,5.858733724,0.5219075421,5.8473454436,1772309963.0584083,0.1393413724,0,-14.1064776907,0.0,109.8398590088,0.7282276851,0.0803372132,-0.2604954799,3602.0,14.0805143229,0.2106206255,9676.0211716,0,5.0625928401
1e-05,0.5293699818,14.4299169922,15.3841650486,0.0368645053,0.0251738506,0.0106617975,5.9946549479,5.9566113281,14.4402999047,0.771409539,0.5536145987,608,0.095005861,0.5197544204,14.4258919271,-1.3101800975,0.0015339546,0.5391403042,0.5531920117,-1.3124880157,5e-05,7.16146e-05,0.0934747759,0.2317147133,14.337166392,0.5289140339,0.5531708908,0.0398964508,0.6202622511,-0.2783167063,0.0866403275,0.1134500312,175833,0.0926429826,5.9960798875,0.1061197917,5.9811783854,0.51901873,5.9881043818,1772309963.0589085,0.147220534,0,-14.443367372,0.0,109.8398590088,0.7633660092,0.0655800372,-0.2790414536,3602.0,14.3675585937,0.2321230109,9676.02167,0,4.3572089461
1e-05,0.5228662835,16.1416785685,15.1736311913,0.0424337861,0.0236215951,0.0104405578,6.1951529948,6.1643066406,16.1561905837,0.7435489753,0.5488490411,609,0.0919409212,0.51669556,16.1187027995,-1.2649609041,0.0020623947,0.537593833,0.5483503889,-1.2646660237,5e-05,9.11458e-05,0.0823975147,0.2327594087,16.0505683412,0.5249670311,0.5588418406,0.0394571853,0.6228055517,-0.265624552,0.0885471316,0.0990532474,175833,0.0929535246,6.1962282176,0.1280598958,6.1852148437,0.5175797707,6.1967797337,1772309963.0594099,0.1619226898,0,-16.1595520165,0.0,109.8398590088,0.7424634097,0.0483333682,-0.2683450552,3602.0,16.1014786784,0.2310365025,9833.9181418,0,4.9788358211
1e-05,0.5031119281,19.7940926107,15.8860552311,0.087619062,0.0298531203,0.0108200876,6.3320572917,6.3144921875,19.8237006072,0.8003583399,0.5332440418,610,0.1192997686,0.4963781889,19.7296549479,-1.0549481636,0.001620453,0.5269904859,0.531249387,-1.0535813181,5e-05,7.16146e-05,0.0732005062,0.2702722114,19.719157961,0.5038502594,0.5486657084,0.0412651459,0.633810994,-0.2923568718,0.0941675759,0.1052041014,178805,0.1213875947,6.3442182543,0.1659765625,6.34296875,0.4966217918,6.3439557552,1772310120.9615593,0.1908250517,0,-19.8000484705,0.0,12.0102729797,0.7988421524,0.0459498698,-0.2911632233,334.0,19.7642610677,0.2700653046,9833.9186418,0,5.4576214408
1e-05,0.5100811974,18.7650773112,14.6170518398,0.0933258576,0.0257333025,0.0103764892,7.038359375,7.0265885417,18.7839326021,0.8348064678,0.5384979879,611,0.1255689204,0.5048248387,18.7351713053,-1.0782408607,0.0042721034,0.530961718,0.5375917099,-1.0780206291,5e-05,0.0001888021,0.0548825095,0.2706914988,18.6598840654,0.5102049384,0.5525720818,0.0377007476,0.6330304988,-0.2870297455,0.100074299,0.1070097888,178805,0.1238976337,7.0564384838,0.1602604167,7.0501822917,0.5054173347,7.0417794681,1772310120.9620593,0.1873567084,0,-18.7725542968,0.0,12.0102729797,0.8313538929,0.0485976003,-0.2863281605,334.0,18.7001432292,0.2704181824,9833.9191418,0,5.3915220606
1e-05,0.5052389311,18.9927832031,14.6039824486,0.0512369398,0.0221557502,0.0103204656,6.9136132812,6.8847102865,18.9908054796,0.8442327578,0.5343382086,612,0.1441312468,0.4987980736,18.8849454753,-1.0227100664,0.0026516504,0.5144350033,0.5356618901,-1.0198061228,5e-05,0.0001171875,0.1090711904,0.2753384162,18.9080464689,0.5059417864,0.5467961818,0.0376649157,0.6275787527,-0.3023504625,0.1002736167,0.1457551457,178805,0.14167868,6.942876232,0.1674869792,6.921578776,0.4988757657,6.9344522302,1772310120.9625592,0.1823276835,0,-19.0003962262,0.0,12.0102729797,0.8480073067,0.0615514292,-0.3012152378,334.0,18.9830517578,0.2738746355,9833.9196431,0,5.2483487152
1e-05,0.5300473707,13.5988932292,14.5393791199,-0.0153200543,0.0213673066,0.0104360429,5.8068359375,5.7410091146,13.6328692626,0.705653972,0.5516209322,613,0.1023867077,0.522672429,13.5722200521,-1.3610550027,0.0019758963,0.5367635777,0.5509436602,-1.3613383816,5e-05,9.11458e-05,0.1272785609,0.2248184207,13.5492161221,0.5299460441,0.5577726031,0.0373318982,0.6110178273,-0.2529556244,0.0831376886,0.1144628433,179507,0.1042031264,5.7931906019,0.1033333333,5.7483528646,0.5245577529,5.7851632897,1772310120.9630604,0.132932718,0,-13.6156413538,0.0,11.8010387421,0.7088397565,0.0611787265,-0.2552559629,336.6666666667,13.5786588542,0.222707825,9833.9201428,0,4.7631931737
1e-05,0.5124016961,16.8026041667,14.3719432354,0.0217493184,0.0232728956,0.0102696347,6.4717252604,6.4415039063,16.826203722,0.8216793155,0.5415516742,614,0.1407803887,0.508374076,16.7508072917,-1.1415849065,0.0022097087,0.5202239148,0.5418521893,-1.1529733353,5e-05,9.76562e-05,0.1153767762,0.2694764045,16.7156999479,0.5126675022,0.5517176663,0.0370537925,0.6218638319,-0.2888929968,0.0887980628,0.1048327621,179507,0.140343391,6.4716283356,0.1416796875,6.4715429687,0.5081859583,6.4721481881,1772310120.9630604,0.1667005413,0,-16.8155202798,0.0,11.6964216232,0.8215187589,0.0700693532,-0.2887688863,338.0,16.7697330729,0.2681211222,9833.9206419,0,4.9371791273
1e-05,0.519572252,15.5976920573,14.6773569584,0.0345149971,0.023055707,0.0108295306,5.7028515625,5.6746305339,15.6213108231,0.6985325376,0.5477532054,615,0.1054710704,0.5169392799,15.5550423177,-1.2928457383,0.0014731391,0.5354400456,0.5467022521,-1.2891637448,5e-05,6.51042e-05,0.0963376867,0.2394320671,15.5257977843,0.5199824047,0.5582552072,0.0374730921,0.6162402089,-0.2544738028,0.0870571999,0.114181941,179507,0.1077982618,5.7222718974,0.1233333333,5.7175065104,0.5161085063,5.7141473455,1772310120.96356,0.1561062062,0,-15.6069094691,0.0,11.6964216232,0.7019197498,0.0562494877,-0.2537559214,338.0,15.5681640625,0.2426249042,9833.9211419,0,5.2820049118
1e-05,0.5252528782,14.6365722656,14.4778761864,-0.0180399637,0.0236642291,0.0103281903,6.4087402344,6.3750374349,14.6371038067,0.8062256996,0.5497344468,616,0.1374879579,0.5218904796,14.578264974,-1.2364734134,0.0021232102,0.5213539673,0.5486151972,-1.2370882296,5e-05,9.76562e-05,0.1421214229,0.2502874066,14.552300107,0.5271952957,0.5509315654,0.0372138453,0.6103116031,-0.2658040957,0.0865156348,0.1394283159,179507,0.1405909863,6.4263966695,0.1178255208,6.44765625,0.5209286912,6.4352943974,1772310120.9640594,0.1456877655,0,-14.6468278621,0.0,11.6964216232,0.802066945,0.0912574012,-0.2650974842,338.0,14.604781901,0.2485426948,9833.9216419,0,5.2784739957
1e-05,0.5267360625,13.9698429362,14.7063922882,-0.0151952723,0.0208280312,0.0103597426,5.4594628906,5.4305696615,13.9743859192,0.6753311575,0.5505849556,617,0.1070715229,0.5241908107,13.8926066081,-1.3675339687,0.0014731391,0.5355749673,0.5507047418,-1.3685569139,5e-05,6.51042e-05,0.1130139889,0.2281195004,13.887766141,0.526750299,0.5581500628,0.0378992303,0.6131868535,-0.2407603662,0.0826686209,0.1148391737,179507,0.1089836128,5.4830405836,0.11,5.4701920573,0.5243195791,5.4764175753,1772310120.9645593,0.1410684253,0,-13.9830841209,0.0,11.6964216232,0.6766424368,0.0628302132,-0.2408076568,338.0,13.9849153646,0.2250190171,9833.9231235,0,5.024175062
1e-05,0.512891736,16.8018967692,14.8046617508,0.0508916436,0.0225103287,0.0108867796,6.1241145833,6.0813736979,16.7984613817,0.7313148071,0.5390235305,618,0.1334166772,0.5087516774,16.7697802734,-1.1771613904,0.0020623947,0.5258939459,0.539317052,-1.1765673375,5e-05,9.11458e-05,0.1067782404,0.2458823492,16.7021244564,0.5138122851,0.5507652624,0.0377453772,0.6227574486,-0.262012938,0.0964355172,0.1259937942,179507,0.136240476,6.1382074005,0.1461458333,6.1055794271,0.5078534395,6.1097689608,1772310120.9660592,0.1684707272,0,-16.8124468856,0.0,11.6964216232,0.7262246115,0.069413271,-0.2627147359,338.0,16.7480627441,0.2444445445,9833.9236432,0,5.3519529236
1e-05,0.5110599172,17.173811849,14.6958546638,0.0307080746,0.0237722365,0.0104109414,6.3215690104,6.2958349609,17.1970481681,0.767426003,0.5403916876,619,0.1496192512,0.508528994,17.1388745117,-1.1425634405,0.0017677669,0.5202422553,0.5381602794,-1.1433721868,5e-05,7.8125e-05,0.1254741187,0.2588509832,17.0954516749,0.5108964489,0.547445314,0.0379233885,0.6244430552,-0.2620818215,0.0909343613,0.128928092,179507,0.1481001298,6.3333859377,0.1459375,6.3431119792,0.5096559054,6.3241319434,1772310120.966541,0.1677057016,0,-17.1845554371,0.0,11.6964216232,0.7653690792,0.0750453212,-0.2603997169,338.0,17.1160221354,0.2611164726,9990.3367711,0,5.6426505072
1e-05,0.4823954409,21.8896484375,14.8115744591,0.1114458111,0.0271918931,0.0104174852,7.2718945313,7.2378385417,21.891079595,0.8978213478,0.5198717699,620,0.1942366955,0.4821577947,21.7973388672,-0.8157350302,0.002417838,0.5056634637,0.5198167839,-0.8183703319,5e-05,0.0001106771,0.0983968885,0.3222895903,21.7713119762,0.4831288077,0.5341770664,0.0382802161,0.6422829487,-0.3111379778,0.1058669706,0.1653050121,179507,0.1921983429,7.2909085121,0.2020182292,7.2763216146,0.4828118268,7.2705825012,1772310277.3848193,0.2116393715,0,-21.9009470208,0.0,11.6964216232,0.8967129747,0.0644914038,-0.3121959162,338.0,21.8492195638,0.3226972206,9990.3372711,0,6.2614475873
1e-05,0.5032490267,17.6307539876,14.5362653732,0.0167663605,0.021987186,0.0101795212,6.4997363281,6.4659895833,17.6387488386,0.7872623097,0.5299650266,621,0.1644198824,0.5034740428,17.5551861572,-1.0656391365,0.0022097087,0.512909786,0.5327965055,-1.06655869,5e-05,9.76562e-05,0.1290893197,0.2808311332,17.541328842,0.5040633828,0.5464995398,0.0376252739,0.6213301351,-0.2622127411,0.0950616566,0.1399212692,179507,0.1646265381,6.5069221063,0.1594401042,6.5179947917,0.5040743075,6.4961361509,1772310277.3853192,0.1734981422,0,-17.641769435,0.0,11.6964216232,0.7874482145,0.0824528354,-0.2651979774,338.0,17.5990799967,0.2802595301,9990.3377706,0,5.5909699283
1e-05,0.5254541331,13.7628450521,14.6101460457,-0.0498490351,0.0206836514,0.0103196772,5.9952799479,5.9510286458,13.7803260294,0.7283159917,0.5490131442,622,0.1376040115,0.5290540483,13.7041959635,-1.2891632307,0.001620453,0.5172003762,0.5501939782,-1.2844768971,5e-05,7.16146e-05,0.1734212981,0.2367602818,13.7000838456,0.5247497109,0.5507715408,0.0376952378,0.6036781852,-0.2147171621,0.0829322306,0.1285624333,179507,0.1371137892,6.0101311624,0.1127864583,5.991468099,0.5292329661,6.0135494306,1772310277.3858192,0.1355990199,0,-13.7748675555,0.0,11.6964216232,0.7313605946,0.0954493531,-0.218040151,338.0,13.7460807292,0.2376871773,9990.3382716,0,5.0307548088
1e-05,0.5378426531,11.6729890951,14.6977567673,-0.0551309132,0.0235422677,0.010347209,5.7098828125,5.6548160807,11.6814704369,0.6759151459,0.5590043957,623,0.1133976755,0.5409183919,11.6627832031,-1.4251648628,0.0022097087,0.5312162223,0.5572857244,-1.4236915762,5e-05,9.76562e-05,0.1528481439,0.2101858973,11.6003473291,0.5377702772,0.551219647,0.0378442891,0.6054494026,-0.1877008711,0.0805162486,0.1062942306,183092,0.1121724932,5.6926480856,0.0866666667,5.6767903646,0.5405827486,5.6802916471,1772310277.3863187,0.1179538964,0,-11.6889865094,0.0,77.7782271703,0.6741093522,0.0746939728,-0.1835894733,2502.0,11.6242952474,0.2111707891,9990.338771,0,4.2000806899
1e-05,0.5160078724,15.4627571615,14.5896222591,0.0006979967,0.0256364795,0.0108522121,6.0400911458,5.9923763021,15.4875637588,0.7333061255,0.5425565516,624,0.1445506879,0.5196885358,15.424995931,-1.2167110573,0.0019150808,0.5178788387,0.5420905615,-1.2146982895,5e-05,8.46354e-05,0.1341707263,0.2530187026,15.3791963923,0.5167358803,0.5503146057,0.0371255294,0.6128236628,-0.2274415947,0.086781444,0.1301889932,183092,0.1425799977,6.0292877426,0.1327213542,6.0226611328,0.5201917513,6.0167664693,1772310277.3868196,0.1567220626,0,-15.4727693043,0.0,110.8191299438,0.736207188,0.0765698667,-0.2255791503,3584.0,15.441155599,0.2496736208,9990.339271,0,5.7905003673
1e-05,0.5279250134,13.1135164388,14.2818276882,0.049884454,0.0290775195,0.010318745,5.6974739583,5.6608854167,13.1700335909,0.7088380354,0.5575514001,625,0.1012785035,0.5363558882,13.127430013,-1.4253273658,0.0030679092,0.5558155478,0.5566145338,-1.4322218549,5e-05,0.0001432292,0.0572799062,0.2572546904,13.0581398891,0.5287019858,0.5589892531,0.0366575178,0.6189122538,-0.2159628458,0.0853589371,0.0997330245,183092,0.1029652581,5.7024268506,0.09,5.6872526042,0.5354296024,5.6891427344,1772310277.387319,0.1399082494,0,-13.128288853,0.0,110.8191299438,0.7053233012,0.0381610049,-0.2153216612,3584.0,13.0539331055,0.253347477,9990.3397727,0,4.7993425139
1e-05,0.501692904,17.8878466797,14.6490499973,0.0766364092,0.0242391733,0.0105826918,6.2559375,6.2188020833,17.8871102541,0.7825200033,0.5377218752,626,0.1315697811,0.5069759526,17.8311319987,-1.1317125889,0.0025651519,0.5329132311,0.5369013846,-1.1236894194,5e-05,0.0001171875,0.0678381856,0.2951455505,17.7646920807,0.5016896636,0.5525075306,0.0375438968,0.6278840806,-0.2633019674,0.0930121928,0.1110880691,183717,0.1317365082,6.2508707621,0.15,6.2385286458,0.5074898882,6.2343886604,1772310277.388321,0.1797223828,0,-17.8995485047,0.0,77.9083579381,0.7858373305,0.0510974133,-0.2626562172,2490.0,17.8287386068,0.2955648579,9990.3402718,0,5.2272632682
1e-05,0.5076570396,17.5675960286,14.5474119186,0.082742704,0.0268886949,0.0105319389,6.544436849,6.5103613281,17.6078104138,0.8171462967,0.5394637782,627,0.1177420138,0.5057811203,17.5196691895,-1.1061436109,0.0019758963,0.5289196104,0.5395983737,-1.1061955468,5e-05,9.11458e-05,0.0772066989,0.2867251431,17.4870360039,0.5075408284,0.5474963937,0.0372633799,0.6337666106,-0.2820430617,0.0940462071,0.1285167928,183717,0.121186074,6.5373096957,0.1519010417,6.5465592448,0.5058066351,6.5324834372,1772310277.38882,0.178075834,0,-17.5816214317,0.0,12.0868139267,0.8183821856,0.0602357514,-0.2810114696,302.0,17.5442862956,0.2856474634,9990.3407717,0,6.3077562315
1e-05,0.5217471016,14.0812353516,14.5905296803,0.0275732224,0.0269444271,0.0104678837,5.984547526,5.9626171875,14.108612611,0.7595338129,0.5532140911,628,0.0897838046,0.523421098,14.0523868815,-1.328425583,0.0026259674,0.5454382619,0.5522712193,-1.3288503691,5e-05,0.0001236979,0.0821265749,0.2686914391,13.9973575168,0.5227053493,0.5571530731,0.0374920313,0.6216620221,-0.254294176,0.0877726139,0.1044376701,183717,0.0910336066,6.0050844312,0.1087239583,5.9963346354,0.5251235777,5.9901220383,1772310277.38932,0.1458512035,0,-14.0956841059,0.0,12.0868139267,0.7620939741,0.0485349162,-0.2540853586,302.0,14.0594580078,0.2679856031,9990.3412722,0,5.1026549957
1e-05,0.5137097576,14.4169215902,14.573302269,-0.0298106924,0.0256978387,0.010228978,5.9903515625,5.9597981771,14.4337024208,0.8251442335,0.5470080562,629,0.1296508706,0.5117993647,14.3826806641,-1.1627067209,0.0011785113,0.5158321709,0.5459422085,-1.1583771723,5e-05,5.20833e-05,0.1588257179,0.279138374,14.3380607027,0.5127031676,0.5415428688,0.0376509023,0.6172822779,-0.2732122994,0.082054884,0.1204832075,183717,0.129898323,5.9958633759,0.1266666667,6.0096744792,0.5129516821,5.9965624729,1772310277.38932,0.1426462831,0,-14.4286667851,0.0,12.0868139267,0.8285664636,0.0933448313,-0.2736287778,302.0,14.3863671875,0.2788433687,10150.2106528,0,5.4663021397
1e-05,0.4929090488,18.0855208333,15.3380589485,0.0557067229,0.02518494,0.0106791004,6.4715169271,6.4408463542,18.1154036125,0.8839956925,0.5339868639,630,0.1423538111,0.4931109048,17.9872558594,-0.99493084,0.0014731391,0.5158959241,0.5353263909,-0.9956692771,5e-05,6.51042e-05,0.1171484572,0.3168878503,17.9683479718,0.4927629472,0.5433385021,0.0397391685,0.6274302258,-0.3171965135,0.0943524841,0.1452028403,184646,0.141588633,6.4935969245,0.1633333333,6.4851888021,0.4923002661,6.4677879355,1772310437.263945,0.185778874,0,-18.0976693506,0.0,35.684841156,0.8865671136,0.0738273337,-0.3170430696,928.0,18.088844401,0.3192778364,10150.2121581,0,5.3122628875
1e-05,0.5123627025,15.1503434245,15.2517943382,0.0604881797,0.0266118561,0.0104952327,5.9076660156,5.871891276,15.1743081464,0.7895319322,0.548287038,631,0.0902557019,0.5114921482,15.1308251953,-1.2298684963,0.0030070937,0.5400397005,0.5485851492,-1.2347555296,5e-05,0.0001367188,0.0781541756,0.2868762054,15.0539955607,0.511359403,0.5534350934,0.0396571851,0.6249637272,-0.285785526,0.090026834,0.1493268162,184646,0.088299947,5.9273260712,0.1233333333,5.9185677083,0.5105534514,5.9028281915,1772310437.2654505,0.1558566816,0,-15.1677181909,0.0,35.684841156,0.7900894824,0.0475752777,-0.2840364144,928.0,15.0893815104,0.2858907233,10150.2126579,0,6.046440664
1e-05,0.5028692801,16.806636556,15.5914053917,0.0691760008,0.02443817,0.0110425456,6.5690364583,6.5290885417,16.8250237625,0.8377815435,0.5407069887,632,0.1193141098,0.5051182151,16.7611714681,-1.1202145231,0.003362537,0.5327780346,0.5411762468,-1.1200720112,5e-05,0.00015625,0.0783145689,0.3026344297,16.6972023714,0.5047005853,0.5526410118,0.0402316165,0.6249680042,-0.2940754772,0.0945476065,0.1249887257,184646,0.1193452449,6.5708414948,0.148515625,6.550078125,0.5045567301,6.549321806,1772310437.2659502,0.1710160767,0,-16.815806874,0.0,35.684841156,0.8339257838,0.048793543,-0.2942478904,928.0,16.7544270833,0.3026569979,10150.2131584,0,5.3079582101
1e-05,0.5174312626,14.7013704427,14.9574391842,0.0290367879,0.0248743312,0.0105306665,6.070859375,6.04921875,14.7169884177,0.7922182428,0.5499408068,633,0.1066514448,0.5167037694,14.6778645833,-1.2783791991,0.0019758963,0.5418174138,0.5500404693,-1.2738011781,5e-05,9.11458e-05,0.0802804224,0.2844908169,14.604334176,0.5162177879,0.5596711712,0.0386157974,0.6172994204,-0.2769569487,0.0862639325,0.1127248999,185371,0.1047396362,6.082825133,0.1153776042,6.0759895833,0.517923218,6.0771946224,1772310437.2664502,0.1505639865,0,-14.7125036546,0.0,18.1309388479,0.7970321804,0.0455082968,-0.2795090055,560.6666666667,14.659173584,0.2852217208,10150.2136584,0,5.2969141841
1e-05,0.5202137228,13.785990804,14.5001232624,-0.0316543791,0.0244006896,0.0103763286,6.0249804687,5.9980501302,13.8015168583,0.8189617659,0.5496725623,634,0.1291392881,0.516475068,13.7525651042,-1.2119801475,0.0013258252,0.5178589272,0.549066731,-1.2136004855,5e-05,5.85938e-05,0.1578105771,0.2653372838,13.7122296593,0.5183990717,0.549329585,0.0373141011,0.611102702,-0.2753266904,0.0836508954,0.1258078638,185371,0.1284122179,6.0352741936,0.1161067708,6.0429622396,0.5168410176,6.0432836501,1772310437.2669506,0.1425655952,0,-13.8039593255,0.0,9.3539876938,0.820497865,0.0901884571,-0.2766338225,377.0,13.7527897135,0.2652578599,10150.2141583,0,4.8147992029
1e-05,0.5015269101,17.6016650391,14.985309124,0.0494578767,0.023151283,0.0109122284,5.9612858073,5.931328125,17.6004660229,0.7973410696,0.5360695794,635,0.1244221774,0.4996644578,17.5587597656,-1.1027367886,0.0015339546,0.5243833004,0.5357770895,-1.1057374426,5e-05,7.16146e-05,0.0954122554,0.2887149506,17.495136975,0.5005752394,0.5499970716,0.0383312686,0.622801376,-0.2958717544,0.0880556579,0.1285089075,185371,0.126909832,5.9710202512,0.1533333333,5.9769401042,0.4986418248,5.9739784455,1772310437.2674506,0.174008644,0,-17.6092874575,0.0,9.3539876938,0.7932839727,0.0455314857,-0.2940657932,377.0,17.5685611979,0.2883606096,10150.2151583,0,6.029714105
1e-05,0.5200174254,14.5261051432,14.456176281,0.0137961386,0.0263042319,0.0102000745,5.8662532552,5.8191975911,14.580541704,0.7417255087,0.5484398311,636,0.0869989079,0.5168261773,14.4833691406,-1.2793954643,0.0016812685,0.535102088,0.5501765263,-1.2816003513,5e-05,7.8125e-05,0.0968488534,0.2512332345,14.4724799788,0.5195072383,0.5556448892,0.0372791028,0.6179272056,-0.2649432926,0.0888338413,0.1301905801,185371,0.0887736981,5.8644978251,0.1226171875,5.8426595052,0.5170188262,5.8380000467,1772310437.2679505,0.1482971909,0,-14.5376580834,0.0,9.3539876938,0.7377685864,0.0526554468,-0.2660426196,377.0,14.4949662272,0.253367286,10150.2151583,0,6.4091097276
1e-05,0.5141753997,15.1713212077,14.8577792645,-0.0312444796,0.0238848605,0.010849971,6.0525032552,6.028507487,15.1883350199,0.800270382,0.5435464541,637,0.120203321,0.5101495055,15.1270126343,-1.1474758385,0.0020623947,0.5086088448,0.5442168468,-1.1457113842,5e-05,9.11458e-05,0.1636498612,0.2535955279,15.0805823502,0.5129789102,0.5437555262,0.037957387,0.6135530813,-0.271896667,0.0854698769,0.1357203033,185371,0.1194520072,6.0715509162,0.1366666667,6.1039941406,0.5097676297,6.0623330226,1772310437.2689505,0.1525492923,0,-15.1831583282,0.0,9.3539876938,0.7958144418,0.0912148538,-0.2747393367,377.0,15.1363330078,0.2561582399,10150.2156586,0,5.2471791033
1e-05,0.5130297243,15.8855110677,14.5180885792,0.0247837881,0.0225234669,0.0102276214,6.0475488281,5.9945898438,15.9074024962,0.7540842184,0.5430826568,638,0.1095854833,0.5130543148,15.8514363607,-1.1947215213,0.0014731391,0.5246786155,0.5430205512,-1.1935527873,5e-05,6.51042e-05,0.1181703821,0.251408096,15.794185256,0.5141835499,0.54834778,0.0374758673,0.6197387727,-0.2639027466,0.088414976,0.1304169849,185371,0.1124521477,6.0457369518,0.1366666667,6.0074316406,0.5112451921,6.0331924869,1772310437.2689505,0.1611596514,0,-15.8994375106,0.0,9.3539876938,0.7522013398,0.0608490816,-0.2626296455,377.0,15.8514139811,0.251946845,10150.2161589,0,5.419195482
1e-05,0.5155796814,15.7577412923,14.5748689175,0.0392824025,0.0237128337,0.0101758949,6.091077474,6.0657910156,15.7775016681,0.7490654421,0.54443304,639,0.1283909298,0.5109624103,15.7048681641,-1.2322188489,0.0022705241,0.534289304,0.5448581505,-1.2223997768,5e-05,0.0001041667,0.0855642459,0.2513957513,15.6587661083,0.5155345874,0.5557011329,0.0376690451,0.6232210366,-0.2668166013,0.090379321,0.1188138964,185371,0.1292443564,6.1208376287,0.1353125,6.1016145833,0.5124939778,6.1099306041,1772310437.269451,0.1631095957,0,-15.7711864392,0.0,9.3539876938,0.7473787686,0.0582685317,-0.269574727,377.0,15.7258447266,0.2553496419,10308.1335592,0,5.4241618844
1e-05,0.4974922464,19.1833813477,15.4641594887,0.0777389037,0.0228606984,0.0111061049,6.4779166667,6.448984375,19.2334640719,0.8004269028,0.5310982054,640,0.1634007069,0.4942057707,19.1448852539,-1.0330989373,0.0021232102,0.5220900932,0.5314590173,-1.0317922874,5e-05,9.76562e-05,0.0736562772,0.2780741058,19.1121093815,0.4983619174,0.5526623193,0.0397761091,0.626605886,-0.3060102175,0.097817133,0.1217867711,185371,0.1648739699,6.5013912948,0.1725911458,6.4771354167,0.4941482232,6.48568772,1772310595.1925192,0.1932350608,0,-19.1968624983,0.0,9.3539876938,0.8016268328,0.0504210285,-0.3044111081,377.0,19.1284765625,0.2752310108,10308.1340578,0,5.8053458955
1e-05,0.5014968699,18.3400813802,14.6005446911,0.0678170352,0.0253769968,0.010239056,6.6116699219,6.603741862,18.3563183676,0.8426499858,0.5347292144,641,0.1637675768,0.4957703701,18.2952832031,-1.0191950059,0.0017677669,0.514198558,0.5347685787,-1.016455839,5e-05,7.8125e-05,0.110343433,0.2806436744,18.2220149412,0.5025717683,0.5414737731,0.0377688456,0.6307909209,-0.3024596486,0.0940396944,0.1149991198,185371,0.1644669183,6.627080581,0.1687369792,6.6456575521,0.4948416968,6.6196203883,1772310595.193018,0.1859342726,0,-18.3512965931,0.0,9.3539876938,0.8435148761,0.0789562952,-0.3044136771,377.0,18.2743269857,0.2798852019,10308.1345575,0,5.2375112854
1e-05,0.5476145636,9.4302913411,14.4591186047,-0.0785736403,0.0242187519,0.0100161576,4.9561002604,4.9339908854,9.452358611,0.6738978287,0.569339454,642,0.0858555383,0.544046284,9.3994842529,-1.5535595443,0.0010311974,0.5433349574,0.5681503724,-1.5490773686,5e-05,4.55729e-05,0.14278862,0.1970230374,9.3611558168,0.5478622767,0.5563333416,0.0374931296,0.5999016662,-0.217892253,0.0725145514,0.1070040505,185371,0.0867592389,4.9672420686,0.0628125,4.9828385417,0.5438842246,4.9663947232,1772310595.193018,0.1036826711,0,-9.444945115,0.0,9.3539876938,0.6731368291,0.0786191043,-0.2182653044,377.0,9.4306807454,0.198597756,10308.1350575,0,5.3422881233
1e-05,0.5218309559,14.3913090007,14.8220603466,0.0086902413,0.0236807434,0.0109304031,5.9906217448,5.9515250651,14.3854890323,0.783311887,0.5521950183,643,0.1107127863,0.5190136674,14.3343261719,-1.2556188932,0.0013258252,0.5236776296,0.552164619,-1.2542713405,5e-05,5.85938e-05,0.1268998709,0.2515706645,14.2600155221,0.5205224749,0.552974113,0.0377406851,0.6177199675,-0.2640678866,0.0847368527,0.10686592,188564,0.1126120702,5.9830029728,0.1213541667,5.9835579427,0.5188663764,5.9760163413,1772310595.1935177,0.152472207,0,-14.4051281921,0.0,90.6182705561,0.7862369753,0.0874639001,-0.2647594509,2253.6666666667,14.365094401,0.2519430856,10308.1355578,0,4.9782335755
1e-05,0.4977331065,19.0486816406,14.2925801277,0.0804912328,0.0259381797,0.0102479521,6.2826888021,6.25984375,19.0609067085,0.7962356534,0.5332118,644,0.1291587363,0.4922389803,19.0019685872,-1.0374666584,0.0018285824,0.5197076782,0.5344351871,-1.0411127011,5e-05,8.46354e-05,0.0918930733,0.2854830334,18.9389611969,0.4968358217,0.542792634,0.0367411407,0.6319975229,-0.293809322,0.0983597002,0.1353854811,188564,0.1288364936,6.3141965925,0.1733333333,6.3049121094,0.4923050872,6.2854712425,1772310595.1940176,0.1910081739,0,-19.0582565918,0.0,131.2504119873,0.8003357541,0.0606330083,-0.2914946348,3192.0,18.9878971354,0.2872693072,10308.1363956,0,5.9774228433
1e-05,0.4927206124,19.444383138,14.7484500408,0.0501045011,0.0222904149,0.010807759,6.8561686198,6.8257584635,19.4412787281,0.8355405959,0.5299150488,645,0.1274143729,0.4869818638,19.3448730469,-0.9332843799,0.0030935921,0.5026966022,0.5300297779,-0.9401845686,5e-05,0.0001367188,0.1291218141,0.2863857382,19.3464870362,0.4925756963,0.5367111287,0.0376860746,0.6275604642,-0.3058615342,0.103857583,0.1401201529,188564,0.1280756073,6.9058893875,0.1893619792,6.8738020833,0.4865440933,6.8747219328,1772310595.194518,0.1885276897,0,-19.4445507305,0.0,131.2504119873,0.8329782375,0.0708586009,-0.3024820594,3192.0,19.415703125,0.2833544119,10308.1363956,0,5.6591751418
1e-05,0.497911047,19.909469401,15.026843071,0.1142351573,0.0254445966,0.010553449,6.935234375,6.9140104167,19.9195058954,0.861993715,0.5378509053,646,0.1004012471,0.4896914769,19.8408544922,-1.0080210229,0.0026516504,0.523033869,0.5365734566,-1.010607547,5e-05,0.0001171875,0.0521516113,0.2902878831,19.7839564135,0.4994129218,0.5478830016,0.0387605325,0.635605524,-0.3215531863,0.1019875139,0.1126197091,189561,0.1022493653,6.9526475811,0.1781640625,6.939921875,0.4900740276,6.9387288658,1772310595.1953557,0.2040175924,0,-19.9172830143,0.0,91.2572072347,0.8611712834,0.0356786351,-0.3206676098,2234.6666666667,19.853519694,0.2898660311,10308.1370569,0,5.4568293774
1e-05,0.5062001094,17.765999349,14.6377363205,0.0887880456,0.0246949199,0.0103751969,6.4241666667,6.39609375,17.7720198605,0.7985870981,0.5426707384,647,0.093028836,0.5025585935,17.7326367188,-1.1374209583,0.0022097087,0.5292572207,0.5429256955,-1.134498498,5e-05,9.76562e-05,0.0803014717,0.2751682847,17.648061979,0.5062980367,0.5492749792,0.0377271199,0.6290760523,-0.2968552582,0.0948302495,0.1266267109,189561,0.0947259427,6.4338068016,0.1525911458,6.42703125,0.5012188008,6.4188455709,1772310595.1960168,0.1806739155,0,-17.7790659186,0.0,11.2707977295,0.8044395676,0.0487878139,-0.2945315278,320.0,17.7018196615,0.2747108472,10308.1375574,0,6.0052660704
1e-05,0.5202012437,14.6775333659,14.5309829712,-0.025889237,0.0214390939,0.0108503946,5.7790527344,5.7530729167,14.6724917534,0.7204349435,0.5496281037,648,0.0853299833,0.5166447219,14.6116666667,-1.2801982569,0.0013258252,0.5240305008,0.5503010641,-1.2727250623,5e-05,5.85938e-05,0.1474292703,0.2330183744,14.5853477852,0.5205038993,0.5525038562,0.0369340897,0.6129415771,-0.2584381238,0.0840775331,0.1063337966,189561,0.0846030612,5.7997863266,0.1266666667,5.7910449219,0.5168927116,5.7943368035,1772310595.1960168,0.1450230145,0,-14.6890246289,0.0,11.2707977295,0.7246073764,0.0731610088,-0.2610251283,320.0,14.6658878581,0.2332156549,10308.1380574,0,5.3640492472
1e-05,0.5423029206,11.8552929687,14.64057374,-0.0343769554,0.0215726607,0.0103674006,5.7014973958,5.6723209635,11.870898676,0.6957168055,0.5649878304,649,0.0590983296,0.5371619194,11.835374349,-1.4725348596,0.0013258252,0.5407375046,0.5634399783,-1.4766768565,5e-05,5.85938e-05,0.1176866753,0.2038294682,11.768229275,0.5424155192,0.5626409266,0.0377616398,0.6030476275,-0.233587834,0.0784438808,0.0968873699,189561,0.0580346975,5.7025047436,0.0855598958,5.7033723958,0.5360673632,5.7051344461,1772310595.1965175,0.1264341011,0,-11.867889708,0.0,11.2707977295,0.6883309603,0.061942412,-0.2323170103,320.0,11.8227636719,0.2023663874,10470.3734206,0,5.1003496301
1e-05,0.4965361364,20.424835612,14.444065094,0.1006431679,0.0235828515,0.0102829115,6.878359375,6.8496354167,20.471451839,0.8291454192,0.5341389164,650,0.1352163921,0.4870104978,20.3530489095,-0.9847393115,0.0028597798,0.5181393618,0.5338588047,-0.988457402,5e-05,0.0001302083,0.0736301481,0.2809478622,20.3343111238,0.4947686789,0.5463162154,0.0372113339,0.6363076138,-0.3173222789,0.0988631256,0.1197099171,190883,0.1371075457,6.8928188201,0.1882291667,6.87671875,0.4861249631,6.8803656097,1772310757.437265,0.2025477816,0,-20.4320010784,0.0,9.2810621262,0.8341716382,0.0507170172,-0.3136911796,387.0,20.3815885417,0.2806950547,10470.374037,0,6.1700739733
1e-05,0.5075104149,18.018601888,14.7028729916,0.0570076503,0.0250622411,0.0104289746,6.8280371094,6.7951920573,18.0203679829,0.8410087883,0.5441444817,651,0.119555481,0.5007623595,17.9513627116,-1.0819019032,0.0026867829,0.5191104502,0.5423530038,-1.0815903779,5e-05,0.0001302083,0.096673957,0.2672244487,17.882319409,0.5080713085,0.5463971304,0.0379752199,0.6285605371,-0.2943174801,0.0952007266,0.1185752845,190883,0.1196197216,6.8146441451,0.16140625,6.8231119792,0.5006605933,6.8086294144,1772310757.4376535,0.185289856,0,-18.0334538678,0.0,9.2810621262,0.8358569739,0.0641135613,-0.2937011302,387.0,17.9832348633,0.2678235399,10470.374037,0,4.9819646862
1e-05,0.5533428963,9.0032356771,15.2583348751,-0.0586517389,0.0244980712,0.0104502519,5.1317317708,5.091883138,9.0190016776,0.6458581125,0.5722355477,652,0.0451616775,0.549054451,8.9874804688,-1.618997424,0.0020623947,0.5499985922,0.5719977274,-1.6168665791,5e-05,9.11458e-05,0.1220300499,0.1845238355,8.9154496127,0.5543444399,0.5645474285,0.0397241863,0.5981249914,-0.2135487559,0.0740104717,0.1082050678,190883,0.0454051459,5.1404143539,0.0559114583,5.1163639323,0.5486330684,5.1346150849,1772310757.4382699,0.103545892,0,-9.0177132014,0.0,9.2810621262,0.644480451,0.0780478168,-0.2150340877,387.0,8.973515625,0.1814556892,10470.3745357,0,4.9391183687
1e-05,0.5329519228,12.6576285807,15.4590821266,-0.0267961979,0.0236516113,0.0105021803,5.6184147135,5.5700260417,12.6689071161,0.70331006,0.5574812094,653,0.0963044512,0.5290111293,12.6360685221,-1.386062146,0.0021232102,0.5344640252,0.5577515463,-1.3864297766,5e-05,9.76562e-05,0.1287051867,0.2205579546,12.5768380846,0.5325414332,0.5537357151,0.0401588456,0.6146602376,-0.2347035094,0.0808831771,0.1290651802,190883,0.0951406781,5.625406818,0.1028255208,5.5970247396,0.5290171638,5.6258136365,1772310757.4387686,0.1298056491,0,-12.6745819272,0.0,9.2810621262,0.7046142766,0.0717668155,-0.2346061869,387.0,12.6154469808,0.2210317874,10470.3750357,0,5.5193304878
1e-05,0.5297934518,13.3384309896,15.3228096962,-0.0168278595,0.0258215552,0.0104043698,5.9651464844,5.9435514323,13.3364439211,0.758275499,0.5556998695,654,0.1132351561,0.5234406519,13.2900846354,-1.3232321674,0.001620453,0.5286316486,0.5548578377,-1.324213462,5e-05,7.16146e-05,0.1342883171,0.2323109178,13.2386305202,0.5287503084,0.5484525028,0.0399997497,0.612766254,-0.2538618099,0.083912569,0.1094477596,190883,0.1140586723,5.985048466,0.1059505208,5.9988183594,0.5235710535,5.9791491828,1772310757.4392686,0.1366737394,0,-13.3473767182,0.0,9.2810621262,0.7591023356,0.0768182382,-0.2561671831,387.0,13.3168652344,0.2340666686,10470.3755358,0,4.436434281
1e-05,0.5172347979,15.4862434896,15.4180178642,0.0090189291,0.0237237635,0.0105050159,6.4902083333,6.4478971354,15.5073968565,0.8152076927,0.5468215417,655,0.1450700432,0.5137270089,15.4583040365,-1.1764031725,0.0016812685,0.518399426,0.5473806936,-1.1783614741,5e-05,7.8125e-05,0.1376039413,0.2585068735,15.4070927937,0.5165081197,0.5416826462,0.0401197084,0.6225482943,-0.2744779877,0.0917904781,0.1200783942,190883,0.1448732907,6.5040885174,0.1353776042,6.4852018229,0.5136369848,6.4932407443,1772310757.4392686,0.1553176548,0,-15.4968929344,0.0,9.2810621262,0.8152290281,0.0872441974,-0.2722435883,387.0,15.4330664062,0.2616072925,10470.3760355,0,5.1354856851
1e-05,0.4919177833,20.167023112,15.2362108231,0.1153186825,0.0271247999,0.0105681944,6.6441145833,6.6072395833,20.1732338346,0.8508586478,0.5327428339,656,0.1540169215,0.4888902997,20.1209554036,-0.9843325893,0.0030070937,0.5217581287,0.532985682,-0.9844926206,5e-05,0.0001367188,0.0656292189,0.3019943459,20.0431003496,0.4927490168,0.5442348528,0.039392573,0.634919676,-0.3145883337,0.0996356497,0.1242723222,190883,0.1518613182,6.645746038,0.18,6.6294010417,0.4885451593,6.6304812149,1772310757.4397688,0.2036162174,0,-20.1704595683,0.0,9.2810621262,0.8478827491,0.0496376686,-0.3156551086,387.0,20.1024121094,0.3003919725,10470.3765351,0,6.0274586358
1e-05,0.497808518,19.5025693766,14.6406407356,0.0795191707,0.0218000672,0.0102757366,6.5376041667,6.5117057292,19.5280868098,0.8022106548,0.5380606225,657,0.1227469387,0.4932562477,19.4781050618,-1.0499555115,0.001620453,0.5198533931,0.5367102945,-1.0576859883,5e-05,7.16146e-05,0.0911437624,0.2874206703,19.4055327395,0.497888867,0.5512177197,0.0378951589,0.6292510172,-0.2978455559,0.0950286318,0.1042830563,190883,0.1239812927,6.5457437191,0.1758984375,6.5302604167,0.4925576,6.5381524497,1772310757.4402685,0.1933742236,0,-19.511957358,0.0,9.2810621262,0.799977514,0.0484229851,-0.299258108,387.0,19.4226305135,0.2878428912,10470.3765351,0,5.9360054944
1e-05,0.5374821139,12.0057039388,14.6727473736,-0.0035187188,0.0242279868,0.0102273083,5.6609440104,5.6434895833,12.0292813657,0.7139695211,0.5628803108,658,0.0694041172,0.5338696169,11.957742513,-1.453220524,0.0022705241,0.5435007218,0.5613059481,-1.4535368606,5e-05,0.0001041667,0.1065468269,0.2214840126,11.9291211355,0.5370815078,0.5589952824,0.0379988472,0.6109610469,-0.2388152007,0.082726071,0.1009433904,190883,0.0690809615,5.6876429859,0.0860677083,5.7079557292,0.534568901,5.676792216,1772310757.4407682,0.1276001684,0,-12.0248008264,0.0,9.2810621262,0.7126246934,0.0563794204,-0.2404916932,387.0,12.0031917318,0.2219141066,10470.3770349,0,4.9351224562
1e-05,0.5265717801,14.2096744792,15.0906169415,0.0412028525,0.0260613021,0.0104845079,5.6350065104,5.6065559896,14.2301526679,0.7416364302,0.5559062811,659,0.0907362943,0.522168879,14.1831835937,-1.3594860061,0.0022097087,0.5425988521,0.556512958,-1.3576845177,5e-05,9.76562e-05,0.0728182072,0.2397796647,14.1044649832,0.5251847424,0.5587175238,0.0391378387,0.6174122882,-0.2655181698,0.0836283509,0.0904917079,190883,0.0866001145,5.6302565167,0.1066666667,5.6211360677,0.5218839995,5.6184063974,1772310757.441268,0.151538516,0,-14.2235994321,0.0,9.2810621262,0.7389913138,0.0508232652,-0.2658313742,387.0,14.172171224,0.2429267464,10628.2069777,0,4.7728192502
1e-05,0.5144549976,16.9237524414,14.925696373,0.0508105541,0.0225553666,0.0104667886,6.28546875,6.253108724,16.9303462672,0.7674837125,0.5455628594,660,0.1288793682,0.5101335505,16.9070963542,-1.1999092368,0.0028597798,0.52872417,0.5440737052,-1.1951885784,5e-05,0.0001302083,0.0975666304,0.2497089095,16.8294134535,0.5141913347,0.5526290093,0.0386071134,0.6223748362,-0.2779469451,0.0992099491,0.1115815021,193595,0.1308878309,6.311486814,0.1452994792,6.271796875,0.509246362,6.2803816399,1772310915.2758393,0.1739985856,0,-16.9419359161,0.0,117.7629241943,0.7704257953,0.0577053416,-0.2781461758,2711.0,16.878297526,0.2506943259,10628.2074825,0,5.2471780729
1e-05,0.511744601,16.5712695312,14.7658877373,0.051410356,0.0271440754,0.0103206094,6.2190917969,6.1687369792,16.6146526459,0.7973759187,0.5467046826,661,0.117128101,0.5082720112,16.4894340007,-1.1630670745,0.0017677669,0.525020368,0.5461437122,-1.1618685166,5e-05,7.8125e-05,0.1021304908,0.2633036113,16.4966196392,0.5130741524,0.5460729293,0.0382003117,0.6302106732,-0.2788573079,0.0894762726,0.1454247027,193595,0.1162735142,6.209148596,0.142734375,6.1923177083,0.5088572532,6.2056024326,1772310915.2763405,0.1704098658,0,-16.5818587335,0.0,117.7629241943,0.796455094,0.0701563323,-0.2797827393,2711.0,16.5614485677,0.2619681168,10628.2084882,0,6.3647461964
1e-05,0.5203942758,14.7078385417,14.6320149899,0.016700954,0.0242030326,0.0103684608,6.0172623698,5.9817740885,14.7234877421,0.7620131863,0.5519061974,662,0.1114744101,0.5174572189,14.7231719971,-1.2675134739,0.0014731391,0.5316686156,0.5520313645,-1.2703692376,5e-05,6.51042e-05,0.1235021461,0.244367495,14.6261183624,0.51937024,0.5491773917,0.037676506,0.6218164111,-0.2663661234,0.0854469185,0.1371824407,193595,0.1083115781,6.0328244162,0.1227083333,6.0231022135,0.5173458721,6.0434833735,1772310915.2768452,0.1515154635,0,-14.7216727195,0.0,117.7629241943,0.7607165578,0.0695094476,-0.2637827474,2711.0,14.6223567708,0.2456670384,10628.2089896,0,5.2342907156
1e-05,0.5182644836,16.2660253906,14.7554249763,0.0630747353,0.0234942262,0.0103814419,6.0797135417,6.052890625,16.2771971945,0.7424403967,0.5484265712,663,0.0922725417,0.5164132499,16.2653686523,-1.255033023,0.0027989643,0.5395109975,0.5488511915,-1.2600008023,5e-05,0.0001236979,0.0652276098,0.2471903816,16.160543127,0.5178353975,0.5543048285,0.0380645704,0.6262903214,-0.2589151728,0.0916013478,0.1205948978,195158,0.0896474972,6.0980370128,0.13265625,6.086953125,0.5164472671,6.0820525956,1772310915.2778509,0.166923703,0,-16.2771542555,0.0,43.9313297272,0.7366206509,0.0378238552,-0.2584676152,1163.6666666667,16.1899544271,0.2489554194,10628.2094889,0,5.7998789372
1e-05,0.5187408573,15.587125651,14.5958683491,0.0494470708,0.023802251,0.0101087634,5.92328125,5.9063802083,15.5846075728,0.6972062285,0.5478725401,664,0.0976947346,0.5149691148,15.5376888021,-1.2850395215,0.0019150808,0.5385095428,0.5485789452,-1.2806321899,5e-05,8.46354e-05,0.0801674447,0.2353424468,15.4847410825,0.5191171833,0.5559552767,0.0377913237,0.6240962472,-0.2477677717,0.0941902892,0.1157494696,195158,0.1002786789,5.9765085967,0.13,5.9541145833,0.5160415401,5.9459272873,1772310915.2783525,0.1594110072,0,-15.5959793764,0.0,7.0155324936,0.6991786995,0.0472670035,-0.2498828569,390.0,15.5405249023,0.2370785261,10628.2099883,0,5.9534694111
1e-05,0.5054698186,17.617195638,14.4003965855,0.0386382863,0.0218325995,0.0101745939,6.2115136719,6.1738541667,17.6283873809,0.7587140409,0.5423348103,665,0.1274325386,0.506530471,17.5543505859,-1.1332339887,0.0023313396,0.5250005277,0.5410970071,-1.1386948486,5e-05,0.0001106771,0.1036314173,0.2662531065,17.5373254435,0.506456982,0.5479887013,0.0371929948,0.6264700443,-0.2626256676,0.0910751106,0.1317867715,195158,0.1289373374,6.2125665549,0.1587369792,6.2081705729,0.5059233556,6.2243768345,1772310915.2788515,0.1738404721,0,-17.6311890429,0.0,7.0155324936,0.755708588,0.0556692035,-0.2642185338,390.0,17.5925846354,0.2649979743,10628.2104891,0,6.4127735171
1e-05,0.5292969362,13.5279112752,14.8389132023,0.0043720416,0.0223363777,0.0106083512,5.8177441406,5.7948567708,13.5408663897,0.6767802183,0.5561148373,666,0.0940060438,0.5307335679,13.466529541,-1.3938448246,0.0027124659,0.5392106794,0.5569867155,-1.3945404899,5e-05,0.0001236979,0.104012451,0.2309795168,13.4538261529,0.528654971,0.5611390702,0.0380820783,0.6146837997,-0.2146202583,0.0856626381,0.1055824274,195865,0.0922833394,5.8312302676,0.1086458333,5.8342220052,0.5324941019,5.8259992838,1772310915.279351,0.1394424212,0,-13.5403518611,0.0,13.9746793111,0.6787165121,0.0566324565,-0.2147235286,495.3333333333,13.5221642303,0.2304094646,10628.2109872,0,5.8141688363
1e-05,0.5162453895,15.4868147786,14.8958263397,0.0392488399,0.0293144665,0.011030151,6.0322526042,6.0007356771,15.5099414849,0.7544619067,0.5492762149,667,0.1042671643,0.5175815673,15.4666259766,-1.2398215387,0.0032152231,0.5292437557,0.548558346,-1.2391638067,5e-05,0.0001497396,0.1047393039,0.2604540413,15.4215475741,0.5153985838,0.5499419974,0.0379121709,0.6234308596,-0.2427493778,0.0942835557,0.1192327973,195865,0.1037373605,6.0495929423,0.1325651042,6.0462369792,0.5185286716,6.0300301302,1772310915.2798517,0.158761883,0,-15.5039536504,0.0,27.8929729462,0.7492427673,0.0598377075,-0.2441171831,706.0,15.4349715169,0.2605433377,10628.2109872,0,5.5984483531
1e-05,0.5341075642,12.1454752604,14.6598067284,-0.0540151503,0.0204860224,0.0104399824,5.9971223958,5.9636751302,12.1639221507,0.7211215653,0.5605046753,668,0.0864177539,0.5359487167,12.1274902344,-1.3781033332,0.0013258252,0.5270676173,0.5598869604,-1.3819181249,5e-05,5.85938e-05,0.1604954177,0.231162659,12.0919159311,0.5343552532,0.5535178009,0.0377108876,0.6030516809,-0.2122997136,0.0799263521,0.1139580357,195865,0.0849699658,6.0098359955,0.0926692708,6.010999349,0.5361631296,6.0203126887,1772310915.2803502,0.1231416416,0,-12.1595295632,0.0,27.8929729462,0.7220087134,0.0821428664,-0.2124454604,706.0,12.1048974609,0.2296141587,10628.2114877,0,5.6640183616
1e-05,0.532402806,12.1889168294,14.6887772083,-0.0271524897,0.0248618716,0.0109462142,5.7321289062,5.696578776,12.2156271634,0.7302659566,0.5594344582,669,0.0800121449,0.5348476814,12.1718766276,-1.385448212,0.0023570226,0.5312139884,0.5601014328,-1.3876733748,5e-05,0.0001041667,0.1402745607,0.2361268805,12.1128902951,0.5306616256,0.5515169634,0.03736274,0.6129226696,-0.218719035,0.0801871459,0.0926614065,195865,0.0802489485,5.7275823146,0.0959635417,5.7239876302,0.5352974615,5.7276027721,1772310915.2808506,0.1299696225,0,-12.2048993357,0.0,27.8929729462,0.7295041754,0.0767818723,-0.2194330156,706.0,12.1643074544,0.2384232542,10788.6134182,0,4.8149908547
1e-05,0.501453255,17.8990983073,14.7225511074,0.0470118681,0.0231812252,0.0108459528,6.0659147135,6.032438151,17.9195746686,0.76321161,0.5407786835,670,0.1165203099,0.5029591806,17.8353515625,-1.1120126452,0.0016812685,0.5223384494,0.5394105051,-1.1098754998,5e-05,7.8125e-05,0.1057322866,0.2745123244,17.8249086909,0.5027586761,0.5461171554,0.0375792503,0.6246802754,-0.2619587185,0.0918400323,0.1051609642,196971,0.1176409642,6.0867049599,0.1566666667,6.0627571615,0.5021081698,6.0798287385,1772311075.6874912,0.1753135883,0,-17.9135781548,0.0,11.1669807434,0.7621377896,0.0555684301,-0.2618082774,329.0,17.87981486,0.2761212842,10788.613916,0,6.0487199722
1e-05,0.5483274395,9.8615071615,14.466707468,-0.0105497685,0.029055645,0.0102551452,5.5040266927,5.4764811198,9.8622145705,0.685083227,0.5703352885,671,0.0336163565,0.552813376,9.8356429036,-1.5754810772,0.0023570226,0.5567609442,0.5705513416,-1.5717465684,5e-05,0.0001041667,0.0975013501,0.2116034206,9.7534791803,0.5477899763,0.5603396239,0.0373588252,0.60951006,-0.1921568746,0.0777150363,0.0925681423,196971,0.0341100176,5.4986174044,0.0586328125,5.5069075521,0.5533503322,5.4898527165,1772311075.6879945,0.1110347252,0,-9.8770602635,0.0,11.1669807434,0.686159439,0.0667523126,-0.1922900231,329.0,9.8435872396,0.2134538918,10788.6144162,0,4.6880008496
1e-05,0.528982519,13.5088525899,14.703412056,0.0288050076,0.0259961947,0.0106142505,5.47859375,5.4491666667,13.5307672346,0.6849773694,0.5573659774,672,0.0556582324,0.5336588833,13.4835148112,-1.4107094085,0.0017677669,0.5497858557,0.5579558476,-1.4115810223,5e-05,7.8125e-05,0.0797679788,0.2362709836,13.4225390292,0.5282434946,0.5608049912,0.0376960214,0.618846403,-0.2082100514,0.0826446468,0.1017334127,196971,0.0586892614,5.4802750337,0.1,5.4733854167,0.5325828811,5.4706644901,1772311075.688492,0.1413045248,0,-13.5230201374,0.0,11.1669807434,0.6812300907,0.0361463778,-0.2090369525,329.0,13.4763460286,0.236430005,10788.6149182,0,5.7855866606
1e-05,0.4697928176,23.8970849609,14.8317883015,0.1242135279,0.0250052706,0.0104291972,6.8866764323,6.8537988281,23.8943069964,0.869087375,0.5187721453,673,0.1446469902,0.4713235579,23.8125803884,-0.7546771499,0.0027989643,0.4967997849,0.5192808741,-0.7515794241,5e-05,0.0001236979,0.093255136,0.3284711704,23.7818650122,0.4693806652,0.533077735,0.0382461309,0.644550481,-0.3060099204,0.1117585572,0.1354034654,197995,0.1444461095,6.9238687719,0.2333333333,6.8755436198,0.4706725897,6.8865309647,1772311075.6889923,0.2311326339,0,-23.9101330755,0.0,24.3972498576,0.8702667475,0.0511470183,-0.3065057708,791.6666666667,23.8470800781,0.3307223865,10788.6154157,0,6.3614708014
1e-05,0.5394971381,11.2048251343,14.5832128525,-0.0375774375,0.0244431208,0.0102794973,5.4047916667,5.3776627604,11.1968841607,0.6988659152,0.5645269513,674,0.0333982123,0.5410231189,11.1666223145,-1.4747933287,0.0022097087,0.5449223581,0.5635734662,-1.4766087294,5e-05,9.76562e-05,0.1138632717,0.2268306458,11.1075227985,0.5403184842,0.5605193919,0.0376366274,0.6063490484,-0.2068587112,0.0801856539,0.1018869035,197995,0.0299901648,5.4066810715,0.0794270833,5.4187760417,0.5419711154,5.4010267608,1772311075.6894946,0.1205331692,0,-11.217951519,0.0,31.0123844147,0.6978650373,0.0649373569,-0.2044526934,1023.0,11.1897460937,0.2230470328,10788.6159157,0,4.874854686
1e-05,0.510483488,15.9476489258,15.2707746029,0.0331004391,0.0295629167,0.0110255075,5.6957845052,5.6641959635,15.975166113,0.7566223539,0.548788653,675,0.0799646047,0.5146365049,15.8897070312,-1.2091627487,0.0016812685,0.5240448782,0.5494299969,-1.2134013617,5e-05,7.8125e-05,0.1160740324,0.2686675549,15.8764021227,0.5103838607,0.5484230726,0.0391747896,0.6228523888,-0.2465286221,0.0892487264,0.1128996765,197995,0.0803757904,5.7155396231,0.1394010417,5.7089355469,0.513504121,5.7037519105,1772311075.689992,0.1619101883,0,-15.9607049414,0.0,31.0123844147,0.7508872034,0.0870255482,-0.2462341888,1023.0,15.9195649211,0.2682268147,10788.616416,0,5.9563547431
1e-05,0.5339658789,11.4656599935,15.3451178074,-0.0705295712,0.0224798513,0.0105479717,5.7879915365,5.7266829427,11.4952812889,0.7354167392,0.5625231854,676,0.055336375,0.5355283673,11.4430777995,-1.3854891627,0.0018285824,0.5220740522,0.5636751597,-1.383736334,5e-05,8.46354e-05,0.1847379429,0.2334697936,11.4186362567,0.535565987,0.5490618336,0.0398215866,0.6068591915,-0.2101552868,0.0798048345,0.1180111505,198604,0.0547744913,5.7684852727,0.0926432292,5.7619986979,0.5354483195,5.7661400052,1772311075.690492,0.1167452305,0,-11.4786655972,0.0,25.2864561081,0.7313646898,0.0989747381,-0.211362195,780.3333333333,11.432327474,0.2334475212,10788.6169159,0,4.8748277926
1e-05,0.5234609041,13.7377246094,15.2105000019,-0.0167877781,0.0236551712,0.010213232,5.6621028646,5.6279492188,13.7533249774,0.7366297814,0.5561462336,677,0.0566368518,0.5284671166,13.6752156576,-1.3484111629,0.0017677669,0.537959858,0.5576596285,-1.3491160997,5e-05,7.8125e-05,0.113930953,0.2581265145,13.6720220908,0.5236606248,0.5543975601,0.0397780569,0.6134592042,-0.2293420701,0.0828396557,0.1240054267,198604,0.0573306667,5.6903603856,0.1061067708,5.6644205729,0.5277254988,5.6862517057,1772311075.690992,0.1349227545,0,-13.7540113481,0.0007221699,13.8345994949,0.7406003844,0.0477018913,-0.2304375378,295.0,13.7384545898,0.2546762449,10788.6174161,0,6.3988545626
1e-05,0.5028515283,17.5984602865,15.5034244061,0.0745310056,0.0281631302,0.0108053088,6.358984375,6.3165364583,17.5736717231,0.8119851313,0.5437928044,678,0.113447091,0.5044261356,17.5842482503,-1.1209938868,0.0038044787,0.5315474299,0.5430959541,-1.11928605,5e-05,0.0001757812,0.0693606068,0.2930930162,17.4715286051,0.5021954587,0.5497277873,0.0401171851,0.6318281434,-0.2749132846,0.1013773922,0.1650381613,198604,0.1113359243,6.3692102714,0.15203125,6.3784375,0.5062710336,6.3385337071,1772311075.691492,0.1790766975,0,-17.6092070406,0.0,13.8345994949,0.815269091,0.0453325538,-0.2780608443,295.0,17.5351578776,0.2929331089,10788.6179158,0,7.1468244278
1e-05,0.5193762242,14.0268787638,14.6400978565,0.0430931595,0.0235450062,0.0101521103,5.9815625,5.9755208333,14.0419404265,0.7845778634,0.5579038915,679,0.0794002148,0.5259259356,13.9964811198,-1.346921132,0.0019150808,0.549389417,0.5591310507,-1.3445730098,5e-05,8.46354e-05,0.0603391397,0.2840516934,13.9285644943,0.5185237292,0.5630423058,0.0379737926,0.6191378723,-0.2532821508,0.0887503337,0.1216619431,198604,0.0852242431,6.0142825627,0.1048177083,6.03140625,0.5279744931,6.0005687074,1772311075.6919923,0.1494288958,0,-14.040003029,0.0,13.8345994949,0.7875957163,0.0374585446,-0.252051229,295.0,13.9965722656,0.2858569223,10946.1482663,0,6.0262806915
1e-05,0.5142637793,14.4175830078,14.4272038937,0.0262763391,0.0242013424,0.0101322842,5.4996484375,5.4644986979,14.4499174795,0.733448965,0.5551869284,680,0.0831597647,0.5257114526,14.3899076335,-1.3192232776,0.0007365696,0.5450815099,0.5549533933,-1.3231696606,5e-05,3.25521e-05,0.076673818,0.2796166729,14.3419509088,0.5147737572,0.5543147484,0.037314748,0.6220292187,-0.2293456442,0.083859053,0.103395605,199591,0.082601377,5.5073580244,0.1133333333,5.4873111979,0.5249208679,5.4996287307,1772311233.2274587,0.149263186,0,-14.4308004857,0.0,9.8754348755,0.7321523267,0.044153873,-0.228054697,337.0,14.3956396484,0.2764216173,10946.1487663,0,5.5518245656
1e-05,0.5233123597,13.3063028971,14.6307954788,0.0076729699,0.0245230039,0.0100205183,5.4144010417,5.3754427083,13.3545336099,0.6873262074,0.5583735022,681,0.0662997908,0.5309779964,13.288445638,-1.3959028578,0.0018893979,0.5482610869,0.5572712785,-1.3967833273,5e-05,9.11458e-05,0.076087422,0.2590729516,13.246508337,0.522688777,0.5614376069,0.0380099328,0.6145201252,-0.2074895943,0.0834203778,0.1153558236,199591,0.0693201541,5.4222265255,0.1033333333,5.4072395833,0.5308176946,5.3979540511,1772311233.2284627,0.1376181305,0,-13.3184218655,0.0,9.8754348755,0.6878835824,0.0369206861,-0.2090704175,337.0,13.2711621094,0.2597207783,10946.1492667,0,6.1779972485
1e-05,0.5174050753,15.1966259766,14.6281869411,0.0610550506,0.0262028748,0.0101184813,6.3415625,6.3023307292,15.2148539727,0.7992937454,0.5551218936,682,0.0822998446,0.523440693,15.1558902995,-1.2658854147,0.0030935921,0.5433940909,0.5541161878,-1.2721248766,5e-05,0.0001367188,0.0665596338,0.2852267885,15.0678932227,0.5169084434,0.5578685593,0.0379781048,0.6259285184,-0.2376933247,0.0907703714,0.1103649572,199591,0.0800884113,6.3260105129,0.1242708333,6.3201432292,0.5247294132,6.3041626336,1772311233.228963,0.1627713469,0,-15.2068395013,0.0,9.8754348755,0.7965704866,0.0438245957,-0.2384975188,337.0,15.1502815755,0.2815418668,10946.1497666,0,6.2529290317
1e-05,0.5165894055,15.0619360352,14.7397484779,0.0298291732,0.024345144,0.0102283422,5.7384830729,5.7127408854,15.0842671555,0.7260114748,0.5509582337,683,0.103162635,0.5178285858,15.0212809245,-1.2581933328,0.0030935921,0.5291433989,0.5518674777,-1.2547308481,5e-05,0.0001367188,0.1023488329,0.2591761256,14.9577939601,0.5149239492,0.5538054966,0.0381764785,0.6182334751,-0.2300344036,0.0895457095,0.0946460241,199591,0.1004292326,5.7487149991,0.1326171875,5.7374609375,0.5188360423,5.7201036833,1772311233.2294629,0.1581510539,0,-15.0725355537,0.0,9.8754348755,0.7285068213,0.0630931408,-0.2335697748,337.0,15.0143351237,0.2597161986,10946.1507664,0,5.1129098497
1e-05,0.5206697424,14.2550793457,14.6047494411,0.0400627102,0.0286017282,0.0101312661,5.8153125,5.7645572917,14.2759414902,0.7359623098,0.5543627805,684,0.0944646694,0.5209354852,14.2199690755,-1.3122662795,0.003362537,0.5416794073,0.5539101119,-1.3106887527,5e-05,0.00015625,0.0809193993,0.2587788062,14.1588235629,0.5197429772,0.5565371586,0.0378785555,0.6205698393,-0.2432025999,0.088263862,0.1181005636,199591,0.0935993809,5.7940179459,0.1166666667,5.7901822917,0.5204621096,5.7730084201,1772311233.2294629,0.1503722775,0,-14.268822709,0.0,9.8754348755,0.7383721338,0.0459641705,-0.2427981945,337.0,14.2382580566,0.2584590009,10946.1507664,0,6.1360392656
1e-05,0.470615384,23.4441552734,14.4902775288,0.144210854,0.0261466526,0.0099843391,7.1026334635,7.0524934896,23.4884256052,0.9009408491,0.5209796278,685,0.1608988308,0.4708831347,23.4099088542,-0.7568068127,0.0035355338,0.5010234685,0.5217181086,-0.7632031409,5e-05,0.00015625,0.0758092692,0.3318079265,23.3496002656,0.4712995689,0.5346238937,0.0376346207,0.6457352465,-0.3239155452,0.1137854001,0.1297370667,199591,0.1612255661,7.1269171366,0.2293880208,7.0576432292,0.4712917033,7.0785189331,1772311233.229963,0.2347204105,0,-23.4581308831,0.0,9.8754348755,0.8956584577,0.0645669623,-0.3240800338,337.0,23.3611798096,0.3311766919,10946.151267,0,5.7056638614
1e-05,0.4962151866,19.3330977376,14.8019278049,0.0623634452,0.0239404767,0.0101363707,6.8593815104,6.8394677734,19.3610637627,0.8578376,0.5355146313,686,0.1256683352,0.4949529292,19.2883504232,-0.9798877754,0.003240906,0.5080444793,0.5370497555,-0.9788160661,5e-05,0.0001432292,0.1123673885,0.2907007715,19.2451729592,0.4985014296,0.5435064367,0.0384565838,0.6273395636,-0.2957459918,0.1057106373,0.1376693841,199591,0.1237346177,6.9045290207,0.1815104167,6.8718391927,0.4932162254,6.8659756131,1772311233.2309632,0.1948980556,0,-19.3466668905,0.0,9.8754348755,0.8562274629,0.0738724577,-0.2942376002,337.0,19.2608312988,0.2871959887,10946.1517669,0,6.2041904994
1e-05,0.5259277228,13.4791861979,14.462962389,0.021698937,0.0240105491,0.0100865571,5.5323209635,5.5023990885,13.4768353733,0.7415118926,0.5585425914,687,0.0731237679,0.5241416772,13.4871348063,-1.35693301,0.0018285824,0.5462510358,0.5590048397,-1.3625794053,5e-05,8.46354e-05,0.0815126394,0.247045728,13.3459195528,0.5262893917,0.5565665403,0.0374497946,0.6196887447,-0.253028785,0.086471899,0.1325610552,199591,0.0737978966,5.5502219103,0.1059375,5.5392545573,0.5239324986,5.522798539,1772311233.2309632,0.147304779,0,-13.4951501901,0.0,9.8754348755,0.7369166586,0.0415201228,-0.2500140462,337.0,13.4139518229,0.244800527,10946.1537718,0,6.3654720707
1e-05,0.5322749201,12.5325585938,14.2981646061,0.0097918726,0.0245034893,0.0101024596,5.3882747396,5.3572412109,12.5484275093,0.687359229,0.5607542507,688,0.0775857946,0.5307844126,12.493984375,-1.432092396,0.0019150808,0.5488946824,0.5601715071,-1.4366545959,5e-05,8.46354e-05,0.0872179679,0.2331182669,12.4363009154,0.5318906479,0.5599003797,0.0369105609,0.6168649266,-0.2327285613,0.0809275904,0.101962472,199591,0.0760637372,5.3962343628,0.0959244792,5.3878808594,0.530894945,5.3875466889,1772311233.2314632,0.135087043,0,-12.5503255072,0.0,9.8754348755,0.6900416789,0.0453462682,-0.2310313236,337.0,12.5295654297,0.2305503836,10946.1542766,0,5.382422739
1e-05,0.4929748001,20.011648763,14.3110098839,0.084029481,0.0251613463,0.0101278059,6.6583854167,6.61921875,20.042187603,0.8291883984,0.5354899335,689,0.1417136056,0.4891954496,19.9285656738,-0.9801509841,0.0025043365,0.5136360965,0.535960945,-0.9834720079,5e-05,0.0001106771,0.0957650446,0.2925837691,19.9210554618,0.4923497176,0.5453879591,0.0369215155,0.6324827464,-0.3011993042,0.1045506601,0.1481352897,199591,0.1449526178,6.6908335326,0.1886197917,6.65359375,0.4892408546,6.6585237813,1772311233.233973,0.2017421545,0,-20.0207186235,0.0,9.8754348755,0.8280606487,0.0516283855,-0.3024023934,337.0,19.9846842448,0.2934576666,11104.4682695,0,6.5674853092
1e-05,0.5352306128,11.6629248047,14.8369374275,0.0018811807,0.024980776,0.0101344458,5.552672526,5.5199886068,11.6861245394,0.7150078769,0.5634270125,690,0.0688809132,0.5301513859,11.6322257487,-1.4229429513,0.0017677669,0.5431098365,0.5636894574,-1.4245746251,5e-05,7.8125e-05,0.1075865203,0.2203759314,11.5799497385,0.5352792339,0.5546672898,0.0385243932,0.6182115402,-0.2425961941,0.0811444772,0.1132194421,202470,0.0719849026,5.5580041675,0.0892317708,5.5602083333,0.530627028,5.5532523035,1772311391.5517612,0.1271960876,0,-11.6752976107,0.0,148.2462158203,0.712734913,0.0669710784,-0.2421929422,2878.0,11.6305163066,0.223301715,11104.4682695,0,5.9072074239
1e-05,0.5459012996,9.8242643229,14.724105835,-0.0681788642,0.0234038907,0.0101845789,5.4002832031,5.3680794271,9.8445958342,0.6944012739,0.5687422752,691,0.0624837458,0.538574791,9.8079823558,-1.493028575,0.0008838835,0.5375009492,0.5674516377,-1.4950156853,5e-05,3.90625e-05,0.1533240607,0.1982799401,9.7638850002,0.5443617199,0.5549983656,0.0381839236,0.603009091,-0.2299382357,0.0753449514,0.10722907,202470,0.0658448304,5.4051742834,0.07,5.4018684896,0.5388167493,5.4070833841,1772311391.5531113,0.1059967556,0,-9.8413381257,0.0,148.2462158203,0.6907085157,0.069857405,-0.2311890265,2878.0,9.7864187622,0.1989862026,11104.4689189,0,5.1970034115
1e-05,0.5006375535,18.418583374,14.2393388748,0.0833027317,0.0270401636,0.0100048065,6.41109375,6.3754166667,18.4288063036,0.8167127647,0.5385579781,692,0.1218681193,0.4942380296,18.3658958944,-1.0499796128,0.0029462782,0.5226837886,0.5388992026,-1.0468399306,5e-05,0.0001302083,0.0861815687,0.2766680743,18.3039497477,0.5005527997,0.5498565048,0.036828057,0.6289836772,-0.3058700864,0.0990477806,0.1351315136,202470,0.1251007558,6.427065774,0.1694140625,6.4000520833,0.4941373835,6.3966794582,1772311391.5537605,0.1879116971,0,-18.4346481079,0.0,148.2462158203,0.8139009901,0.0491911186,-0.3062120865,2878.0,18.3718454997,0.2761396473,11104.4694186,0,7.1289457496
1e-05,0.5180712551,15.3631494141,14.7201504707,0.034305032,0.0267785769,0.0102643871,5.8819759115,5.8379296875,15.3895140711,0.742879449,0.550868354,693,0.0920299171,0.509972567,15.3181119792,-1.243882823,0.0018285824,0.5331220612,0.5504660811,-1.2406503117,5e-05,8.46354e-05,0.0903998767,0.2403349551,15.2784706036,0.5172983885,0.5543072652,0.0379919656,0.6230226342,-0.2757892805,0.0898287922,0.1142123025,202470,0.0903759682,5.8916106619,0.132734375,5.8723177083,0.5116849792,5.8717570355,1772311391.5542605,0.1590738676,0,-15.3727330157,0.0,148.2462158203,0.7454314079,0.0518383038,-0.2774626048,2878.0,15.3320410156,0.2405895846,11104.4699186,0,5.8696372593
1e-05,0.5257571606,14.0294287109,14.419523716,0.0264016624,0.0262438935,0.0099769449,6.0610579427,6.0274902344,14.0323297443,0.766562753,0.5541623978,694,0.0891389265,0.5194768728,13.9762817383,-1.2873236535,0.0025651519,0.5331760278,0.5552025969,-1.28891773,5e-05,0.0001171875,0.1070801461,0.2338438275,13.9205254837,0.5261439906,0.5520031648,0.0373899603,0.6194215232,-0.2635182442,0.0852273645,0.1072205326,202470,0.08842016,6.051117363,0.1159244792,6.0470670573,0.519102141,6.049906073,1772311391.5547605,0.1475280942,0,-14.0418311535,0.0,148.2462158203,0.7649967033,0.0583001859,-0.263351691,2878.0,13.9964794922,0.2322071385,11104.4699186,0,5.8036923997
1e-05,0.5224525018,14.3874446615,14.3913595676,-0.0011187929,0.0236328302,0.009937439,5.9375260417,5.9177050781,14.4019723012,0.7628254798,0.5529469556,695,0.0976466813,0.5136461677,14.3446988932,-1.2568371076,0.0020623947,0.528018876,0.554393321,-1.2585293871,5e-05,9.11458e-05,0.1278807233,0.2407115121,14.2930998019,0.5219874006,0.556518606,0.0373628934,0.6120871045,-0.2730388519,0.0850910113,0.1262376596,202470,0.0972210242,5.9644119179,0.1227994792,5.9574674479,0.5137148639,5.9635134614,1772311391.5547605,0.1501893669,0,-14.399050966,0.0,148.2462158203,0.760085986,0.06979525,-0.2742101221,2878.0,14.3491471354,0.2412520805,11104.4706505,0,6.01461938
1e-05,0.4925228009,19.5338411458,14.6026675701,0.0664133403,0.0236008168,0.0101603309,6.6475130208,6.6095768229,19.5423682711,0.8540226704,0.5358787422,696,0.1429795427,0.4840027688,19.4902018229,-0.9425387081,0.0035355338,0.5080916316,0.5359879776,-0.941892384,5e-05,0.00015625,0.105569473,0.2885679754,19.4367371547,0.4936125045,0.5435725231,0.037626187,0.6289460447,-0.3225017373,0.1000882129,0.1275093949,202470,0.1406983617,6.6602482966,0.1833333333,6.6416145833,0.4843283822,6.6413176638,1772311391.5554924,0.1929811661,0,-19.5413122504,0.0,148.2462158203,0.8594983224,0.0645925012,-0.3231272857,2878.0,19.4638688151,0.2874733334,11104.4711538,0,5.6817267531
1e-05,0.5200347455,14.5064550781,14.2912423611,-0.0022047211,0.0277570735,0.009906865,5.8318522135,5.7794954427,14.5190942513,0.7801177219,0.5514223771,697,0.1110475399,0.5121200542,14.4657584635,-1.2354040197,0.0019150808,0.5267855703,0.5498404636,-1.2351126597,5e-05,8.46354e-05,0.1314954364,0.2445469282,14.4274247843,0.520327481,0.5513430251,0.0370589725,0.6143506524,-0.279548394,0.0857456271,0.1237273716,202470,0.1106464376,5.816111387,0.1233333333,5.800546875,0.5121641159,5.8122429071,1772311391.5559957,0.1483450975,0,-14.5211616409,0.0,148.2462158203,0.7768489513,0.0624201789,-0.2815423961,2878.0,14.4781583659,0.2426543535,11104.4716552,0,6.5229761015
1e-05,0.5427335482,10.3002866618,15.1520345211,-0.0562443923,0.029309824,0.0103493563,5.1553320313,5.1008284505,10.3041795546,0.7122651552,0.5687731031,698,0.0526711035,0.5327688347,10.3007067871,-1.4789860818,0.0013258252,0.545043412,0.5666578784,-1.4811745705,5e-05,5.85938e-05,0.137344236,0.2070841534,10.2091417502,0.5438060667,0.5554602548,0.039420979,0.6054220647,-0.2511246886,0.0742941588,0.1097533832,202470,0.0523542668,5.1355636402,0.0733333333,5.1238769531,0.5330482734,5.1384414556,1772311391.5564969,0.1130441098,0,-10.3146447881,0.0,148.2462158203,0.7092178455,0.0687269417,-0.2493081604,2878.0,10.257516276,0.2038763371,11104.472154,0,5.4388198859
1e-05,0.5392195021,10.6406720098,15.3787202835,-0.0856639408,0.0252013227,0.0103332408,5.7516634115,5.6787630208,10.6458789889,0.7760905223,0.5638857819,699,0.0901632716,0.5313850348,10.627569987,-1.3727613223,0.0013866407,0.520685234,0.5631083316,-1.3741191146,5e-05,6.51042e-05,0.1968945129,0.2128341429,10.5735692097,0.5398604238,0.5480136853,0.0401590029,0.6038124428,-0.2522795529,0.0794101844,0.1335328129,202470,0.0873041869,5.7271757189,0.0833333333,5.7078157552,0.5322756924,5.7317309592,1772311391.5564969,0.1131675322,0,-10.6554999971,0.0,148.2462158203,0.771048593,0.1108941867,-0.2534147836,2878.0,10.586709493,0.2130279227,11264.1337067,0,5.2827704334
1e-05,0.5206768791,13.8339420573,15.5068323612,0.0055017099,0.0253171023,0.0103043095,5.3750520833,5.3250423177,13.8607606687,0.7644818672,0.5544389648,700,0.1021063799,0.5145876152,13.8044498698,-1.2904180296,0.0016812685,0.5343509514,0.5535646863,-1.2908695344,5e-05,7.8125e-05,0.1035228034,0.2476151912,13.7890234679,0.521050946,0.5523543892,0.0405762577,0.6186136049,-0.2833462516,0.0849690015,0.1440040696,205994,0.101007901,5.3697809029,0.1161458333,5.3869238281,0.5143329938,5.3813604025,1772311551.2229311,0.1457820296,0,-13.8472115577,0.0,11.1679925919,0.7629430061,0.0523161768,-0.284416442,345.0,13.7944366455,0.2485901985,11264.1337067,0,6.5936181845
1e-05,0.496547195,18.7059906006,14.944378376,0.0874259938,0.0249841531,0.0101881687,6.2533333333,6.2230208333,18.6935863257,0.8379228059,0.5401490964,701,0.1276432325,0.487679422,18.654617513,-1.0295140898,0.0021840257,0.5242164888,0.5398843515,-1.0310067594,5e-05,0.0001041667,0.0815544668,0.292427324,18.5791248472,0.4959596048,0.5493261756,0.0388887008,0.6306734341,-0.3270588248,0.0985199181,0.1512714691,205994,0.1274419169,6.2908895075,0.169296875,6.2696614583,0.4865591457,6.2714605566,1772311551.2237377,0.1891053902,0,-18.7141287148,0.0,11.1679925919,0.8385025744,0.0425196044,-0.3267496278,345.0,18.6501147461,0.2932758365,11264.1354014,0,6.5491716008
1e-05,0.5337818977,12.1791653951,14.7638683319,0.0023448879,0.0256822299,0.0101786653,5.7579427083,5.7170182292,12.1992627194,0.7224935809,0.5626590665,702,0.0766699704,0.529197105,12.1692773438,-1.4310674493,0.0029462782,0.5494466755,0.5625587402,-1.4311849948,5e-05,0.0001302083,0.0890470776,0.2278779636,12.0693515242,0.5345939037,0.5652989314,0.0383065335,0.610567646,-0.2536135123,0.0826206053,0.1179437641,205994,0.0782062431,5.7453241843,0.0947526042,5.7402473958,0.5293958549,5.7281960984,1772311551.2249315,0.1346567932,0,-12.1902462242,0.0,11.1679925919,0.7233766919,0.0467147265,-0.2532454244,345.0,12.1434033203,0.2289766984,11264.1364016,0,6.0986037472
1e-05,0.4904070582,20.1522477214,14.7243173122,0.0817510764,0.0274421843,0.0105254038,6.9379980469,6.906796875,20.1688336863,0.8891500262,0.5343897401,703,0.1600127552,0.4835487581,20.1048209635,-0.8982522728,0.0031544076,0.5074676223,0.5338150549,-0.901217105,5e-05,0.0001432292,0.1040211005,0.2989946441,20.0247496673,0.4906738282,0.5407327361,0.0378353087,0.6336626749,-0.3263527158,0.105120416,0.1310952825,207222,0.1566049452,6.9715113182,0.194765625,6.9318782552,0.4824878414,6.9240734871,1772311551.225932,0.2027035127,0,-20.1560438961,0.0,30.4974724452,0.8883366323,0.0745497645,-0.3254262714,722.3333333333,20.0836783854,0.3002435885,11264.1369046,0,5.7399687669
1e-05,0.5309566552,12.5109292603,14.5222699642,-0.0210100116,0.0226941882,0.0100203061,5.5372070313,5.5108024089,12.5373706908,0.7105238624,0.5602351129,704,0.0972606887,0.5262845059,12.4882157389,-1.3976948563,0.0022097087,0.5356116615,0.561057808,-1.3996812201,5e-05,9.76562e-05,0.1222110223,0.2323499893,12.4141052186,0.5310160365,0.5630754279,0.0377327228,0.6082642812,-0.2459247438,0.0827648335,0.1023168714,207222,0.0961033987,5.5496737831,0.1048177083,5.5467513021,0.5271597986,5.5255625276,1772311551.2264328,0.1353775762,0,-12.522879249,0.0,40.1622123718,0.71209414,0.0662273418,-0.2454504266,911.0,12.4754996745,0.2315018732,11264.1374042,0,5.5681990743
1e-05,0.5375894017,11.6808984375,14.7625946999,0.0017466835,0.0233986394,0.0102480062,5.5432356771,5.502405599,11.7157192718,0.7162878531,0.5635143568,705,0.0842944029,0.5328510992,11.6513004557,-1.4328811069,0.0030070937,0.5448441619,0.5644715593,-1.432845486,5e-05,0.0001367188,0.1039645751,0.2169522039,11.6029926903,0.5365880413,0.5543302407,0.0382958444,0.6145347846,-0.2352948299,0.0850761211,0.1159487423,207222,0.0859377048,5.5451284769,0.0892578125,5.5338671875,0.5355139302,5.5161459776,1772311551.2269359,0.1279078499,0,-11.6929381431,0.0,40.1622123718,0.7180096228,0.0598941278,-0.2350565904,911.0,11.6482714844,0.2165597357,11264.1379045,0,5.500225422
1e-05,0.476925321,22.8368017578,14.2694914341,0.1371256813,0.024481316,0.0102345586,7.3313802083,7.301171875,22.8243345827,0.9168579762,0.5250922739,706,0.1737256076,0.467501705,22.7773457845,-0.7758457144,0.0035355338,0.5044730155,0.5265710993,-0.772479529,5e-05,0.00015625,0.0712988157,0.3278412846,22.6737016374,0.474115343,0.5419129521,0.0366738939,0.6432745357,-0.3524669946,0.1117448266,0.1455842228,208295,0.1753725532,7.3554233619,0.2248567708,7.346484375,0.4666740493,7.3077139874,1772311551.2274354,0.2279960355,0,-22.8440532815,0.0,36.6415672302,0.918589018,0.0355160808,-0.3535156638,964.6666666667,22.759009196,0.3325148412,11264.1379045,0,7.1965141284
1e-05,0.5256466315,13.4117683919,14.5359783173,0.0187041639,0.0241090757,0.0102433983,5.4876627604,5.4471695964,13.4363283514,0.7293302333,0.5572689493,707,0.100022266,0.5199848979,13.3800642904,-1.3384095204,0.0033017215,0.538036946,0.5573970348,-1.3420196704,5e-05,0.0001497396,0.1021490193,0.2286462049,13.3098789405,0.5268604651,0.556459814,0.0375789833,0.6156965862,-0.2655928386,0.085876386,0.1101934314,208295,0.1018306016,5.4918676695,0.1126041667,5.4755729167,0.5186266601,5.4677986697,1772311551.2279358,0.1463167158,0,-13.4330328912,0.0,29.600276947,0.7293100692,0.0664830106,-0.2655509571,1072.0,13.3738191732,0.2290887916,11264.1384038,0,5.5286124167
1e-05,0.5300099335,13.240485026,14.790541172,0.0284169213,0.0238244808,0.0102983936,5.771328125,5.7411197917,13.2493758259,0.7504595289,0.5598881263,708,0.0938577319,0.5230242018,13.1998798879,-1.364520731,0.0037436632,0.5448883983,0.5611574044,-1.3627794238,5e-05,0.0001692708,0.0747200005,0.237298964,13.1284245942,0.5287146549,0.561167768,0.0383732478,0.6163778037,-0.2593913781,0.0844925144,0.1112719364,208295,0.0926085635,5.7665795561,0.105546875,5.7746875,0.5234905187,5.7582508596,1772311551.228435,0.1444105451,0,-13.2521408247,0.0010735989,29.600276947,0.7491287696,0.0291073477,-0.2608780857,1072.0,13.2219042969,0.2394108684,11264.1389045,0,5.6901867567
1e-05,0.4874146492,20.3467496745,14.7376890182,0.0738379853,0.0235745258,0.0102641098,6.800016276,6.7633919271,20.3500014232,0.889795723,0.5367751322,709,0.1551207367,0.4834187542,20.318601888,-0.9060685247,0.0027989643,0.5022667011,0.5353655696,-0.9048410286,5e-05,0.0001236979,0.1171738439,0.3076466863,20.2477529056,0.4881743766,0.5384679598,0.0381767797,0.6325007898,-0.3254367279,0.1032193095,0.1364581697,208295,0.1560567416,6.829921808,0.1954296875,6.7866080729,0.4839705405,6.8186286226,1772311551.2289357,0.2030869594,0,-20.3524683013,0.0,29.600276947,0.8890846733,0.06446322,-0.3259078038,1072.0,20.2497243245,0.3041747759,11422.6188033,0,6.2097158659
1e-05,0.5306906682,11.9790690104,14.6766550541,-0.0592060491,0.0226219259,0.0103477677,5.5799186198,5.5537369792,12.0042648305,0.7671814226,0.5602049075,710,0.1003088591,0.5260028657,11.9682861328,-1.3457687672,0.0017677669,0.5230184585,0.5610134058,-1.3480251197,5e-05,7.8125e-05,0.1742755745,0.2317382502,11.9043321955,0.5304056097,0.5539536135,0.0379220422,0.6027543392,-0.2550686248,0.0805355374,0.1208795459,208295,0.1009126964,5.5931520586,0.099296875,5.6221972656,0.5255331179,5.5864306663,1772311709.7134852,0.1287333324,0,-11.9972805571,0.0,29.600276947,0.7618436638,0.0903556153,-0.2569592826,1072.0,11.943421224,0.2328255707,11422.6198035,0,5.3120252758
1e-05,0.5322013148,11.4613850911,14.3499846458,-0.0420293535,0.0231053383,0.0102520466,5.4654296875,5.4464306641,11.49866566,0.7556041013,0.5644513769,711,0.0814042816,0.5307414668,11.4290380859,-1.3898851191,0.0018285824,0.529133095,0.5630837561,-1.3898214453,5e-05,8.46354e-05,0.1492937856,0.2309193966,11.3838897088,0.5334118918,0.5529644745,0.0369528913,0.6064912422,-0.2472660447,0.0808337626,0.1038229206,208295,0.0819706443,5.5056927084,0.0926953125,5.4987239583,0.5305278542,5.4902085126,1772311709.7144856,0.1270767704,0,-11.479859896,0.0,29.600276947,0.7549513925,0.0892175005,-0.2503291086,1072.0,11.4569303385,0.2317609486,11422.6208035,0,4.4371893918
1e-05,0.5054649638,16.1961032104,14.6798980236,0.0564200927,0.023820307,0.0104635398,5.7969270833,5.7556119792,16.1764382738,0.7739315938,0.5512544547,712,0.0940646401,0.501849756,16.1509472656,-1.1952137923,0.0012393268,0.5323674295,0.5522075146,-1.1912042721,5e-05,5.85938e-05,0.0851565425,0.2781274521,16.0548395454,0.505900384,0.5515765382,0.0378056018,0.6254927558,-0.2944589506,0.0897876199,0.1589688625,208295,0.0982456657,5.8109030024,0.1433333333,5.8055729167,0.5041126593,5.7902250105,1772311709.7149854,0.1664269137,0,-16.2071605062,0.0,29.600276947,0.7826412599,0.0461775383,-0.2953559315,1072.0,16.1651155599,0.2806771959,11422.6213051,0,7.3899275627
1e-05,0.5065180228,15.7796907552,14.7650125027,0.0326188878,0.0232798089,0.0102533913,5.8797135417,5.8579150391,15.816001876,0.8222378339,0.5512458231,713,0.0872508662,0.5043319598,15.7106542969,-1.1679620766,0.0008838835,0.5262110406,0.551517106,-1.1687784585,5e-05,3.90625e-05,0.1062629723,0.2851824844,15.6895027411,0.5069976068,0.5452808103,0.0381809258,0.6258181008,-0.2894398135,0.0874178784,0.1232030169,208295,0.0899789437,5.9180881781,0.14,5.9077604167,0.505031913,5.9041732931,1772311709.7159853,0.1633426308,0,-15.7911387233,0.0,29.600276947,0.825076767,0.0542269252,-0.2894718737,1072.0,15.7613183594,0.2845580286,11422.6223035,0,5.688135718
1e-05,0.5129679473,14.8433215332,14.596736908,0.0304331079,0.0258677251,0.0101674326,5.7331054687,5.6946207682,14.8758244427,0.7958759518,0.5562997326,714,0.0825725405,0.509778092,14.7900447591,-1.255152719,0.0028597798,0.5351944246,0.5559095775,-1.25944875,5e-05,0.0001302083,0.088095286,0.2806106976,14.7389538767,0.5128630606,0.5567677156,0.0378088927,0.6201807082,-0.2852285582,0.0887950526,0.1181436639,208295,0.0830857566,5.7590657672,0.1287109375,5.7251009115,0.5105727615,5.730502301,1772311709.7169852,0.1599405697,0,-14.8549844048,0.0,29.600276947,0.795758199,0.0559922021,-0.2869698805,1072.0,14.8037898763,0.2784283518,11422.6228044,0,5.7979457265
1e-05,0.5137877856,14.6710986328,14.2588772774,0.0284081775,0.0244615513,0.0101285013,5.7137369792,5.6739648438,14.6841660352,0.7903903817,0.5559022092,715,0.0642519293,0.5086802888,14.6249780273,-1.268343118,0.0023570226,0.5354885915,0.5550955178,-1.262614543,5e-05,0.0001041667,0.1032129754,0.2786325548,14.57252292,0.5129636128,0.5569278759,0.0367749945,0.619206634,-0.2913489271,0.0918700459,0.1318430386,208295,0.0624829758,5.7394237273,0.1259244792,5.7014420573,0.5090209619,5.7025274075,1772311709.7174857,0.1545046937,0,-14.688102119,0.0,29.600276947,0.7926045655,0.0332837894,-0.2939032727,1072.0,14.6530856832,0.2813965287,11422.6233057,0,6.0003992992
1e-05,0.5229565832,12.3935139974,14.6059315205,-0.0641609367,0.0218985679,0.0101391236,5.7863216146,5.7242578125,12.4274162994,0.8081002583,0.5588468249,716,0.0812571594,0.5184579449,12.3697200521,-1.2691902744,0.001620453,0.5109320599,0.5591894126,-1.2614400184,5e-05,7.16146e-05,0.1931266683,0.2569218974,12.3280445889,0.523229729,0.5444640032,0.0377763828,0.6070398807,-0.2655377789,0.0806151236,0.1165000872,208295,0.0835788645,5.7894304424,0.11,5.7417708333,0.5183443186,5.7832949627,1772311709.7179866,0.1302754086,0,-12.4038568956,0.0,29.600276947,0.8114230576,0.1070438764,-0.2703934591,1072.0,12.3521500651,0.2562682735,11422.6238035,0,4.6867628893
1e-05,0.5365124247,10.4846931966,15.0028386116,-0.0234286763,0.0249908118,0.010369397,4.9516210938,4.9267936198,10.5053715672,0.7200735509,0.5662404761,717,0.0277987782,0.5307011937,10.4662068685,-1.4796207609,0.0012393268,0.5455673058,0.5671128489,-1.4812755597,5e-05,5.85938e-05,0.1259124575,0.2331729898,10.3893751525,0.5364448999,0.5613772273,0.0389953534,0.609503099,-0.2541213354,0.0773650608,0.08615187,208295,0.0291929878,4.9654216305,0.08,4.956640625,0.5298089267,4.9447715418,1772311709.7189858,0.1190965845,0,-10.4975797304,0.0,29.600276947,0.7206007672,0.0613285262,-0.252640216,1072.0,10.4541373698,0.2349345793,11422.6243048,0,4.8967732464
1e-05,0.5025631105,17.7326647949,14.6279447079,0.0675785011,0.0267593835,0.0099888213,6.6059895833,6.598671875,17.7544586717,0.8739438101,0.5494914031,718,0.0958691943,0.4964597211,17.693125,-1.0836061484,0.0030070937,0.5266823366,0.5494895278,-1.0860430346,5e-05,0.0001367188,0.0851924013,0.2967582853,17.625706936,0.5023789868,0.5519996897,0.0381006066,0.6293542552,-0.3218183474,0.0959535506,0.1197818421,208295,0.0966017685,6.6251205977,0.1582942708,6.64328125,0.4955920073,6.6107641466,1772311709.719487,0.1825233579,0,-17.7458604097,0.0,29.600276947,0.8759828985,0.0545790844,-0.3197840686,1072.0,17.6838313802,0.2972105868,11422.6248044,0,6.6002834614
1e-05,0.500961251,16.8206884766,14.4468564987,0.0539533172,0.0254316725,0.0100094263,6.1786848958,6.1525325521,16.8593321602,0.8453704953,0.5494219164,719,0.1023209984,0.4968985824,16.7716194661,-1.1146167572,0.003240906,0.5255419114,0.5485636667,-1.1168056575,5e-05,0.0001432292,0.0946465691,0.2972506119,16.7368663886,0.5002167107,0.5489141234,0.0374256237,0.6271575828,-0.3138799793,0.0952887155,0.151638905,208295,0.1029139571,6.213955406,0.1555859375,6.2013509115,0.4964882128,6.1818197453,1772311709.719487,0.1729461638,0,-16.8289227641,0.0,29.600276947,0.8427879395,0.0441076116,-0.3144624263,1072.0,16.7861857096,0.2981161379,11583.2406732,0,6.4703642962
1e-05,0.5099173332,15.6684619141,15.7283430099,0.070656216,0.026441447,0.010411733,6.1181770833,6.0701041667,15.6973669254,0.8394260467,0.5542392532,720,0.0839468854,0.5045874455,15.6114363607,-1.1996473555,0.0032760385,0.5405242244,0.5553984249,-1.1963054152,5e-05,0.00015625,0.0635915658,0.2894004693,15.5567482985,0.5098787378,0.5524089009,0.0413261064,0.6316301316,-0.3105099825,0.0965566931,0.1267070668,208295,0.0785138232,6.1270475797,0.1353645833,6.0846875,0.5044603511,6.0865626514,1772311870.3405755,0.1686645618,0,-15.6831388097,0.0,29.600276947,0.8402266613,0.0476399531,-0.3077578657,1072.0,15.6393190511,0.2916917252,11583.2418198,0,5.8210055537
1e-05,0.5179982768,14.8502416992,15.335542202,0.0382773582,0.0253874809,0.0102076165,6.029609375,6.0032161458,14.8532035867,0.8181766536,0.5582665478,721,0.0728657721,0.5126480367,14.8225984701,-1.2640324032,0.0030935921,0.5370352258,0.5583690727,-1.2654984728,5e-05,0.0001367188,0.0788076987,0.2650680245,14.7121828078,0.5193735181,0.5586101681,0.0401983007,0.6216313279,-0.2933447677,0.093857472,0.1126283242,208295,0.0699618159,6.0530773602,0.1275260417,6.0279557292,0.5126674904,6.0132368579,1772311870.3410754,0.1624006168,0,-14.8629871783,0.0,29.600276947,0.8143043079,0.0523312954,-0.292208637,1072.0,14.795012207,0.2689684129,11583.2423194,0,5.5457305983
1e-05,0.5194414329,14.1252408854,15.1316609383,0.0110429621,0.0238822783,0.0101914787,5.9931575521,5.945563151,14.1488057682,0.7953409206,0.5578601982,722,0.0662060072,0.5124184747,14.0795963542,-1.2584899809,0.0023570226,0.5249772311,0.5585379399,-1.2572918213,5e-05,0.0001041667,0.1251855252,0.257505786,14.0341362691,0.5194861787,0.5484960334,0.0395108851,0.619445048,-0.2762863466,0.088305704,0.1106230013,208295,0.065015461,5.9789188925,0.1253776042,5.9637369792,0.5143981485,5.9545899413,1772311870.342222,0.1473834824,0,-14.1354449155,0.0,29.600276947,0.7938893076,0.0671151066,-0.2776866959,1072.0,14.0945182292,0.2582203865,11583.2428196,0,5.776866835
1e-05,0.5329728036,11.6179907227,15.4324023724,-0.0421177597,0.0240566023,0.0102644237,5.5488216146,5.5151041667,11.6485004222,0.7435415586,0.5637173227,723,0.0696756162,0.5268281473,11.6069759115,-1.3807045273,0.001620453,0.5310906344,0.5625240299,-1.3860424338,5e-05,7.16146e-05,0.1452094135,0.2260114789,11.5356081854,0.531261459,0.553626232,0.0402336748,0.6090885486,-0.2546063362,0.0782231596,0.1107764642,213532,0.0668285406,5.5621520088,0.0933333333,5.5603710937,0.5266498064,5.5536451874,1772311870.3427217,0.1251847573,0,-11.6318248027,0.0,15.8617420197,0.7460566203,0.0747661494,-0.2515343774,600.0,11.5788468424,0.2279478302,11583.243375,0,5.4920776391
1e-05,0.5232783352,13.1502799479,14.7697565556,0.0296274464,0.0274590024,0.0101952243,5.564781901,5.5358382161,13.1683254121,0.7732109174,0.5619853938,724,0.0601908706,0.5227553483,13.1119466146,-1.3469755793,0.0023570226,0.5461700948,0.5620837829,-1.3441874067,5e-05,0.0001041667,0.0752269133,0.2556978309,13.0341426224,0.5235264563,0.5549614372,0.0383561158,0.6237222079,-0.2693949489,0.0883795843,0.1380050542,213532,0.0545728305,5.5908958384,0.1086979167,5.5908886719,0.5209221969,5.5585821023,1772311870.343222,0.1459673553,0,-13.1665069291,0.0,8.992474556,0.7693483916,0.0469331453,-0.268082939,364.0,13.124046224,0.2580393115,11583.2438777,0,6.3468230395
1e-05,0.5053768283,16.5703125,14.5559432507,0.0312732709,0.0256966514,0.0100199064,6.3575520833,6.3173665365,16.560154585,0.8613314861,0.5506290675,725,0.0860179252,0.5045618056,16.5483886719,-1.1065177538,0.0030679092,0.5196622047,0.5510816693,-1.111044759,5e-05,0.0001432292,0.1132313373,0.2938897675,16.4537344501,0.5045860811,0.5419231024,0.0378384089,0.6275264202,-0.2975154874,0.0977277631,0.1439684803,213532,0.0832397862,6.3553097341,0.1515494792,6.346311849,0.5040103505,6.3262692877,1772311870.3437772,0.1671868633,0,-16.5805064922,0.0,8.992474556,0.8645778362,0.0505293579,-0.2901973562,364.0,16.4955338542,0.2952471392,11583.2443794,0,6.6871993278
1e-05,0.4958564776,17.5503023275,14.5685782433,0.067026064,0.0297147281,0.0101316881,6.1807161458,6.138811849,17.5781136776,0.8638073359,0.5479250753,726,0.1029489186,0.4934424334,17.4424820964,-1.0563107864,0.0030935921,0.5204338952,0.5480489915,-1.048116831,5e-05,0.0001367188,0.0935114275,0.3083291551,17.4547357835,0.4966017973,0.5467252281,0.0377328563,0.62999533,-0.3137652703,0.0985698336,0.1472061807,214336,0.101702017,6.1995159393,0.1654557292,6.1830664063,0.494197914,6.1726505957,1772311870.34428,0.1847359969,0,-17.5604126246,0.0,13.4286677043,0.8645506091,0.0593816432,-0.3138168946,510.3333333333,17.5271476237,0.3111213332,11583.2448777,0,6.5326738877
1e-05,0.4947369916,17.9055301921,14.4243609905,0.0505955626,0.0228814215,0.0100831079,6.0264973958,5.9956770833,17.8911070831,0.8225456735,0.5456317011,727,0.0863415633,0.4917683526,17.8624503581,-1.0784728611,0.0020623947,0.5210711263,0.5440455121,-1.0799302137,5e-05,9.11458e-05,0.1062519903,0.2998945304,17.798612483,0.4947785981,0.5533207115,0.0373488728,0.6235248047,-0.307138359,0.0938282852,0.1127152088,214336,0.0872931164,6.0442948246,0.1659114583,6.0262369792,0.4929483032,6.0403041015,1772311870.3447819,0.1793897207,0,-17.9105864713,0.0,22.3010540009,0.8225292386,0.0555353843,-0.3091865108,803.0,17.8419551595,0.2985354461,11583.2453775,0,6.0501058837
1e-05,0.4891504337,18.8383170573,14.8855729103,0.064068095,0.0263766511,0.0103297361,6.2009375,6.1726822917,18.8515571854,0.8525204928,0.5440874531,728,0.0866903366,0.4898888035,18.7590869141,-1.0192454278,0.0025043365,0.5184906853,0.5436425233,-1.0206794969,5e-05,0.0001106771,0.1040456634,0.3161773714,18.7291755879,0.4909032345,0.5480007706,0.0385909486,0.6295755474,-0.3133211801,0.0991200448,0.1254455735,214336,0.0881361152,6.2319125859,0.1760807292,6.2096354167,0.4888047185,6.2023955623,1772311870.3452802,0.1927853939,0,-18.8480661724,0.0,22.3010540009,0.8499853186,0.0536458797,-0.3098858877,803.0,18.8033105469,0.3155415686,11583.2458773,0,6.3852515056
1e-05,0.5264423082,12.1281689453,14.5433542728,-0.0210672234,0.0228581453,0.0105632114,5.1303385417,5.0948697917,12.1628796031,0.7057364444,0.5632455097,729,0.033417569,0.527583141,12.1084883626,-1.4203124229,0.0022097087,0.5411576398,0.5633930222,-1.4196702441,5e-05,9.76562e-05,0.1181329788,0.2486226312,12.0744245454,0.5271409263,0.5614988792,0.0371925728,0.6101152656,-0.239934955,0.0809645654,0.1285003624,214336,0.0344623788,5.1542748205,0.0992447917,5.1380729167,0.5277319948,5.1368833486,1772311870.34578,0.1259513554,0,-12.1401969527,0.0,22.3010540009,0.7089454673,0.0343884027,-0.239249326,803.0,12.0890591431,0.248420184,11742.154922,0,6.8624600899
1e-05,0.5124376104,14.3063826497,15.0212268829,0.0032103856,0.0266710122,0.0105941065,5.284749349,5.2568457031,14.3109537939,0.7517635818,0.5575733364,730,0.0610271518,0.5107406179,14.2594718424,-1.2658747478,0.0023570226,0.5291920921,0.5561276832,-1.2638962392,5e-05,0.0001041667,0.1218658092,0.2703948668,14.2035454712,0.5113927261,0.5534548219,0.0387181846,0.6176791813,-0.2652629646,0.0878619337,0.1007292584,215379,0.0622379222,5.3222470733,0.13,5.2896744792,0.5106707506,5.2852029028,1772312029.2599888,0.1490843293,0,-14.318439232,0.0,13.3612976074,0.7524400002,0.0559891501,-0.2670321774,317.0,14.2702001953,0.2703682952,11742.1554218,0,5.2609360868
1e-05,0.4812522821,20.3708551025,14.6910750866,0.0990042799,0.0271835764,0.0104266826,6.2552734375,6.2304296875,20.3832857461,0.8587736766,0.5412047604,731,0.1135306508,0.4774025091,20.3052018229,-0.9291434085,0.0022097087,0.5125337302,0.540985257,-0.9269089115,5e-05,9.76562e-05,0.0938956776,0.3248953956,20.2560040867,0.4812892076,0.5425896037,0.0378857446,0.6378788255,-0.3225645207,0.1016790899,0.1289185194,215379,0.1164640212,6.2880802719,0.1966666667,6.2776692708,0.4787242183,6.2568843021,1772312029.260989,0.2056560838,0,-20.3716202894,0.0,13.3612976074,0.8606628229,0.0550105738,-0.3214833471,317.0,20.2948404948,0.3232268159,11742.155922,0,6.6434854221
1e-05,0.4878121356,19.2523989868,14.4636712074,0.0807945437,0.0256036993,0.010179828,6.348297526,6.3348014323,19.2615498698,0.8393481869,0.543377997,732,0.1217109347,0.4875510142,19.1921055094,-0.997835501,0.0033882199,0.5140818553,0.5445829791,-0.9980259379,5e-05,0.0001497396,0.0941861226,0.3102184113,19.1406615356,0.4891586085,0.5464021827,0.037385598,0.6284805322,-0.303773163,0.1007671116,0.1196874098,215379,0.1215131696,6.3987291601,0.185546875,6.3851432292,0.4877116833,6.3743785908,1772312029.2614892,0.1965853186,0,-19.2620171674,0.0,13.3612976074,0.8362203413,0.0555409962,-0.3047372136,317.0,19.196891276,0.3100720997,11742.1564217,0,5.7169916921
1e-05,0.5193723459,13.1470320638,14.6066756248,-0.0383449657,0.0237139791,0.0101773977,5.7363802083,5.6914534505,13.1446136457,0.7843190822,0.5575262171,733,0.1027593109,0.5194262133,13.1196042887,-1.2633821429,0.0025651519,0.5153655854,0.558336296,-1.2605638175,5e-05,0.0001171875,0.1720303751,0.2602282272,13.0563381609,0.5195283082,0.5474912767,0.0378054269,0.6066257674,-0.2551433004,0.0880422858,0.1170694481,216088,0.1022715551,5.7416042316,0.1166666667,5.7415559896,0.5194202959,5.7196536237,1772312029.2614892,0.1393805815,0,-13.1592311255,0.0,19.5812416077,0.7837029633,0.0987538595,-0.2557498656,577.6666666667,13.0985680135,0.2609792446,11742.156922,0,4.8399745487
1e-05,0.5192198511,13.5869200897,14.5570650101,-0.0384270112,0.0217628505,0.0100125869,5.3816471354,5.3445377604,13.6128300353,0.712001091,0.5574988919,734,0.0945564514,0.5180186613,13.5390616862,-1.2847581187,0.0019758963,0.5167962033,0.5574067722,-1.2876115695,5e-05,9.11458e-05,0.1644536704,0.2408129776,13.5305287288,0.5204639145,0.548472014,0.037834971,0.6122330578,-0.2433221595,0.0797398489,0.1179411671,216088,0.0959772743,5.3868766065,0.1266666667,5.3848372396,0.5171888569,5.3879889198,1772312029.261989,0.1370135668,0,-13.5995457958,0.0,22.6912136078,0.7071909949,0.0802411362,-0.2405611335,708.0,13.5601057943,0.238393249,11742.1574222,0,5.4572710546
1e-05,0.5223361348,12.8272729492,14.5360927582,-0.0452657852,0.0234395009,0.0100591079,5.4790722656,5.4511442057,12.8644611985,0.73587936,0.5605830018,735,0.0739138818,0.520494239,12.8240828451,-1.324090435,0.0017677669,0.5236134361,0.5612895133,-1.3239981038,5e-05,7.8125e-05,0.1603888721,0.2513325764,12.7722621711,0.5222797166,0.5512719589,0.0377018293,0.6103376357,-0.2495274803,0.0819184437,0.1307975266,216088,0.0725556819,5.5105109936,0.1160546875,5.5079622396,0.5226305721,5.5058634221,1772312029.2624893,0.1325674956,0,-12.841803284,0.0,22.6912136078,0.7378520014,0.0689391942,-0.2497735155,708.0,12.7686474609,0.2468715893,11742.157922,0,6.1137672757
1e-05,0.4845329318,20.4827799479,14.6737763882,0.0878705511,0.0259325673,0.0102634621,6.4829166667,6.4459635417,20.5067628767,0.8691989637,0.5431215911,736,0.1088982023,0.4803905791,20.4008496094,-0.9343159087,0.0027124659,0.5101517595,0.5431121915,-0.9360501031,5e-05,0.0001236979,0.0967700205,0.3215479373,20.3892351876,0.482747567,0.5445114537,0.0379191645,0.6336742546,-0.3278531368,0.1019171272,0.1449539027,217285,0.1065349821,6.5178605103,0.1986067708,6.4841927083,0.4793993397,6.4953517266,1772312029.2629895,0.2058885061,0,-20.486892086,0.0,18.3730370204,0.8692683556,0.0493007169,-0.3269836555,607.3333333333,20.4290779622,0.3221860119,11742.1584219,0,5.9972676909
1e-05,0.4761505809,20.8290950521,14.3499572277,0.0997822969,0.0270086408,0.0102159341,6.4987760417,6.4810416667,20.8491496126,0.9020540175,0.541229358,737,0.1095880738,0.4756806193,20.78265625,-0.8871456921,0.0030935921,0.5108083248,0.5412701344,-0.892087121,5e-05,0.0001367188,0.0873352121,0.3405105681,20.7284847616,0.4758452353,0.5430715456,0.0369644507,0.638331691,-0.340652237,0.1033152885,0.1310464302,217285,0.1078697178,6.5380284933,0.2027734375,6.532265625,0.4759044085,6.5124645861,1772312029.2639892,0.2094265284,0,-20.8374627631,0.0,9.7366838455,0.9015265012,0.0483154535,-0.3383454342,406.0,20.7577026367,0.341693121,11742.1589219,0,6.2613844474
1e-05,0.5319097319,11.1249609375,14.4681847095,-0.0443169022,0.0234787398,0.0102467132,4.76109375,4.7297981771,11.1491389174,0.6790930159,0.5674949977,738,0.0406744577,0.5307027532,11.0950260417,-1.4599118833,0.0025043365,0.5400801895,0.5685764428,-1.4625703084,5e-05,0.0001106771,0.1356364856,0.2368154423,11.0513150356,0.5312726294,0.559629431,0.0373727592,0.6060861762,-0.2367097428,0.0787922684,0.1019171943,217285,0.0388536579,4.7965772101,0.0933333333,4.7722167969,0.5287326023,4.7714322274,1772312029.2644892,0.1199979012,0,-11.141855841,0.0,9.7366838455,0.6808318178,0.0557929607,-0.2343537508,406.0,11.1042008464,0.2377535797,11742.1594218,0,5.4428243466
1e-05,0.5233915875,12.6706323242,14.5190811157,0.0134172599,0.0277108976,0.010360225,5.4127897135,5.3763053385,12.6896743055,0.7639355059,0.5640973346,739,0.0537973222,0.5254186518,12.6341764323,-1.351279315,0.0016812685,0.5398152607,0.5636849127,-1.3566308232,5e-05,7.8125e-05,0.1228146976,0.2611662637,12.5675907815,0.5234858819,0.5533114218,0.0374180468,0.6173074474,-0.2555202302,0.0824937908,0.1059037554,217285,0.0489546469,5.4159461261,0.1033333333,5.4012272135,0.5235685939,5.4021857743,1772312029.2644892,0.1396021479,0,-12.6784291025,0.0,9.7366838455,0.7631310396,0.067942868,-0.2545579559,406.0,12.6332714844,0.261386973,11903.1602986,0,5.0113786211
1e-05,0.5285836976,11.9303460693,14.5108571053,-0.0310312249,0.0237489272,0.0101442552,5.2272786458,5.1991536458,11.93362589,0.7263453392,0.5664650695,740,0.0400968224,0.5286803555,11.8995633952,-1.4097810014,0.0008838835,0.5362716391,0.564997315,-1.4073713271,5e-05,3.90625e-05,0.1391411706,0.2468822618,11.835694344,0.5288159828,0.5585883484,0.0375624609,0.6078476079,-0.2422600982,0.080230911,0.1000855569,217656,0.0432815287,5.245938533,0.0966666667,5.2373111979,0.5293539226,5.2316943273,1772312190.2700987,0.1282800074,0,-11.9458379132,0.0,10.4159975052,0.7257594399,0.0706375404,-0.2424732105,370.0,11.904432373,0.2467455748,11903.1612992,0,4.9130505183
1e-05,0.5237414844,12.0402734375,14.3790166378,-0.034697646,0.0252035481,0.0099943336,5.1753190104,5.1314550781,12.0570271999,0.7581173122,0.5650195557,741,0.0286593317,0.5260163752,11.9958235677,-1.3668869225,0.0004419417,0.5325963527,0.56414753,-1.3653121661,5e-05,1.95312e-05,0.1436825063,0.2638774104,11.9635283929,0.5227716173,0.5553957605,0.037283682,0.6083849335,-0.2511427619,0.0783712062,0.1072655471,217656,0.027725258,5.1697598029,0.1,5.1502929687,0.5246658545,5.1647438032,1772312190.271599,0.1280833466,0,-12.0539559377,0.0,10.4159975052,0.7564302684,0.0655972587,-0.2506096147,370.0,12.0266764323,0.2634318207,11903.1617989,0,5.3407724588
1e-05,0.5189665834,12.6883902995,14.6567065716,-0.0235530341,0.0250621088,0.0102541637,5.6709244792,5.6310188802,12.7018232699,0.8165273557,0.5640540844,742,0.0428096508,0.522369616,12.6525179036,-1.2889770106,0.0027124659,0.5278800477,0.563853523,-1.2906088491,5e-05,0.0001236979,0.1259675089,0.2732083938,12.5936239738,0.5189303077,0.5529326262,0.037894671,0.6121282031,-0.2699878354,0.0852786335,0.0956577811,217656,0.0404552723,5.657230523,0.1114713542,5.6622135417,0.5209969181,5.6414451976,1772312190.2720993,0.1375323144,0,-12.7015636917,0.0,10.4159975052,0.8164680091,0.0848232414,-0.2679441418,370.0,12.6523128255,0.2744958349,11903.1622998,0,4.59674167
1e-05,0.507229501,15.4931709798,15.2022819519,-0.0315968096,0.0259664095,0.0103226479,6.6520996094,6.6213476563,15.5039761996,0.9143986254,0.5587019232,743,0.0902016343,0.5076291754,15.4365590922,-1.0896835496,0.003240906,0.5058737392,0.5568384824,-1.0880438599,5e-05,0.0001432292,0.1704936357,0.3003449292,15.4345852596,0.5064275885,0.5414054452,0.0394987965,0.6123710197,-0.2921125832,0.091282045,0.1357415194,217656,0.0915170504,6.6502600151,0.1412630208,6.6786458333,0.5083911728,6.6573530876,1772312190.272599,0.1533763044,0,-15.5064064859,0.0,10.4159975052,0.9155782452,0.0974301021,-0.2950648236,370.0,15.4666197713,0.2995893712,11903.1627984,0,5.4273946233
1e-05,0.5035634888,15.4844338481,15.1908452511,0.0118998355,0.0260845347,0.0101930038,5.4854752604,5.4565136719,15.4940781512,0.7815509454,0.5605770154,744,0.0603368864,0.5046271631,15.4404349772,-1.2270023676,0.0022097087,0.5276973055,0.5587198492,-1.2277897839,5e-05,9.76562e-05,0.1106671021,0.2924747046,15.418693915,0.5046641397,0.5553445329,0.0397348873,0.61913893,-0.2789164635,0.0905274229,0.120974666,217656,0.0641179747,5.5030557748,0.14,5.4970540365,0.5062256529,5.4933029041,1772312190.2730997,0.1598698133,0,-15.4940854209,0.0,10.4159975052,0.780457595,0.0467661126,-0.2803778957,370.0,15.4514604696,0.2909212637,11903.1632988,0,6.3558152069
1e-05,0.5148029148,14.0522753906,15.4655530453,0.0045190815,0.026497086,0.010455989,5.2898665365,5.2432991536,14.0732473425,0.775506421,0.5611906094,745,0.0571439387,0.512180493,13.9818001302,-1.2768441061,0.0028597798,0.5290033845,0.5620498936,-1.2757997,5e-05,0.0001302083,0.114039048,0.2706698101,13.9637467419,0.5150003948,0.5525576263,0.0403022353,0.6140811459,-0.273303895,0.0870867946,0.1132997557,217656,0.0570602795,5.2975196635,0.1259635417,5.272249349,0.5123154326,5.2737698043,1772312190.2735984,0.1499579692,0,-14.0680035038,0.0,10.4159975052,0.7750080979,0.0652470976,-0.275288392,370.0,14.031171875,0.2691744566,11903.1637995,0,5.8618628681
1e-05,0.492984194,18.3283528646,15.3890888691,0.0677869247,0.0258780644,0.0110506829,6.2165722656,6.1736588542,18.3226525877,0.8483047991,0.5504447168,746,0.0839237743,0.4879196312,18.2626171875,-1.040196075,0.003362537,0.5194379346,0.5506417269,-1.0406107775,5e-05,0.00015625,0.0983352767,0.3062612299,18.2071677792,0.4932573148,0.5459013803,0.0394733755,0.6340573152,-0.3134039691,0.0973072136,0.1305745607,217656,0.0884065216,6.2247036311,0.1755078125,6.1934049479,0.4900388944,6.2012445721,1772312190.2745998,0.1845981469,0,-18.3384815739,0.0,10.4159975052,0.8511795507,0.0521909373,-0.3163802645,370.0,18.2874609375,0.3086103554,11903.1642989,0,6.1070857627
1e-05,0.5226939477,13.2123410924,14.8266568184,0.0170382922,0.0266521024,0.0101519966,5.8529199219,5.8344661458,13.2290829493,0.8227525888,0.5663192451,747,0.0287417521,0.5242228586,13.1673974609,-1.3402779297,0.0027989643,0.5398403978,0.5671816121,-1.3354593849,5e-05,0.0001236979,0.0988500812,0.2805672983,13.1005358214,0.5212353207,0.563202916,0.0385266328,0.6160978023,-0.2711066364,0.0861777951,0.0928553922,217656,0.0295165672,5.8592940555,0.109609375,5.8648177083,0.5228784942,5.8417268343,1772312190.275099,0.1451237909,0,-13.2267207977,0.0,10.4159975052,0.8313350616,0.0497258169,-0.2708076234,370.0,13.1978271484,0.2842074969,11903.1647987,0,5.083534017
1e-05,0.4807678568,20.9167399089,14.7584879398,0.1026744091,0.0271287761,0.0107880219,6.890390625,6.8526302083,20.9386907521,0.9597492912,0.5476338411,748,0.0879032191,0.4788863337,20.8630952962,-0.8993971558,0.0030070937,0.5121356931,0.5476489389,-0.9062908578,5e-05,0.0001367188,0.0809445156,0.3515849553,20.8110253322,0.4816929508,0.5453762285,0.0377393436,0.6354600412,-0.3515347817,0.1060267441,0.1275263233,217656,0.0883227892,6.896363823,0.2000520833,6.8721875,0.4778651716,6.8697439007,1772312190.2755988,0.212227753,0,-20.9271989693,0.0,10.4159975052,0.9607946151,0.0519252713,-0.3511778217,370.0,20.8591048177,0.3483751672,11903.1652988,0,6.2957354764
1e-05,0.5100276564,14.8649430339,14.4668223858,0.0261647941,0.0254886961,0.0101223914,5.704781901,5.6896809896,14.8977531917,0.8333958249,0.5606573452,749,0.0506927188,0.5065455644,14.8068977865,-1.2024743864,0.0027124659,0.5290096832,0.5617197381,-1.2038330903,5e-05,0.0001236979,0.0986543369,0.2816886498,14.7825272905,0.5117125167,0.5511465879,0.0374161522,0.6211581026,-0.297025986,0.0891905411,0.1144589791,217656,0.0506919406,5.7383618078,0.13,5.7350390625,0.505665257,5.7154206125,1772312190.276099,0.1561831438,0,-14.8807787006,0.0,10.4159975052,0.8289266506,0.0638886131,-0.2960578277,370.0,14.8491485087,0.2827397456,12063.0795443,0,5.0372059216
1e-05,0.5377891962,10.0791015625,14.8813390732,-0.0083035389,0.030134667,0.0103246999,4.99671875,4.9723697917,10.101276818,0.7531454479,0.573291548,750,0.011773016,0.5343299716,10.0549967448,-1.510998052,0.0027989643,0.5600782902,0.5733832145,-1.5147472107,5e-05,0.0001236979,0.0828185638,0.2461436446,9.9835146899,0.5382676833,0.5641041671,0.0384707443,0.6124666152,-0.2612555698,0.0786695335,0.1034066226,221425,0.0114187318,5.0156392761,0.0694270833,5.0090364583,0.5339415494,4.9928287923,1772312350.195042,0.1164646659,0,-10.0980185355,0.0,102.6289825439,0.7525811444,0.0306080473,-0.260509943,3768.0,10.0780818685,0.2443501217,12063.0795443,0,5.8636944534
1e-05,0.5111564469,14.7981835938,14.6386506557,0.0485907413,0.0287670558,0.0102321323,5.8345052083,5.8162239583,14.8250519674,0.8407497865,0.5637205155,751,0.0491844415,0.5085806806,14.7596883138,-1.2547526042,0.0031544076,0.541919268,0.5645766665,-1.2531880887,5e-05,0.0001432292,0.0632273305,0.2922073767,14.6876926762,0.5123868951,0.558547842,0.0379043555,0.620013504,-0.3058490172,0.0934115368,0.1084737735,221425,0.0521881169,5.8514289312,0.1253515625,5.8572916667,0.5084284014,5.8086696744,1772312350.195542,0.1626527634,0,-14.8090651681,0.0,102.6289825439,0.8391907078,0.036626635,-0.3055498294,3768.0,14.764593099,0.2894983457,12063.0800443,0,5.6182864757
1e-05,0.5093289772,14.8887190755,14.3697926998,0.02363778,0.0272941061,0.0100477179,5.5625130208,5.5214453125,14.9275798887,0.8004646766,0.5625887607,752,0.047621167,0.5064473303,14.8636539714,-1.2473469381,0.0023570226,0.5318605938,0.5611076082,-1.2450923204,5e-05,0.0001041667,0.1048034368,0.2823706679,14.8071991807,0.5087054472,0.5526104923,0.037213006,0.6222402495,-0.2913652362,0.0879317858,0.111787368,221425,0.0467298219,5.5701102267,0.1328125,5.5446809896,0.5071157042,5.5399661106,1772312350.196042,0.1567589698,0,-14.9052321822,0.0,102.6289825439,0.7992498131,0.0543264444,-0.2932864899,3768.0,14.8455566406,0.2821787989,12063.0805444,0,6.3375955417
1e-05,0.5221389124,13.0168688965,14.7521696091,-0.0176023376,0.0252837679,0.0102688082,5.5678417969,5.5559147135,13.0134428811,0.7997997565,0.5674892616,753,0.0469699878,0.5205584635,12.9844628906,-1.3403705778,0.0019150808,0.5328695498,0.5673335391,-1.3419078391,5e-05,8.46354e-05,0.1298257873,0.2679067678,12.9008789693,0.5236246432,0.5583109131,0.0381303263,0.6112931673,-0.274850575,0.0833527311,0.10513827,222524,0.0461063692,5.5833540109,0.1085286458,5.6090364583,0.5208878641,5.5648886069,1772312350.196042,0.1396011452,0,-13.029676105,0.0,42.1027323405,0.7950492585,0.0651985506,-0.275816517,1504.6666666667,12.9844297282,0.2661858182,12063.0810443,0,5.6729040704
1e-05,0.5252854837,11.904913737,14.7012412548,0.0042907969,0.0287872501,0.0100208481,5.38171875,5.3379427083,11.9332210367,0.8035322772,0.5733438572,754,0.0368644007,0.5243971513,11.8601302083,-1.4063273817,0.0019758963,0.553274113,0.5720987713,-1.4073883478,5e-05,9.11458e-05,0.0787518789,0.2767846431,11.8132656949,0.5251245268,0.5629264831,0.038292942,0.615001053,-0.2807975763,0.0820079402,0.1240082042,222524,0.0372670771,5.3790534993,0.092109375,5.3656770833,0.5226194344,5.3633503628,1772312350.196542,0.1332458176,0,-11.9212821112,0.0,11.8396072388,0.8036124419,0.0389520552,-0.2811081307,373.0,11.9013254801,0.276747729,12063.0815445,0,6.1931323533
1e-05,0.510072567,14.8821407064,14.6324954033,0.0464363088,0.0311173885,0.010181752,5.7653125,5.7206770833,14.9293175185,0.8280960748,0.5645313318,755,0.0466103655,0.5051726149,14.8432988898,-1.2486256194,0.0019758963,0.5380640834,0.5642054626,-1.2501642819,5e-05,9.11458e-05,0.0888496653,0.2905058665,14.8114319651,0.5105799902,0.5557174522,0.0379443479,0.6222300671,-0.3049519022,0.0904315524,0.1189879714,222524,0.0464713275,5.7569022314,0.1286458333,5.7435416667,0.507442084,5.731770948,1772312350.197042,0.1585408414,0,-14.8944111567,0.0,11.8396072388,0.8286931128,0.0411588747,-0.3075236119,373.0,14.851640625,0.2896928374,12063.0815445,0,6.2719628565
1e-05,0.519346967,12.880452474,14.6509308815,0.018254455,0.0289509114,0.0101717114,5.1594401042,5.1180826823,12.8900103467,0.8002651897,0.5685251599,756,0.0371826561,0.5139584926,12.823519694,-1.3143958505,0.0020623947,0.5380349947,0.5690281933,-1.3201911267,5e-05,9.11458e-05,0.0959346578,0.2671410509,12.7890755774,0.5184991466,0.5489969626,0.0379160921,0.6196888248,-0.2931219547,0.0852518156,0.1134084917,222524,0.039970088,5.1753951784,0.11,5.1531966146,0.5138131785,5.1547381043,1772312350.1975422,0.1400264099,0,-12.8949125681,0.0,11.8396072388,0.800959988,0.0602938799,-0.2917685837,373.0,12.8709090169,0.2666484805,12063.0820445,0,5.8268261349
1e-05,0.53974448,9.6575732422,14.4295186996,-0.0277514705,0.0264689761,0.0100270104,4.9672721354,4.920452474,9.6801539261,0.7547443031,0.5743559653,757,0.014368973,0.5343508298,9.6452148438,-1.5106762489,0.0022097087,0.5504133707,0.5739541581,-1.5112131943,5e-05,9.76562e-05,0.1140388583,0.232103868,9.5785978677,0.5406439313,0.5591349753,0.0374288281,0.6087263757,-0.2602055547,0.0754373671,0.0922192539,222524,0.0169274951,4.9556723526,0.0666666667,4.94625,0.5353015147,4.9441695431,1772312350.1980422,0.1098414679,0,-9.6745263673,0.000500679,11.8396072388,0.757269102,0.0591145757,-0.2586455423,373.0,9.6306502279,0.2328270298,12063.0825452,0,4.5195667456
1e-05,0.5009097816,16.3872363281,14.7791557312,0.0423459593,0.0312727152,0.0103249852,5.784140625,5.7412858073,16.3863786656,0.8515756369,0.5626863891,758,0.0452199212,0.4950640478,16.3497086589,-1.140178922,0.0027989643,0.523764131,0.5602651803,-1.139270846,5e-05,0.0001236979,0.1089069789,0.2993094454,16.2658422397,0.501536052,0.5484749012,0.0382981237,0.625494861,-0.3252987883,0.0948176282,0.1313710309,222524,0.0440647883,5.8026256691,0.1527083333,5.767421875,0.49242083,5.7686960219,1772312350.1985428,0.1711884298,0,-16.4006195494,0.0,11.8396072388,0.8539039165,0.0570269717,-0.3228178401,373.0,16.3307926432,0.2961693347,12063.0830445,0,6.6025691671
1e-05,0.4836913363,19.5090523275,14.9627351761,0.0719577452,0.0294891089,0.010428737,6.2028222656,6.1674707031,19.557620969,0.8920399817,0.5529291468,759,0.0798101046,0.4794608026,19.4262312826,-0.9770567032,0.0023570226,0.5097949381,0.5534199133,-0.9798794576,5e-05,0.0001041667,0.1059314345,0.3279341855,19.444380047,0.4841029886,0.5428844424,0.0387365643,0.6315001329,-0.3419975513,0.1027142628,0.1438986904,222524,0.0827255217,6.2424049702,0.1894010417,6.2094270833,0.4795923831,6.2086367567,1772312350.1985428,0.1985290095,0,-19.522333114,0.0,11.8396072388,0.8919374273,0.0600256943,-0.3441746421,373.0,19.4917277018,0.3278963849,12227.5279185,0,6.6119231598
1e-05,0.5058649214,15.7580586751,14.6830863953,0.0564628331,0.0283740996,0.0102253461,5.6679557292,5.6392447917,15.7496766861,0.827429194,0.565954486,760,0.0481047575,0.5001475562,15.7073059082,-1.2185289407,0.0019150808,0.5346623416,0.5655149018,-1.2228173629,5e-05,8.46354e-05,0.0805344873,0.2962655422,15.6204629126,0.5071110306,0.5546502976,0.0380363448,0.6232601327,-0.3167340934,0.0910733219,0.1280668039,223703,0.0483880847,5.6873139413,0.1366666667,5.6769661458,0.4999427849,5.6625964767,1772312514.6485877,0.1697147033,0,-15.7678870114,0.0,29.6619777679,0.8271492113,0.0429373331,-0.316406858,1178.0,15.7335945638,0.2908672319,12227.5284185,0,6.0829712565
1e-05,0.5437186253,9.0801748657,14.5358142853,-0.0578508679,0.028387179,0.0102052609,5.1062695312,5.0648177083,9.1037370339,0.7390870655,0.5770258502,761,0.0048110871,0.5365728965,9.067508138,-1.5338037707,0.0019758963,0.5489954417,0.5762534423,-1.5302199737,5e-05,9.11458e-05,0.1213268578,0.2289516696,9.0034252926,0.5428137899,0.5612455865,0.0376010283,0.6030163395,-0.2584581576,0.0766434831,0.110260236,223703,0.0066125787,5.1157349454,0.0661067708,5.0955533854,0.5364717818,5.0965257178,1772312514.649761,0.1044527353,0,-9.0986411742,0.0,29.6619777679,0.7379476693,0.0482162448,-0.2592245867,1178.0,9.0730411784,0.2318739313,12227.5289186,0,5.9833465414
1e-05,0.5273860325,11.4029492188,14.3886399269,-0.08449147,0.0247307746,0.0098354904,5.8223632813,5.75171875,11.4119589662,0.849759537,0.5717024523,762,0.0459395597,0.5202445893,11.3581876628,-1.2981107281,0.0019150808,0.51053646,0.570965742,-1.3006580774,5e-05,8.46354e-05,0.2041810781,0.2629929738,11.3090193152,0.5262231787,0.5444093083,0.0374496134,0.6038451093,-0.2837305403,0.0800220943,0.1268593705,223703,0.045596131,5.7938588509,0.1020833333,5.7683951823,0.5215600957,5.778363382,1772312514.650261,0.1211164039,0,-11.4187212182,0.0,29.6619777679,0.8528698898,0.1098034384,-0.2855978529,1178.0,11.381788737,0.2647694329,12227.5302907,0,4.8127310718
1e-05,0.5363527047,10.777043457,14.7717106342,-0.0359122659,0.0273937531,0.0102600201,5.41578125,5.3884635417,10.7905459978,0.7944442369,0.5742709273,763,-0.001259433,0.5290959477,10.7453474935,-1.4412949017,0.0028597798,0.540250334,0.5738439761,-1.4427292685,5e-05,0.0001302083,0.1236461759,0.2474609782,10.6698374413,0.5360624482,0.5635102997,0.0381715854,0.6034304312,-0.2741825072,0.0800600268,0.1100375819,224743,-0.0008472521,5.4397827508,0.0848046875,5.4370833333,0.5286740149,5.4212898813,1772312514.6516333,0.1226949622,0,-10.7893974089,0.0,13.2677008311,0.791281698,0.0559454949,-0.273385162,1085.3333333333,10.7518977865,0.2477531825,12227.5307937,0,5.5693181662
1e-05,0.5023748526,17.2244417318,14.9196395874,0.0715529079,0.0264357439,0.0103114382,6.0759375,6.0503125,17.2643256565,0.8384501786,0.5651678263,764,0.0431519142,0.4960849378,17.1965332031,-1.1528075612,0.0029462782,0.5272067211,0.5634746157,-1.1503931622,5e-05,0.0001302083,0.080301186,0.2890303905,17.1340780502,0.5027655077,0.550961161,0.0387539577,0.6298507877,-0.311044883,0.095681246,0.1145974236,224743,0.0441812044,6.088202525,0.1594791667,6.0732291667,0.4965935646,6.0616489899,1772312514.652136,0.1804235539,0,-17.2346282426,0.0,5.0705623627,0.834961749,0.0427536707,-0.3109126604,1039.0,17.1580110677,0.291433644,12227.5312945,0,5.754997685
1e-05,0.4972978848,17.0305403646,15.9649662971,0.0633770403,0.0287637918,0.0105744028,5.7480794271,5.6975358073,17.0597262694,0.8338491983,0.5634381739,765,0.039323342,0.4930081748,16.9842838542,-1.1237270401,0.0018285824,0.5219705015,0.5627537371,-1.124671576,5e-05,8.46354e-05,0.096832765,0.2989010457,16.9303620432,0.4981525187,0.5411069476,0.041865193,0.6351568423,-0.3182439308,0.0936816876,0.1317605525,224743,0.0387843623,5.7544099884,0.1633333333,5.7267740885,0.4929683023,5.7238057844,1772312514.652637,0.1777371839,0,-17.0462201751,0.0,5.0705623627,0.8360616137,0.049276826,-0.3163442838,1039.0,17.0063977051,0.2967878428,12227.5322956,0,6.2391087384
1e-05,0.5338245298,11.2519856771,15.4943687916,-0.0401060442,0.0266249627,0.0106442388,5.1835872396,5.1528938802,11.2546867809,0.7240414884,0.5731452864,766,0.0179721906,0.5279571759,11.2229956782,-1.4434865913,0.0008838835,0.5381754391,0.5743652289,-1.4436638222,5e-05,3.90625e-05,0.1310245245,0.2298595938,11.1491732826,0.5329237455,0.5564183894,0.0401364827,0.609101371,-0.2583134639,0.0780506406,0.0983785739,226242,0.0155945267,5.1958621685,0.0933333333,5.1801302083,0.5269598139,5.1819967867,1772312514.652637,0.1229353241,0,-11.2631564908,0.0,7.6998472214,0.7260413425,0.0640160549,-0.2581018683,1192.0,11.2236993408,0.2285373024,12227.5327936,0,5.3805290371
1e-05,0.5324633187,11.4386661784,15.2105228901,-0.0178569761,0.0282300206,0.0102251355,5.3034830729,5.2804003906,11.45525547,0.7398041451,0.5741693453,767,0.003813896,0.5316810514,11.4075260417,-1.4568663925,0.0016812685,0.544156929,0.5746066741,-1.4558233043,5e-05,7.8125e-05,0.1035720287,0.2429823368,11.334598873,0.532929993,0.5603484857,0.0398276353,0.612669275,-0.2513621838,0.0812580472,0.0948375868,226242,0.006794748,5.3167884563,0.0947786458,5.3140527344,0.5320348391,5.3020923516,1772312514.6536381,0.1298798376,0,-11.4528218619,0.0,12.9584169388,0.7420397577,0.0481242554,-0.2508769372,1498.0,11.4148388672,0.2413874612,12227.5327936,0,5.3229759792
1e-05,0.5380152669,10.3469295247,15.768253088,-0.0279457964,0.0284375096,0.0104588405,5.0101822917,4.9561979167,10.3706905234,0.70452193,0.5777082762,768,-0.010281716,0.5378816246,10.3266996257,-1.5317003818,0.0014731391,0.5508145705,0.5768412231,-1.5303777699,5e-05,6.51042e-05,0.113573024,0.2302562552,10.2631808064,0.5382029265,0.5624840607,0.0414303056,0.6088976568,-0.2379039088,0.0776593063,0.1070514834,226242,-0.0087072521,4.9932873853,0.0794661458,4.9756510417,0.537596896,4.9759381958,1772312514.6541362,0.117106904,0,-10.3681132099,0.0,12.9584169388,0.7069790983,0.0333062186,-0.23652472,1498.0,10.3482356771,0.2320472939,12227.5332936,0,6.2509495356
1e-05,0.5279408249,12.0599153646,15.2818665504,-0.0359484875,0.0254002175,0.0102549775,5.0987825521,5.0509016927,12.0647942693,0.7168810037,0.5730946506,769,0.0295204764,0.5245675016,12.0089632161,-1.4099975057,0.0017677669,0.5321056024,0.5754118881,-1.4142930228,5e-05,7.8125e-05,0.1429936047,0.2400815354,11.9720517591,0.5275528768,0.553903976,0.039964753,0.6099589609,-0.2493214713,0.0823132809,0.1135283919,226242,0.0312787228,5.1184903107,0.1033333333,5.0876497396,0.5242575468,5.0985599627,1772312514.6546361,0.1301625303,0,-12.0731296621,0.0,12.9584169388,0.7197036764,0.0718133293,-0.2464797457,1498.0,12.0433260091,0.2374915727,12386.1528119,0,5.8304811969
1e-05,0.5423296564,8.4351944987,14.9591405392,-0.1165479288,0.0284387563,0.0102651485,5.1418619792,5.0929720052,8.4685267875,0.7503406263,0.5776152085,770,0.0361350309,0.5396947437,8.4137438965,-1.4892238029,0.0023313396,0.5286560581,0.5761578167,-1.4876637097,5e-05,0.0001106771,0.1884450882,0.2326751345,8.3891386831,0.5403948688,0.5484216773,0.0389018234,0.5988775736,-0.235025886,0.0718308333,0.1220673435,227680,0.0320748456,5.1318264896,0.0666666667,5.1426822917,0.5399585761,5.1367521648,1772312673.2788095,0.0936228923,0,-8.4480704885,0.0,9.3681182861,0.7540100731,0.0900081276,-0.2343539705,362.0,8.4298319499,0.2353461266,12386.1538166,0,5.1190341686
1e-05,0.5192236314,12.2322957357,14.5084452629,-0.0402014363,0.0250148314,0.0099819454,5.2783040365,5.2484895833,12.2471665044,0.7595795158,0.5726838218,771,0.0547440715,0.5197827009,12.207557373,-1.349368259,0.0014731391,0.5252905495,0.572616122,-1.3508709361,5e-05,6.51042e-05,0.1580877878,0.2685368997,12.1412785406,0.5196930848,0.5483224477,0.0377168989,0.6142096682,-0.2604314467,0.0801137304,0.1194505219,227680,0.0528438164,5.2881367612,0.1133333333,5.309046224,0.5202161573,5.2723437033,1772312673.2793097,0.1304919215,0,-12.2458827151,0.0,9.3681182861,0.7604225053,0.0739513037,-0.2619161241,362.0,12.2163212077,0.2666537839,12386.1543211,0,6.0181822383
1e-05,0.5378682979,8.3589013672,14.537958622,-0.1036051335,0.0253129449,0.0100713913,4.8937239583,4.8453938802,8.4045357109,0.7452266015,0.5777811483,772,0.0362530659,0.5383696048,8.329598999,-1.5125143686,0.0012393268,0.5344569758,0.578089496,-1.5121945189,5e-05,5.85938e-05,0.1829799471,0.2487240752,8.3148175566,0.5364384095,0.5522254355,0.0377103416,0.6017240199,-0.2430860055,0.0707328992,0.126037626,227680,0.0382676202,4.9208519357,0.0666666667,4.8798632812,0.5371940673,4.9142445696,1772312673.2803147,0.0932974832,0,-8.3748135542,0.0,9.3681182861,0.745042274,0.0669020594,-0.242150912,362.0,8.3443139648,0.252182523,12386.1548212,0,5.8349900698
1e-05,0.5211187725,12.0185514323,14.5717997551,0.0246834101,0.0296297051,0.0102752837,5.7806640625,5.7345377604,12.0366370256,0.8449812078,0.5767061371,773,0.0294574096,0.5262967506,12.0332977295,-1.3689082611,0.0025043365,0.5465803172,0.5779312259,-1.3720339161,5e-05,0.0001106771,0.081473513,0.3012178281,11.889492911,0.5202251424,0.55717761,0.0375983087,0.621589429,-0.2788671457,0.0865631276,0.1309992946,228347,0.0309364105,5.7747759907,0.1001692708,5.7708040365,0.5246897592,5.7481450573,1772312673.280819,0.1387298718,0,-12.0336747801,0.0,11.3030885061,0.8448085119,0.0348818575,-0.2764164686,346.6666666667,11.9566349284,0.3000211577,12386.1548212,0,6.4134223036
1e-05,0.5388530834,8.3508414714,14.5235819817,-0.0491475757,0.0273196306,0.0100396999,4.5275520833,4.4661979167,8.3786966101,0.7013254035,0.5792671626,774,-0.0256948009,0.5446982977,8.3361875407,-1.6106527674,0.0019758963,0.5603530717,0.5811614954,-1.6096471882,5e-05,9.11458e-05,0.1087131793,0.2513342171,8.2629444363,0.5394174668,0.5695261162,0.0377122196,0.6027045047,-0.2184236529,0.073743076,0.1223047798,228347,-0.0271664527,4.5309173413,0.0566666667,4.50046875,0.5442809599,4.5063868932,1772312673.2813191,0.1023448074,0,-8.368220205,0.0,12.270573616,0.7026241988,0.0268072195,-0.2182053844,339.0,8.3342333984,0.2514364374,12386.1555081,0,6.0540338513
1e-05,0.5103557768,14.2612955729,14.5841221809,0.0623167459,0.0297734522,0.0100956456,5.7970572917,5.75046875,14.2749910611,0.8272793503,0.5725472455,775,-0.0251213011,0.5150660859,14.2509934489,-1.2882600971,0.0028597798,0.5401109053,0.5730539225,-1.2839800698,5e-05,0.0001302083,0.0711880662,0.2985110814,14.1279598448,0.5107083206,0.5544213392,0.0378473822,0.6224383616,-0.2738915471,0.091352707,0.1259450904,228347,-0.0229833636,5.8023225447,0.1261067708,5.7648697917,0.5152467804,5.7638765661,1772312673.282006,0.157901871,0,-14.2715989444,0.0,12.270573616,0.8298474531,0.0379792479,-0.2765446449,339.0,14.1924934896,0.2998593085,12386.1560113,0,5.5744622752
1e-05,0.5221348685,12.010534668,14.5927782059,-0.048188048,0.0296964117,0.0102365843,5.2512597656,5.1927766927,12.0265276822,0.7593310477,0.5753695026,776,0.0031713332,0.5217562163,11.9515393066,-1.3695402854,0.001620453,0.5254914893,0.5757090332,-1.3713298364,5e-05,7.16146e-05,0.1637787676,0.2638532896,11.9210193939,0.521274883,0.551818777,0.0377028362,0.6103493018,-0.252502555,0.0821682839,0.1199489444,229523,-0.001459221,5.2457712815,0.11,5.2252636719,0.5226903047,5.2204725973,1772312673.282006,0.130510148,0,-12.0241572255,0.0,12.0259618759,0.7566678659,0.0757050049,-0.2547600125,335.6666666667,12.0042858887,0.2636355812,12386.1565119,0,5.2808860103
1e-05,0.5112173323,14.2948364258,14.3370211124,0.0264376024,0.0315727987,0.0101115131,5.6820833333,5.6414192708,14.3289370283,0.7982305919,0.5714031898,777,0.0483749163,0.51296673,14.2480973816,-1.2846407398,0.0038301617,0.5371297906,0.5709804477,-1.2867935256,5e-05,0.0001692708,0.0894061994,0.2846226759,14.198329965,0.5117324183,0.554336601,0.0370320193,0.6229018452,-0.2744365645,0.0879150184,0.1565969719,229523,0.0473380631,5.7177890205,0.1286197917,5.69859375,0.5144125112,5.7002257168,1772312673.2825093,0.1549966194,0,-14.3052561028,0.0,11.5367383957,0.7990294785,0.0428166074,-0.2744833867,329.0,14.2477229818,0.2875514857,12386.1570114,0,6.0889472153
1e-05,0.4867096131,18.5799674479,14.4879155159,0.1220962799,0.0288838713,0.0101018755,6.2606510417,6.22515625,18.592824399,0.9033878073,0.5655779953,778,0.0479865897,0.4869964981,18.5286003621,-1.0473510301,0.0037436632,0.5259041721,0.5639426527,-1.0517198435,5e-05,0.0001692708,0.05595732,0.3360357191,18.4464651996,0.4866375756,0.5464581191,0.0375409921,0.6375889325,-0.3325118143,0.1019579581,0.1296486585,229523,0.050243083,6.286676774,0.1733333333,6.25640625,0.4866083204,6.2594119668,1772312673.2835095,0.199876,0,-18.5834258275,0.0,11.5367383957,0.9063585378,0.0450336535,-0.3313565014,329.0,18.5116422526,0.3370446254,12386.1575112,0,5.3603624171
1e-05,0.506449383,14.9667769368,14.3668420315,0.0424922002,0.0300227092,0.0099748063,5.7711979167,5.7418489583,14.9931663418,0.8322554722,0.5735646267,779,0.0215363332,0.5045643467,14.9198514811,-1.2562943606,0.0022097087,0.5368712076,0.5729764289,-1.2598476118,5e-05,9.76562e-05,0.0804975092,0.3020083849,14.8592234437,0.5074574651,0.5572161882,0.0372230275,0.621170797,-0.3024980154,0.0904998755,0.113400992,229523,0.0200763304,5.7859352871,0.1326302083,5.77484375,0.505225682,5.7663746691,1772312673.2835095,0.1653663889,0,-14.9776249618,0.0,11.5367383957,0.8313624865,0.047324648,-0.3015588099,329.0,14.9301224772,0.3016036292,12546.2351016,0,5.6629031555
1e-05,0.5289694217,10.9036401367,14.8816690445,0.0073133258,0.0272138879,0.0103085693,5.1527213542,5.1266666667,10.9137249972,0.7608196834,0.5776101518,780,0.0039523791,0.5295732462,10.8792879232,-1.4821929852,0.0013258252,0.5544001341,0.5781907595,-1.4835370123,5e-05,5.85938e-05,0.0843202087,0.2636372426,10.7908699432,0.5301361145,0.5631828352,0.0386223443,0.6154379795,-0.2626277894,0.0795984449,0.0910622905,230607,0.0052640406,5.1682658418,0.0826041667,5.1486197917,0.5287001674,5.1532107319,1772312833.3663023,0.1264703433,0,-10.9161317145,0.0,1.5424654484,0.7549006791,0.0257076116,-0.2621058429,1083.0,10.8768278503,0.2597231163,12546.2356022,0,5.272106577
1e-05,0.5008548006,16.9847941081,14.455694437,0.0304007617,0.0314166477,0.0100355522,6.1881119792,6.139280599,17.0125695278,0.867039666,0.5699711626,781,0.0320281498,0.4992462874,16.9370646159,-1.1327757289,0.0028597798,0.5148121232,0.5696697648,-1.1364172412,5e-05,0.0001302083,0.1169018926,0.3016117845,16.8936978757,0.4984941628,0.5475443094,0.0374544748,0.6218999731,-0.3064753774,0.0953926599,0.1510605187,230607,0.0300403249,6.2053947208,0.1585546875,6.1730924479,0.4984608494,6.188137738,1772312833.367303,0.1787211314,0,-16.9950280346,0.0,1.5424654484,0.8678623162,0.0627511215,-0.3076165785,1083.0,16.9196544393,0.3019623197,12546.2361016,0,6.4839726408
1e-05,0.5137034178,13.4829982503,14.383944273,0.0200981245,0.0350398858,0.0101297537,5.3298763021,5.2941894531,13.5317412713,0.8164581652,0.5753599037,782,0.0059229618,0.5151020929,13.4500528971,-1.3185438196,0.0025651519,0.538539694,0.5736974448,-1.3189808079,5e-05,0.0001171875,0.0970095744,0.2914781986,13.4012982408,0.5141412021,0.5550429872,0.0371903006,0.6211229008,-0.2794565359,0.0845496475,0.1070613944,230607,0.0075706024,5.3380983366,0.1159895833,5.3231445312,0.5143393905,5.3222908457,1772312833.3678024,0.1495520163,0,-13.5010715712,0.0,1.5424654484,0.8160801044,0.0497023914,-0.2813057882,1083.0,13.4615702311,0.2903713689,12546.2366022,0,5.8887333504
1e-05,0.51976898,12.1855037435,14.5454323292,-0.0494195741,0.027196437,0.010294234,5.5750390625,5.5186979167,12.191040626,0.8091340713,0.5761270431,783,0.024186599,0.5226875186,12.1716963959,-1.3297027731,0.0023570226,0.5241402456,0.5757618379,-1.3320142042,5e-05,0.0001041667,0.160927077,0.2745714633,12.0939330618,0.5201120384,0.5508418057,0.037512788,0.6075558611,-0.2660391684,0.0821778895,0.1163292237,231622,0.0195277426,5.5530029865,0.1058984375,5.5529394531,0.5215792253,5.5449754569,1772312833.3683028,0.130960546,0,-12.1972153612,0.0,6.532604297,0.8042639945,0.0881174841,-0.2664685724,593.6666666667,12.1266145833,0.2724154415,12546.237102,0,5.5076684157
1e-05,0.5240267584,12.7419466146,14.4015319347,0.0305357001,0.0263204569,0.0099327564,5.5244401042,5.5039192708,12.7703252201,0.7928399135,0.5768632565,784,0.0038349049,0.5227580827,12.6850520833,-1.3799203394,0.0035963493,0.5448324155,0.5762737693,-1.3813631318,5e-05,0.0001627604,0.0845358143,0.2714194696,12.637973209,0.5223027691,0.5609480828,0.0373885791,0.6171432261,-0.2680595034,0.085214973,0.1057218218,231622,0.0024548635,5.5504464263,0.1053255208,5.5416796875,0.5215167841,5.5313850043,1772312833.3683028,0.144090077,0,-12.7505537168,0.0,9.0276737213,0.7951280602,0.0527725063,-0.2652292914,349.0,12.7196061198,0.2741480842,12546.2376017,0,5.2769879435
1e-05,0.5430541729,8.3400113932,14.4166755676,-0.0361108392,0.0295846897,0.0100276701,4.574046224,4.5438151042,8.3622738252,0.7219318471,0.5801896943,785,-0.0226333799,0.5424899962,8.3366650391,-1.5928936623,0.0020623947,0.5611932359,0.5801001122,-1.5988781313,5e-05,9.11458e-05,0.0998339568,0.2410412083,8.2493886225,0.5433269165,0.5632380575,0.0373583388,0.609661,-0.2324842947,0.0734743187,0.0977115893,231622,-0.0209443675,4.5848236007,0.056015625,4.5824088542,0.5443130113,4.5679187494,1772312833.3688028,0.1016323646,0,-8.356548297,0.0,9.0276737213,0.7205797,0.0376419042,-0.2327179343,349.0,8.3013053385,0.2406629618,12546.2381014,0,5.5908984653
1e-05,0.5258311997,11.9640279134,14.5887594223,-0.0102496841,0.0281871692,0.0103867873,5.0277083333,4.9981575521,11.9896045795,0.7490013927,0.5755703719,786,-0.000315055,0.5230208539,11.949383138,-1.4202082785,0.0022705241,0.5432443055,0.5757916012,-1.4186486346,5e-05,0.0001041667,0.1082575684,0.2577064771,11.8614905115,0.5260779335,0.5602770838,0.0374534257,0.6150891324,-0.2612406186,0.0796479376,0.1039635123,232470,-0.0052131165,5.0467889479,0.1,5.0260026042,0.5245844048,5.0263784386,1772312833.3693025,0.1353752671,0,-11.9762267696,0.0,8.7801793416,0.7491114619,0.053427041,-0.2630586415,357.6666666667,11.9065018733,0.2583513259,12546.2386023,0,5.4106835417
1e-05,0.5288728236,10.9422739665,14.4790518284,-0.0305592079,0.0282336232,0.0099493345,4.7141471354,4.6899576823,10.956014733,0.719415017,0.5773535997,787,-0.0271864395,0.5285710227,10.9235359701,-1.4761538112,0.0013258252,0.5446259457,0.5771105385,-1.475407697,5e-05,5.85938e-05,0.1222485546,0.2489841104,10.8617168976,0.5289680578,0.5551843355,0.0375921837,0.6123706738,-0.253153486,0.0785581718,0.1059336551,232470,-0.0254699049,4.7498832205,0.09,4.7380891927,0.5276883342,4.728578323,1772312833.3698022,0.1187327232,0,-10.9564194447,0.0,8.2851905823,0.7203944668,0.0427814401,-0.2520740507,375.0,10.9138378906,0.2488491118,12546.2391023,0,5.7533609333
1e-05,0.4945010293,17.7236847941,15.4821531773,0.0357593292,0.0274076981,0.0103763453,6.1180110677,6.0900878906,17.7413030473,0.8430262264,0.571478672,788,0.0095862135,0.4921076165,17.6568558757,-1.0978610174,0.0022097087,0.5073116086,0.5708170759,-1.094291091,5e-05,9.76562e-05,0.1348852068,0.3002636801,17.6319642621,0.4941150909,0.5453047689,0.0405085087,0.6226190382,-0.3073860548,0.0952642166,0.133296117,232470,0.0114303781,6.1489172691,0.1733333333,6.1326367187,0.4912696818,6.1215907712,1772312833.370303,0.1788152455,0,-17.7349359547,0.0,8.2851905823,0.8401679442,0.0706737454,-0.307692889,375.0,17.6920255534,0.3011243382,12546.2396021,0,5.8448292718
1e-05,0.5373031346,9.4570310465,15.3812730312,-0.1022265551,0.0259175399,0.0103045925,5.169749349,5.1369954427,9.4716307308,0.7502577853,0.5804638015,789,-0.0104149644,0.5352354019,9.4398339844,-1.4684940053,0.0030070937,0.5251461239,0.5789621421,-1.4684019213,5e-05,0.0001367188,0.1854706036,0.2348790073,9.3741487835,0.5370750946,0.5543314269,0.0402242986,0.5980037244,-0.2394487371,0.0766936772,0.1127933833,232470,-0.0072629279,5.1864760969,0.0820052083,5.1877864583,0.5333776976,5.1728418029,1772312833.370803,0.1070363214,0,-9.4720429907,0.0,8.2851905823,0.7459274163,0.0975646043,-0.2388957066,375.0,9.4169140879,0.2341365061,12707.0801431,0,4.4804267239
1e-05,0.5014144516,16.3896373177,15.6938045025,0.0391174174,0.0272339602,0.010391434,5.8141373698,5.7958886719,16.4071418774,0.7903596761,0.5765340233,790,-0.0177865825,0.498360514,16.359494222,-1.2076639322,0.0030070937,0.5221542827,0.5770270731,-1.2106358337,5e-05,0.0001367188,0.1086564857,0.2822640474,16.2977072072,0.5032550646,0.5491958421,0.0411325129,0.6234958388,-0.2933503015,0.096246706,0.1318975592,233562,-0.0173510975,5.8646194951,0.1566666667,5.8458626302,0.4983642566,5.8219465456,1772312994.2150707,0.1690724327,0,-16.4045555553,0.0,10.0114574432,0.7882246997,0.0515953507,-0.2904452323,350.0,16.3232920329,0.2794283311,12707.0806426,0,6.0695240601
1e-05,0.5254089342,12.0004630534,14.8314073086,-0.0059040465,0.0296858669,0.0100729092,4.9862434896,4.9530078125,12.0272782773,0.7495837662,0.5799745591,791,-0.038711937,0.5208430536,11.9677026367,-1.4328262619,0.0010311974,0.5439684784,0.5788152779,-1.4333007407,5e-05,4.55729e-05,0.1053538555,0.2533175861,11.918980378,0.525780115,0.5562481078,0.03869174,0.6166233987,-0.267108172,0.079424207,0.0952469209,233562,-0.0370556113,5.0047809155,0.1,4.990374349,0.5204651236,4.9939379378,1772312994.2170713,0.1317391343,0,-12.0144380482,0.0,10.0114574432,0.7441010612,0.0319498605,-0.2663206953,350.0,11.9714632161,0.2535319473,12707.0811427,0,5.2453380179
1e-05,0.5251375409,12.2444995117,14.6507096291,-0.0120553592,0.029468666,0.0100467547,5.2946289062,5.2629947917,12.2489501353,0.7509375569,0.5801952944,792,-0.0489882467,0.5218409592,12.2177905273,-1.4136431952,0.0026259674,0.5387009223,0.5795569588,-1.4144999063,5e-05,0.0001236979,0.113598992,0.2548901731,12.1359849856,0.5250873027,0.5598136386,0.038100392,0.6127821692,-0.2636818126,0.0835714562,0.1011093759,233562,-0.0513843865,5.3025626498,0.1061458333,5.2944205729,0.5220836784,5.2764547451,1772312994.2175708,0.1333613712,0,-12.2562863796,0.0,10.0114574432,0.7521931916,0.0455237002,-0.2625819172,350.0,12.2248050944,0.2539002219,12707.0811427,0,5.6122149958
1e-05,0.5076401204,15.523120931,14.4984266758,0.0464151037,0.0309078257,0.0102675947,6.0619140625,6.0426904297,15.5306422392,0.9063528877,0.5763990174,793,-0.0392465556,0.49972269,15.4423193359,-1.1878702676,0.0025043365,0.528386845,0.5781254506,-1.1894482752,5e-05,0.0001106771,0.0951758075,0.3058355606,15.4083113992,0.5070368044,0.5484370171,0.0373033571,0.6261984223,-0.322550377,0.0894972069,0.1162623908,234723,-0.0389425734,6.0724335149,0.138828125,6.0828059896,0.4996016697,6.0683571556,1772312994.218071,0.1652480622,0,-15.5370796536,0.0,9.3112595876,0.9058540801,0.0595467485,-0.3237095716,380.6666666667,15.5125349935,0.3040974723,12707.081644,0,5.0058144392
1e-05,0.5076584219,14.2005341593,14.5289127827,0.0330585569,0.0323316515,0.0100056497,5.4242480469,5.3788509115,14.219127472,0.8379822284,0.5780401551,794,-0.0448187301,0.5028588183,14.1429410807,-1.269098646,0.0027732813,0.5362095206,0.5772537661,-1.2712071641,5e-05,0.0001302083,0.1093532161,0.2967830994,14.1086954579,0.5074352694,0.5528921606,0.0377535677,0.6237531813,-0.3108379817,0.0903380503,0.1277098174,234723,-0.0415471404,5.4336354721,0.1266666667,5.4143033854,0.5018551814,5.4028237765,1772312994.2185724,0.1529042797,0,-14.2121354231,0.0,8.9611606598,0.8390057543,0.047943306,-0.3117346467,396.0,14.1954250081,0.2933579697,12707.082143,0,6.9429243229
1e-05,0.5320522257,10.3533447774,14.5536222458,-0.0425817729,0.0269483005,0.0100220648,4.7326595052,4.6914973958,10.3667435975,0.7061953116,0.5826693219,795,-0.036268911,0.5279025046,10.338633016,-1.5111156178,0.001620453,0.5457839105,0.5839288733,-1.5115869939,5e-05,7.16146e-05,0.1277043252,0.2399607334,10.2765536289,0.532597452,0.5607954708,0.0377783585,0.6091414062,-0.2561705457,0.0777256504,0.1244895897,234723,-0.0354382377,4.7527687158,0.0866666667,4.7196126302,0.5269685797,4.7328201645,1772312994.2190714,0.1130942293,0,-10.365252475,0.0,8.9611606598,0.7072526494,0.0351661505,-0.2551062877,396.0,10.3070170085,0.2399569033,12707.0826425,0,6.7188676358
1e-05,0.5143658083,13.4112996419,14.6204144955,0.0019194964,0.0262132271,0.0102546175,5.5866341146,5.5519075521,13.4147297159,0.8542780459,0.5776980531,796,-0.0477933175,0.5093551939,13.3458685303,-1.284941377,0.0022097087,0.5313685478,0.5774186923,-1.2864041379,5e-05,9.76562e-05,0.1123511114,0.2848041682,13.3044663029,0.5148308431,0.5512211177,0.0377563882,0.6204296548,-0.3061010407,0.0879024208,0.1286769236,235349,-0.0452625159,5.6097246458,0.1192708333,5.5961686198,0.5096443421,5.5868221291,1772312994.2190714,0.1456206562,0,-13.4233152936,0.0,6.1090172629,0.8507329082,0.057824251,-0.3041186074,472.3333333333,13.3925752767,0.2837559708,12707.0826425,0,4.7823328203
1e-05,0.4921043282,17.6696484375,14.4598476887,0.0834984853,0.0338871759,0.0100521731,6.2320572917,6.2111979167,17.6317393165,0.9672235143,0.5780081034,797,-0.041513032,0.4818848544,17.5864794922,-1.0841458791,0.0026516504,0.5271211209,0.5780511322,-1.0880860364,5e-05,0.0001171875,0.0700290197,0.3398688978,17.4958894177,0.4923307694,0.5509747611,0.0374796557,0.6309109453,-0.370446549,0.0985240334,0.1397556103,235349,-0.0399228522,6.2608001256,0.1611197917,6.2397135417,0.481574939,6.2297189013,1772312994.2195709,0.1875643618,0,-17.6802570759,0.0,0.404730469,0.9655252143,0.0346512213,-0.3713578157,625.0,17.6724471029,0.3395560789,12707.0832978,0,6.1415993017
1e-05,0.5109858362,13.6376363118,14.5143151283,0.0194036854,0.0328362692,0.010041008,5.4536230469,5.4298502604,13.6866560391,0.8529326867,0.5809439925,798,-0.0233877569,0.5029708993,13.6740293376,-1.292107719,0.0022097087,0.5380605413,0.5803523712,-1.2917339842,5e-05,9.76562e-05,0.0934401996,0.2965493901,13.5663523649,0.5109343026,0.5554907127,0.0376871268,0.6198419317,-0.3218384404,0.0864999823,0.1197160882,235349,-0.0227688907,5.4761645892,0.1194921875,5.4837955729,0.5032344032,5.4554467599,1772312994.2202263,0.1500442858,0,-13.6526037207,0.0,0.404730469,0.8531511919,0.0413818831,-0.3217140416,625.0,13.5476632436,0.2981962267,12707.0838025,0,5.3270256522
1e-05,0.5128007965,13.7854052734,14.7574350834,0.0172896518,0.0330494274,0.010242761,5.5283561198,5.4890250651,13.7956165665,0.8444583467,0.5801771494,799,-0.0142009207,0.5050257129,13.7196950277,-1.2928290061,0.0025043365,0.5347265575,0.5796072118,-1.2895996322,5e-05,0.0001106771,0.102059036,0.2856843981,13.6723092765,0.5124209867,0.5580827463,0.0383034587,0.6168069543,-0.3208118298,0.0898873638,0.1355323577,235349,-0.0139595208,5.5473824934,0.1228125,5.5192480469,0.5060320241,5.5106591085,1772312994.2202263,0.1513514397,0,-13.7975861387,0.0,0.404730469,0.8452985966,0.0499969729,-0.319534437,625.0,13.7674047852,0.2885410187,12865.6259125,0,6.0865549959
1e-05,0.5083310929,14.705401357,14.6947407722,0.0538647799,0.0330246868,0.0100554832,5.7715820313,5.7457682292,14.7201110595,0.8944220825,0.5804620711,800,-0.0348037494,0.4962136439,14.6692407227,-1.2213316953,0.0036571648,0.5372299963,0.5798442831,-1.2184378638,5e-05,0.0001692708,0.0819010687,0.2971571647,14.5813011746,0.5073155438,0.5503664962,0.0382615272,0.6296539746,-0.344566045,0.0918419401,0.1144366629,236129,-0.0350105444,5.7927249444,0.1326953125,5.7745768229,0.4945447631,5.757222876,1772313152.7676888,0.1603988319,0,-14.7138234819,0.0,9.0334291458,0.8961461256,0.046822888,-0.3443132612,427.0,14.6540039063,0.2988192822,12865.6259125,0,5.1895622568
1e-05,0.5306499609,10.6140893555,14.4695770741,-0.0237918604,0.0295371002,0.0099754794,5.375078125,5.3350472005,10.6417170875,0.8556312003,0.5799855898,801,-0.0474602252,0.5216278455,10.6019307454,-1.4061286892,0.0023570226,0.5410691965,0.5791304324,-1.4016958886,5e-05,0.0001041667,0.1306906105,0.264654882,10.5206255588,0.5312990182,0.5582815922,0.037618955,0.6080682523,-0.3024837429,0.0797791067,0.1283170619,236129,-0.046569532,5.3808415734,0.085390625,5.375703125,0.5217298866,5.3619515306,1772313152.7679937,0.1210026141,0,-10.623236182,0.0,9.0334291458,0.8539065952,0.0600809028,-0.3054606058,427.0,10.5502376302,0.2682148192,12865.6266103,0,5.832320125
1e-05,0.5382351797,8.3781054688,14.6123752594,-0.0172147575,0.0379303135,0.010025305,4.69515625,4.6546875,8.3971367566,0.8328637783,0.5801954802,802,-0.1020732969,0.532255649,8.3699365234,-1.5341712155,0.0023313396,0.566036149,0.5809192775,-1.5313058505,5e-05,0.0001106771,0.0862655567,0.2645342786,8.2851232133,0.5387294332,0.5649596479,0.0380263662,0.610199635,-0.286071981,0.0770739953,0.1084415487,236129,-0.103598205,4.720565209,0.0526953125,4.6889583333,0.5322088784,4.6939066629,1772313152.7686915,0.1029363061,0,-8.3967598914,0.0,9.0334291458,0.8326631392,0.0228254333,-0.2876819457,427.0,8.3473128255,0.2657690473,12865.6271105,0,5.3420622321
1e-05,0.5032622539,14.223269043,14.4936096668,0.0141370833,0.0326993527,0.0099351255,5.3639973958,5.3301041667,14.2204243229,0.9178582833,0.5744642323,803,-0.120088057,0.4962568286,14.1935839844,-1.2211174657,0.0022705241,0.5336638082,0.5735704293,-1.2229362031,5e-05,0.0001041667,0.1047687783,0.3167520408,14.095395848,0.5049017575,0.5545591276,0.037577277,0.6205645438,-0.3413979972,0.088619091,0.1210325693,237641,-0.11891687,5.3870947516,0.1266666667,5.3622135417,0.4955451204,5.3443483198,1772313152.7686915,0.1525918339,0,-14.2321229023,0.0,10.0414120356,0.9178179147,0.0422979314,-0.3388026614,379.0,14.1818522135,0.3163229292,12865.6276106,0,6.2038761968
1e-05,0.5041055986,14.0011413574,14.3173005581,0.0055845502,0.0337905947,0.0101831309,5.3306640625,5.2966536458,13.9735263545,0.9365458754,0.5699312449,804,-0.1465054075,0.4949391651,13.9628460693,-1.202596071,0.0018285824,0.5325832736,0.5699417583,-1.2036935421,5e-05,8.46354e-05,0.117947676,0.3180986065,13.8786143062,0.5043160296,0.5539352864,0.0369388596,0.6183960462,-0.3470492783,0.0876408709,0.1259487664,237641,-0.1495143802,5.3564007241,0.1266666667,5.3284635417,0.4951322351,5.3277270091,1772313152.7691917,0.1456091857,0,-14.0114194145,0.0,10.5454034805,0.9385357766,0.047071891,-0.3468014337,355.0,13.9556337484,0.317990179,12865.6276106,0,6.1467362775
1e-05,0.5254441589,9.9587451172,14.271761179,-0.0523775675,0.0292502575,0.0099400457,4.7752539062,4.7264241536,10.0040604321,0.9066240523,0.5706110658,805,-0.1480377657,0.5155562657,9.8985044352,-1.3564232048,0.0016812685,0.539708656,0.5692165918,-1.3621504339,5e-05,7.8125e-05,0.1444317815,0.2837620168,9.9139535246,0.5256779186,0.5543311383,0.0369831856,0.6093781932,-0.3164102819,0.0749234262,0.118514108,237641,-0.1486819478,4.7833216662,0.08,4.7591861979,0.5151326553,4.7816747079,1772313152.769692,0.1113538848,0,-9.9737351339,0.0,10.5454034805,0.9035967142,0.0606716765,-0.3131681821,355.0,9.9692749023,0.2838534046,12865.628615,0,5.2693070046
1e-05,0.5225115067,10.6408484904,14.5786614418,-0.0487805539,0.0286081126,0.0100481025,5.2359016927,5.2208919271,10.653498168,0.9121383812,0.5700977068,806,-0.1502574861,0.5173459671,10.5949422201,-1.3485686326,0.003240906,0.5402761511,0.5676852123,-1.3491033162,5e-05,0.0001432292,0.1285813039,0.2887932919,10.5545982719,0.5232808709,0.5578750576,0.0377778331,0.6092991855,-0.310469076,0.0803607386,0.1057243286,238405,-0.1472554104,5.2710531194,0.0887109375,5.2875651042,0.5159327372,5.2553742794,1772313152.7701924,0.1174855435,0,-10.6551774776,0.0,9.7151969274,0.9114334158,0.0492640217,-0.309596654,361.3333333333,10.6253816732,0.2898542993,12865.6291142,0,4.7568132841
1e-05,0.4950053617,15.6924752808,14.3017356396,0.0616708939,0.0282976355,0.0098504217,6.071110026,6.0508723958,15.7262589239,0.9825363295,0.5702889266,807,-0.1243505826,0.4942264457,15.6507430013,-1.1271435473,0.0038909771,0.5309498549,0.5708052591,-1.1195205836,5e-05,0.0001757812,0.0865445336,0.3413855133,15.5826421038,0.4965492325,0.5508691564,0.0371332812,0.6303284887,-0.339941831,0.0918272213,0.1221635659,238405,-0.1258221074,6.0978300953,0.1443880208,6.0828710937,0.4958488362,6.0736948273,1772313152.7706962,0.1683653906,0,-15.7062027554,0.0,8.0547838211,0.9875247841,0.0448274126,-0.3434264607,374.0,15.6616859945,0.3433434324,12865.6296146,0,6.0805394952
1e-05,0.4791507981,18.6142879232,14.4172840118,0.1060203413,0.0284317078,0.0099325061,6.1326822917,6.1106901042,18.6302175102,0.9830356414,0.5706130393,808,-0.1052707867,0.4752282636,18.5430672201,-1.0039754182,0.0033017215,0.5212523256,0.5718441125,-1.0095171311,5e-05,0.0001497396,0.0836901255,0.3592085515,18.4833258896,0.4796948144,0.5463956147,0.0374079943,0.6371904747,-0.3739282745,0.0955827231,0.1022478539,238405,-0.1058355215,6.1532216994,0.1759375,6.13046875,0.473880903,6.1281772812,1772313152.7711954,0.1931821691,0,-18.6268801104,0.0,8.0547838211,0.9804631581,0.0469845488,-0.3674356476,374.0,18.5638216146,0.3607964685,12865.6301117,0,5.3901586317
1e-05,0.5008242409,14.4590755208,14.2638845444,0.0440685479,0.0286900744,0.010065159,5.4902083333,5.4617447917,14.4739466216,0.9351155655,0.5741817258,809,-0.1131498567,0.5002172798,14.4266609701,-1.221613999,0.0027124659,0.5369844037,0.5739178737,-1.2287352194,5e-05,0.0001236979,0.0957964573,0.3332665153,14.3511664118,0.5012677447,0.5542617284,0.0368192077,0.6221572699,-0.3340762988,0.0880087351,0.1137339557,238405,-0.1129165972,5.5001189538,0.1260286458,5.4896614583,0.4993296542,5.4756431397,1772313152.7716959,0.1549465215,0,-14.4724043234,0.0,8.0547838211,0.9299108858,0.0313307861,-0.3324006905,374.0,14.4070019531,0.3309344443,13028.6998673,0,5.8515956795
1e-05,0.4786226509,18.518375651,15.5730752945,0.0890577492,0.0278983168,0.010364023,5.9655989583,5.9361328125,18.5334916511,0.9699676948,0.5748529659,810,-0.0873027004,0.4781478253,18.4873579915,-1.0310751359,0.0027124659,0.5208277743,0.5759167683,-1.0327732352,5e-05,0.0001236979,0.086249355,0.3662453134,18.4033055535,0.4802543029,0.5452335383,0.040790209,0.6313598637,-0.3587839877,0.0991151165,0.1187875379,239225,-0.088652887,5.9936656352,0.1733333333,5.9736848958,0.4790065572,5.9596075922,1772313315.8467488,0.1923247734,0,-18.5338885377,0.0,10.0904893875,0.9698118752,0.0400323097,-0.3607604318,405.0,18.4557421875,0.3637910619,13028.7003671,0,5.9522263926
1e-05,0.5415192769,6.7890390015,15.137155056,-0.0873040799,0.0263921794,0.0102129221,4.5279296875,4.4950488281,6.8080209693,0.8128570495,0.5792642975,811,-0.1179382508,0.5415103949,6.7617130343,-1.5684626506,0.0027989643,0.5542955465,0.5789536941,-1.5683900326,5e-05,0.0001236979,0.1374502839,0.2635324995,6.7007975008,0.5425550902,0.5655787378,0.0395803603,0.5975338077,-0.2580284835,0.0698368318,0.0892033395,239225,-0.1178085606,4.5382901384,0.0427083333,4.5327994792,0.5424310729,4.5232736812,1772313315.8472486,0.0875203772,0,-6.8033673742,0.0,10.0904893875,0.816462654,0.0681132621,-0.2604363674,405.0,6.7760656738,0.261337489,13028.7008671,0,4.5882713523
1e-05,0.5164788295,12.3581229655,15.556760788,-4.1696e-06,0.0274582624,0.0101635909,5.3459114583,5.3049479167,12.3917110375,0.8951119904,0.5765415766,812,-0.1336056175,0.5167542421,12.3339404297,-1.3477375559,0.0019758963,0.5478689278,0.5750899623,-1.3489506714,5e-05,9.11458e-05,0.0906507365,0.308840544,12.2720776103,0.5153120914,0.563476961,0.0409294295,0.6132562113,-0.305048233,0.0816973899,0.1134691789,239225,-0.1331170763,5.3438608813,0.1013020833,5.3261458333,0.516415099,5.3316512116,1772313315.8477483,0.1364271491,0,-12.3771796336,0.0,10.0904893875,0.894750613,0.0378505235,-0.3027960775,405.0,12.3355394491,0.3085841216,13028.701367,0,6.005272252
1e-05,0.4980966811,15.1623116048,15.4314465523,0.0329999178,0.0286262288,0.0103925792,5.6554589844,5.5996809896,15.1833666253,0.9078210776,0.5781772141,813,-0.1109491586,0.4973027598,15.1082885742,-1.2007217369,0.0019150808,0.5300919134,0.5779453045,-1.2045937133,5e-05,8.46354e-05,0.0871281326,0.3290524009,15.0443587579,0.4986695492,0.5548709902,0.0402878094,0.6217217437,-0.3294946363,0.0902051253,0.1668369336,240091,-0.1081293655,5.6405454983,0.1393880208,5.6440657552,0.4965175336,5.6001086396,1772313315.8482482,0.1616776453,0,-15.1730680566,0.0,9.7326841354,0.9048114267,0.0454009063,-0.3299371594,391.6666666667,15.1261478678,0.3303407718,13028.701367,0,6.7350208941
1e-05,0.5250858797,9.8402083333,14.7271168232,-0.0611721723,0.0248313634,0.0101232719,4.7540917969,4.7250358073,9.8493836338,0.8276457333,0.5758740485,814,-0.1252478396,0.5246811135,9.8039648438,-1.4246241812,0.0014731391,0.5366129851,0.5756145108,-1.4289955564,5e-05,6.51042e-05,0.1477584459,0.2814362629,9.7406256934,0.5247745178,0.5546344393,0.0382834991,0.6038090807,-0.2785041319,0.077102773,0.1078513973,240091,-0.1221544576,4.7900828786,0.0833333333,4.7718391927,0.5248342391,4.7609761951,1772313315.8487482,0.1117493134,0,-9.8559792195,0.0,9.5537815094,0.8289093075,0.0718164047,-0.2779790408,385.0,9.8125358073,0.2819788837,13028.7018675,0,4.7989662718
1e-05,0.4993608995,14.9078068034,14.828045845,0.0181428618,0.0290404988,0.0103118944,5.7618522135,5.7330175781,14.923984093,0.92965082,0.5782351102,815,-0.1096271694,0.4975889037,14.8570882161,-1.1768254174,0.0022097087,0.5228139641,0.5778834852,-1.1733160045,5e-05,9.76562e-05,0.1150415844,0.3298207667,14.7901865901,0.4988747391,0.54738968,0.0384286364,0.6208875335,-0.3287208651,0.091203494,0.1190788483,240091,-0.1096342031,5.7835562075,0.1389192708,5.7722005208,0.498097447,5.7466955255,1772313315.8492491,0.1602940729,0,-14.9164139146,0.0,9.5537815094,0.9358442312,0.0667127849,-0.3285485959,385.0,14.8600537109,0.3342769237,13028.7032814,0,4.9772381215
1e-05,0.5312525476,8.2941875712,14.4894824028,-0.0271465517,0.0293414967,0.0102353295,4.6304492187,4.5977067057,8.3219195589,0.8156246593,0.5806212266,816,-0.1164397616,0.5327236946,8.2627176921,-1.520347629,0.0022097087,0.5589105429,0.5803060585,-1.5204632868,5e-05,9.76562e-05,0.109583037,0.281554639,8.207449889,0.5309536213,0.5628827754,0.0372207459,0.6122416749,-0.2710702447,0.0741345373,0.0937134226,241425,-0.1191355809,4.6362391703,0.06,4.6244401042,0.5332202669,4.610118731,1772313315.850248,0.0997412473,0,-8.3095345441,0.0,9.0355990728,0.818624171,0.0308054734,-0.2695724647,386.6666666667,8.2915580241,0.2809201849,13028.7038676,0,5.506237617
1e-05,0.496554203,14.4874847158,14.6730155945,0.0160555479,0.0293787695,0.0100474461,5.6812760417,5.6430273438,14.4946437017,0.9177144042,0.5795773208,817,-0.1049471674,0.496085627,14.4388916016,-1.1805992164,0.002417838,0.5240198036,0.5806739299,-1.1818594772,5e-05,0.0001106771,0.1217078484,0.3343197755,14.3701821453,0.497183496,0.5453440248,0.038132569,0.6229737196,-0.328532349,0.092283078,0.1467186505,241425,-0.1060174794,5.7133324786,0.1366666667,5.6805533854,0.4987729635,5.6645923901,1772313315.850663,0.1538251635,0,-14.4950804394,0.0,7.9992341995,0.9206438215,0.0550429835,-0.3324508434,390.0,14.4331994629,0.3330547895,13028.7047326,0,6.1491477875
1e-05,0.5049323575,13.2862150065,14.5139977932,0.0041400073,0.0291467495,0.0100865046,5.1603515625,5.115953776,13.3110088306,0.8764395292,0.5818290317,818,-0.0984628618,0.5046336734,13.2703190104,-1.2744252733,0.0025043365,0.5329578615,0.5827981015,-1.2742781971,5e-05,0.0001106771,0.1138494469,0.3218676178,13.1688304088,0.5036193802,0.5547151766,0.0376811004,0.6170937844,-0.3181065376,0.0822759561,0.108540126,241425,-0.0990319424,5.1574186971,0.12,5.1323535156,0.5043050164,5.1307528848,1772313315.851249,0.1481887889,0,-13.2990360881,0.0,7.9992341995,0.882427792,0.0555186277,-0.3183307754,390.0,13.2225878906,0.3232649224,13028.7047326,0,5.1390863209
1e-05,0.5185072058,10.280382487,14.4921457767,-0.0442893127,0.0292671109,0.0099397381,4.9838313802,4.9501953125,10.3035801506,0.8421538251,0.5824646389,819,-0.0839613879,0.5180934414,10.240538737,-1.3999253718,0.0023570226,0.5391867486,0.5827899857,-1.4038967729,5e-05,0.0001041667,0.1375878475,0.2998054828,10.1918168732,0.5192138521,0.5555797937,0.037662069,0.610111338,-0.298617782,0.0800809688,0.103049228,241425,-0.0797024857,5.0104425791,0.0866666667,4.9745507812,0.5170914973,4.980296893,1772313315.852114,0.1178724919,0,-10.29248087,0.0,7.9992341995,0.8394483635,0.0603439262,-0.3002333694,390.0,10.252586263,0.2964817689,13190.6106679,0,5.1890481147
1e-05,0.5101504085,12.7808894857,15.6427571774,0.0170612572,0.0313347924,0.0105667249,5.5364973958,5.5045833333,12.8070511598,0.8979199122,0.5837264144,820,-0.0956346574,0.5056636594,12.7459247843,-1.2990835134,0.0023570226,0.539300358,0.5837949212,-1.2989964602,5e-05,0.0001041667,0.1050398425,0.3146810976,12.682308907,0.5097501422,0.5592395123,0.0407966081,0.6195803239,-0.3311919172,0.0843023807,0.1040673097,242381,-0.0975728546,5.5366000583,0.1120703125,5.5269921875,0.5045637178,5.5145149869,1772313477.762807,0.139989035,0,-12.7947868645,0.0,4.9681949615,0.8985444832,0.0454785798,-0.3281750632,469.0,12.7444458008,0.3156073089,13190.6111682,0,5.9067298745
1e-05,0.5171296246,11.0845442708,14.765130043,-0.0387562379,0.0286762795,0.0100808406,4.7358333333,4.6888411458,11.0918796795,0.818336434,0.5816226097,821,-0.0906787938,0.5122692535,11.071482137,-1.3903573845,0.0012393268,0.5379007841,0.5821179565,-1.3904486473,5e-05,5.85938e-05,0.1352165137,0.2888125117,10.9798457652,0.5167391154,0.5560703934,0.0384834862,0.6104347539,-0.3070743391,0.0798557055,0.1172872616,242381,-0.0894615074,4.7447261772,0.0966666667,4.7216601562,0.5125693919,4.7183280205,1772313477.7638118,0.1255141683,0,-11.1009474945,0.0,4.9681949615,0.822600251,0.0598683809,-0.3081451783,469.0,11.0471842448,0.2886018216,13190.6116715,0,6.0671668761
1e-05,0.5198974567,10.852828776,14.3756780624,0.003042554,0.0285889674,0.0099800515,4.992109375,4.9670572917,10.8535349926,0.8526822518,0.5823378416,822,-0.1020499814,0.5168794914,10.82092158,-1.4086839583,0.0025043365,0.5546094199,0.5828416141,-1.4098133876,5e-05,0.0001106771,0.0862446587,0.295293409,10.733791395,0.5180051728,0.558580846,0.0372767774,0.6172008371,-0.3072711996,0.0812947485,0.1141780118,242381,-0.1042209875,5.0109978318,0.0866666667,5.0145052083,0.5160963259,4.9785900279,1772313477.7643151,0.1234573324,0,-10.8679493108,0.0,4.9681949615,0.8520912078,0.0264114416,-0.3067384879,469.0,10.8408312988,0.2937237414,13190.6126699,0,5.8177262793
1e-05,0.4728711021,20.2103466797,14.6743643284,0.1077535024,0.0313165914,0.0104723096,6.6500520833,6.6299479167,20.2178546193,0.9608535463,0.5806121071,823,-0.1077025325,0.4656715191,20.134177653,-0.9473122331,0.0034490354,0.5103482064,0.5809333316,-0.9493231893,5e-05,0.00015625,0.0958932387,0.3648342721,20.0744028732,0.4714950927,0.5397090142,0.0376917187,0.6383230205,-0.3813831327,0.1059685101,0.1288909351,243292,-0.1062535675,6.7004743723,0.2026171875,6.6555859375,0.4641241966,6.6525002287,1772313477.7648115,0.2074436014,0,-20.2202206772,0.0,6.6518131892,0.9632910768,0.0437022308,-0.38059581,430.3333333333,20.1582995605,0.363250409,13190.6131682,0,6.0397388634
1e-05,0.4966997276,16.2827608236,14.4685182571,0.0492230381,0.0322017623,0.0101290011,6.0260286458,5.9961442057,16.2888571533,0.8981303246,0.5852732303,824,-0.0657908118,0.4889968444,16.2122440592,-1.157540946,0.003240906,0.5215762431,0.5856212874,-1.1571520301,5e-05,0.0001432292,0.1067332349,0.3233174824,16.1475149525,0.4969735395,0.5509917228,0.0374432206,0.6241996026,-0.3444090321,0.0926990901,0.1145433309,243292,-0.06778947,6.0413046365,0.1552734375,6.0191699219,0.488273287,6.0151609889,1772313477.7653136,0.1749757202,0,-16.2879535587,0.0,7.493622303,0.8938321678,0.0553102272,-0.3454389246,411.0,16.2350447591,0.3238275535,13190.6136672,0,5.5581561898
1e-05,0.5294212125,9.7781941732,14.4284610748,-0.0384190998,0.0267502206,0.0098959851,4.9426627604,4.9112565104,9.7719112316,0.8127089213,0.5864542067,825,-0.0641676154,0.5214917245,9.7538802083,-1.4771771298,0.0014731391,0.5475183144,0.5861562508,-1.4718842512,5e-05,6.51042e-05,0.1176888995,0.2695570378,9.6577070486,0.5311921643,0.562256269,0.0374947309,0.6058484797,-0.3000735035,0.0751969003,0.0987887111,243292,-0.0651168986,4.9364697224,0.0733333333,4.9390234375,0.5206970175,4.9248498216,1772313477.7658117,0.1149078323,0,-9.792810802,0.0,7.493622303,0.812247099,0.0462142778,-0.3006808644,411.0,9.7561051432,0.2680707561,13190.6136672,0,5.300869194
1e-05,0.5053091177,14.8572600301,14.6021111012,0.0260258462,0.0288644446,0.0102582359,6.0066471354,5.9794482422,14.8892212914,0.9088039397,0.5854084692,826,-0.0742490278,0.4979358158,14.8386950684,-1.2255660379,0.0026516504,0.5294819184,0.5851411994,-1.2253876646,5e-05,0.0001171875,0.1047050893,0.3157634977,14.7651423128,0.5052972723,0.5557481286,0.0377178526,0.6183808724,-0.3440309216,0.0895652872,0.0988346668,244302,-0.0774702745,5.996425879,0.1375651042,6.0010872396,0.4968129292,5.9844016803,1772313477.766311,0.1594935503,0,-14.8634688998,0.0,6.295409282,0.9010986763,0.0526246226,-0.3408871995,434.0,14.7901744334,0.3163475965,13190.6146677,0,5.0737145139
1e-05,0.51603498,11.9963496908,14.406170845,0.0117518297,0.0335931701,0.0102058999,5.4818977865,5.4258805339,11.9947793561,0.8782539291,0.5856779257,827,-0.0762850234,0.5110715718,11.9441957601,-1.34046765,0.0030070937,0.5379287367,0.583709451,-1.3370738361,5e-05,0.0001367188,0.1217945564,0.2980303773,11.8854141622,0.5176106612,0.5545594802,0.0372449072,0.6144668401,-0.3184959766,0.0846504221,0.1204703393,244302,-0.0729513967,5.4589322687,0.0992317708,5.4430957031,0.5099218829,5.446009845,1772313477.766811,0.1348924923,0,-12.0088774207,0.0,3.8989832401,0.8722197136,0.063021984,-0.3196253484,480.0,11.9757039388,0.2972976321,13190.6146677,0,5.7375620874
1e-05,0.5162612323,12.0345686849,15.4602921009,0.0014651301,0.0285882439,0.0113652158,5.3572167969,5.3123030599,12.0445840363,0.8503283124,0.5857335399,828,-0.0716712929,0.5078838257,11.9994187419,-1.3678728825,0.0025043365,0.5445234729,0.5851740122,-1.3687097867,5e-05,0.0001106771,0.087225963,0.2918721175,11.9423234817,0.5169903054,0.5602984954,0.0395134513,0.6136852155,-0.3194975405,0.0883928324,0.0968422742,244302,-0.0699956438,5.3721248873,0.0992447917,5.3252929688,0.5088604541,5.3420565196,1772313477.7673113,0.1366213852,0,-12.0455754203,0.0,3.8989832401,0.8489956936,0.0297022434,-0.3220058091,480.0,11.9907531738,0.288965812,13190.6151691,0,4.9448802808
1e-05,0.5275739877,11.1058990479,14.9924094677,0.0259532441,0.0288612862,0.0100322652,5.099296875,5.0629296875,11.1182606526,0.8212265817,0.5829039123,829,-0.1018113884,0.5191054411,11.0783260091,-1.4298720964,0.0027989643,0.5522918681,0.5815788988,-1.4300796012,5e-05,0.0001236979,0.0925264509,0.2658765235,11.0083534675,0.5271526994,0.5582783435,0.0392608643,0.619934998,-0.3016600308,0.0825647439,0.104806797,244302,-0.1048495845,5.0987314266,0.0866666667,5.0769661458,0.5175182614,5.0745167335,1772313477.767813,0.1254750553,0,-11.117321843,0.0,3.8989832401,0.8229260663,0.0229560033,-0.3000639755,480.0,11.0705672201,0.2668699757,13353.8918587,0,5.5655074755
1e-05,0.4916497568,17.5487939453,14.6834990978,0.0760344245,0.0298942498,0.0090946674,5.8352799479,5.8066113281,17.6010356784,0.9077442923,0.5797906313,830,-0.1229736739,0.4827389345,17.5005163574,-1.0993739939,0.0025043365,0.5202958861,0.5791971578,-1.1013228828,5e-05,0.0001106771,0.0872973969,0.3175154284,17.4580048746,0.4919471626,0.5475185913,0.0392310437,0.6267303638,-0.355175648,0.092800922,0.1165691207,245198,-0.1226352924,5.8588051833,0.1666666667,5.8404557292,0.481654375,5.825110278,1772313641.0486484,0.1841302991,0,-17.564131116,0.0,7.7429666519,0.9070310551,0.0496938043,-0.3505028562,423.0,17.5082226562,0.3208285672,13353.8923603,0,5.7875554591
1e-05,0.4946986755,17.0402746582,14.0476636887,0.063325463,0.0341768507,0.0088617023,6.2455989583,6.2115885417,17.0362626328,0.9370333209,0.5783974739,831,-0.1330228148,0.4851270487,16.9732548014,-1.1038775887,0.0044802328,0.5243625915,0.57767355,-1.1083035455,5e-05,0.0002018229,0.0883274183,0.3243063901,16.9026124201,0.4960174165,0.5497852225,0.0373731089,0.6283394806,-0.3495204539,0.1002915625,0.1199159491,245198,-0.1300285409,6.2645104281,0.16203125,6.2323697917,0.4865862266,6.2146490757,1772313641.0498092,0.1781820387,0,-17.0473482045,0.0,7.7429666519,0.9411800284,0.0380359557,-0.351537996,423.0,17.012582194,0.3215231156,13353.8928593,0,5.9823281823
1e-05,0.5131963715,14.2005627441,15.4914355278,0.0407890348,0.0333161604,0.00912052,5.3984049479,5.3675585938,14.2107272477,0.8838395761,0.5790609388,832,-0.1138524126,0.4985648247,14.1249766032,-1.2650834253,0.0040382911,0.5385749377,0.5812896967,-1.2681770221,5e-05,0.0001822917,0.0854421122,0.2851507682,14.0829205699,0.5119198642,0.5546546508,0.041856122,0.6219370447,-0.3325816901,0.0903370034,0.098994274,245198,-0.1147269458,5.4145629778,0.1226302083,5.3868880208,0.4970532167,5.3802412433,1772313641.0503106,0.1551424883,0,-14.2117101404,0.0,7.7429666519,0.8789349891,0.0403669227,-0.3336552174,423.0,14.1914485677,0.2871006233,13353.8933601,0,4.4519736886
1e-05,0.5016320291,16.3675801595,15.3884096146,0.0295299754,0.0277120369,0.0095030212,6.185953776,6.1073225911,16.3911766416,0.8889673587,0.5830995766,833,-0.0622473296,0.4919595503,16.3239029948,-1.1519597218,0.0033882199,0.5133189682,0.5838377949,-1.1510633846,5e-05,0.0001497396,0.1304414748,0.2921987712,16.2791550737,0.5030150832,0.5466644416,0.0410387293,0.6220587044,-0.3404869417,0.0968175681,0.1556884114,245899,-0.0645962749,6.1708319859,0.1555729167,6.1017317708,0.4907106335,6.1440860768,1772313641.0508096,0.1733456758,0,-16.3790523289,0.0,0.3805875778,0.8927351351,0.0804915674,-0.3370134453,607.6666666667,16.3082525635,0.291380578,13353.8943604,0,6.3583377288
1e-05,0.5030921917,15.6169620768,15.5291543007,0.039348051,0.0261028217,0.0092134762,5.5791471354,5.5540966797,15.6483682979,0.8600482182,0.5870941327,834,-0.0531457121,0.4886665966,15.5565808105,-1.2174270242,0.0019150808,0.5277083641,0.5874663526,-1.216103666,5e-05,8.46354e-05,0.0931066921,0.2936791922,15.5185876725,0.504262721,0.5512847951,0.0419431829,0.6235118707,-0.3430253139,0.0890102586,0.1083995259,245899,-0.0569232093,5.6189063833,0.1433333333,5.5883951823,0.491232109,5.5888903962,1772313641.0513105,0.1654293704,0,-15.6273091882,0.0,-3.3006019592,0.862494782,0.0424793146,-0.3453087366,700.0,15.5831547038,0.2923574593,13353.8943604,0,5.1018362046
1e-05,0.5107584686,14.9675961304,15.8421330452,0.0104169667,0.0262896219,0.009247191,5.9947395833,5.9740429688,14.974882957,0.8457078862,0.588153398,835,-0.035985329,0.4990687327,14.9035327148,-1.2456708,0.0022097087,0.5224107368,0.5863874735,-1.2438513073,5e-05,9.76562e-05,0.1362323149,0.2778446303,14.8558903721,0.5116460046,0.5509966311,0.0428665455,0.6195909093,-0.3203449532,0.0915606654,0.1067568481,245899,-0.0370534984,6.0209975778,0.1387239583,6.001578776,0.49889569,5.9895639899,1772313641.0518134,0.1572414516,0,-14.9752670524,0.0,-3.3006019592,0.8466398134,0.0652040454,-0.3227765669,700.0,14.9338460286,0.2783318225,13353.8948601,0,5.2739672232
1e-05,0.502118874,16.2465397135,14.7916882038,0.047564699,0.0302423211,0.0096160817,5.7385286458,5.70578125,16.2574125075,0.8757977825,0.5887797374,836,-0.0485399487,0.4933806171,16.1780371094,-1.2023667785,0.0025651519,0.5327818241,0.5889075083,-1.2023311359,5e-05,0.0001171875,0.0819380022,0.3059753378,16.1185143753,0.50154817,0.5540062067,0.0390111605,0.6247900937,-0.3380772238,0.0920288284,0.1047554077,247322,-0.0515304943,5.748761824,0.1459244792,5.7315755208,0.4932173202,5.7169969543,1772313641.0523107,0.172907015,0,-16.2573162281,0.0,0.8270956675,0.879576697,0.0495667265,-0.339096557,593.0,16.2129915365,0.3038782435,13353.8953608,0,6.154543964
1e-05,0.5177901693,12.6604142888,14.8297035694,-0.0220307642,0.0301506917,0.0089956315,5.2939973958,5.262273763,12.6650748787,0.8150958988,0.5869229045,837,-0.0465735934,0.5083899176,12.6323826599,-1.3362007988,0.0020623947,0.5253662868,0.5869684029,-1.3365267905,5e-05,9.11458e-05,0.150636827,0.2730345975,12.5583587207,0.5180990671,0.5506232799,0.0397395388,0.6117189619,-0.3068419611,0.0844067564,0.0974007443,247322,-0.0487773727,5.3229277814,0.1133333333,5.2839355469,0.5092675842,5.2923390475,1772313641.0528104,0.135249944,0,-12.6719519325,0.0,9.082490921,0.8134506985,0.071785011,-0.3065667587,379.0,12.6127706909,0.2719042482,13353.8962838,0,5.5640550128
1e-05,0.5272346857,11.2829746501,14.1593811512,0.0102220715,0.0305859275,0.0087778227,5.1087239583,5.063203125,11.3099735438,0.8054027166,0.5860260093,838,-0.0657235406,0.5212912945,11.2520214844,-1.4532731789,0.0025043365,0.5554357688,0.586576609,-1.4521792328,5e-05,0.0001106771,0.0806510205,0.2665434654,11.1891233669,0.529573792,0.5637994216,0.0377959315,0.6151711406,-0.2928737858,0.0820754148,0.1013329651,247322,-0.0602711967,5.0981307765,0.0859895833,5.084453125,0.5219948284,5.0718461386,1772313641.0538108,0.1286951222,0,-11.2968979821,0.0,9.082490921,0.807578472,0.0250685895,-0.2944810132,379.0,11.2619911702,0.261416225,13353.8968602,0,6.2383459069
1e-05,0.5127571148,14.3474674479,14.2483992577,-0.0137404799,0.0264834816,0.0093876195,5.6607259115,5.636500651,14.3800417387,0.8132898776,0.5874088208,839,-0.0298713429,0.5038592019,14.3080403646,-1.2692728641,0.0022097087,0.5190551706,0.5892184669,-1.2745003665,5e-05,9.76562e-05,0.1317133874,0.266831937,14.2642965844,0.5141591178,0.5472650668,0.0375022523,0.6181510878,-0.3004888286,0.0848159457,0.1075939208,247322,-0.0276621985,5.6881160139,0.1359895833,5.664375,0.5034565206,5.6774927287,1772313641.0542343,0.1504305914,0,-14.3576694837,0.0,9.082490921,0.8135269879,0.0772686849,-0.301333427,379.0,14.2905444336,0.2655745346,13507.7133187,0,5.8824912091
1e-05,0.5269001111,11.3133575439,14.337719202,-0.0293435472,0.0278455762,0.0090449262,5.7044628906,5.694781901,11.3279493797,0.8265480188,0.5870772926,840,-0.0215272809,0.5209260378,11.2928198242,-1.3677812535,0.003362537,0.5302164727,0.5871043972,-1.3716234582,5e-05,0.00015625,0.1484899652,0.2629105984,11.2174251501,0.5270441692,0.5487555517,0.0381615384,0.6135202308,-0.2917206322,0.084363685,0.1058744048,248183,-0.0212053848,5.726920976,0.0960286458,5.7573958333,0.5198107841,5.7049627258,1772313794.8752635,0.1262912488,0,-11.326238365,0.0,9.5994653702,0.8262404841,0.0861099743,-0.2889278238,347.0,11.2669466146,0.2626638024,13507.7138199,0,4.5325747657
1e-05,0.5054485239,14.6661311849,14.2262306213,0.0414510995,0.0310054364,0.0089059504,5.5484895833,5.5205029297,14.6938390103,0.8544880493,0.5840306648,841,-0.045287909,0.4991204787,14.619122111,-1.2448664939,0.0040382911,0.5349834973,0.5823631666,-1.247736783,5e-05,0.0001822917,0.0918716344,0.3003841017,14.5735243213,0.5049100033,0.5493986705,0.037914354,0.6269919491,-0.3252750587,0.0907414602,0.1066293014,248183,-0.046835476,5.572245853,0.1333333333,5.5457617187,0.4979155317,5.5419296655,1772313794.8767695,0.1567975051,0,-14.6747799979,0.0,9.5994653702,0.8542252964,0.0449089655,-0.3241012001,347.0,14.6310205078,0.2993308337,13507.7143205,0,5.3319208491
1e-05,0.5206001702,11.8931477865,14.2519361973,0.0274149738,0.0307540627,0.0089391319,5.8247981771,5.8094921875,11.9151743964,0.9114955622,0.5854983926,842,-0.0530456026,0.5172142714,11.8445621745,-1.3342216738,0.0045667312,0.5448145119,0.585159926,-1.3348672462,5e-05,0.0002018229,0.0864701109,0.2953033303,11.7746457528,0.5192929518,0.5602778071,0.0379782557,0.6198354834,-0.3111204449,0.0851374392,0.1005665967,248183,-0.0549480905,5.8393237201,0.0975520833,5.8409179688,0.5167763371,5.8183535217,1772313794.8772702,0.1373522665,0,-11.9082060399,0.0,9.5994653702,0.9128196844,0.0450480446,-0.3125965884,347.0,11.8836914062,0.2968669975,13507.7148181,0,4.8424188706
1e-05,0.513840942,12.2283723958,13.7784354687,-0.0156839124,0.0300871733,0.0089349008,5.3891666667,5.3537695313,12.2526167097,0.8658808191,0.5874104945,843,-0.0544836514,0.5101802719,12.2112451172,-1.3486844931,0.0019150808,0.5405699691,0.5851097341,-1.3527562404,5e-05,8.46354e-05,0.121278852,0.2999883371,12.1440529151,0.516413111,0.5598545442,0.0361617661,0.6093919104,-0.3185318445,0.0848269856,0.1161912075,248980,-0.0533547011,5.4071431565,0.1,5.3788932292,0.5102973886,5.3756569267,1772313794.877768,0.1336552894,0,-12.2378461327,0.0,8.1785987218,0.8624952438,0.0515790822,-0.3182070496,385.0,12.1807507324,0.2950536878,13507.7153191,0,5.7916750385
1e-05,0.5010043015,15.7027349854,13.3501787186,0.0289503445,0.0284695778,0.0086245497,5.7234505208,5.6859505208,15.7390326217,0.8605171051,0.5873109921,844,-0.044122607,0.4956764704,15.698861084,-1.2159182419,0.0029462782,0.5265364983,0.5866698349,-1.2171029039,5e-05,0.0001302083,0.1077053253,0.3096222285,15.6235082322,0.5003482227,0.553690432,0.0351784682,0.6218304131,-0.3321965401,0.0901037936,0.1382791311,248980,-0.0419817747,5.7404777771,0.1459765625,5.7239453125,0.494113323,5.7148531079,1772313794.878269,0.1626539493,0,-15.7177023217,0.0,7.4681653976,0.8549613404,0.0393339373,-0.3290842593,404.0,15.6335620117,0.3126794246,13507.7158174,0,6.8467682665
1e-05,0.4656378677,21.2646870931,13.8105547428,0.1169483286,0.0305653497,0.0089037665,6.5440625,6.5187141927,21.2797616141,0.9549258614,0.5864399797,845,-0.0544880817,0.4628704123,21.1653230794,-0.9123711717,0.0035355338,0.5044887884,0.5862706155,-0.9115710231,5e-05,0.00015625,0.101358353,0.3707006599,21.1482753823,0.4673372492,0.5363844105,0.0365395991,0.6419391723,-0.3752321659,0.1053840065,0.1471890065,248980,-0.0548365859,6.5790660504,0.2133333333,6.5494010417,0.4618632479,6.5485775729,1772313794.878269,0.2148200849,0,-21.2722408004,0.0,7.4681653976,0.9553329128,0.0491128571,-0.375581113,404.0,21.210300293,0.3692508348,13507.7163174,0,6.157950336
1e-05,0.491083174,16.4718473307,14.2374372482,0.0241356398,0.0254997121,0.0092473054,6.0838802083,6.0660514323,16.4821632575,0.9004809421,0.582368995,846,-0.0702758482,0.4879242723,16.4263818359,-1.1138304765,0.0034490354,0.5137240677,0.5845803116,-1.1206810809,5e-05,0.00015625,0.136409241,0.3287197508,16.3955480411,0.4910984248,0.5424218304,0.0375808501,0.6244392956,-0.3361052514,0.1027575521,0.1244304552,249996,-0.0703738603,6.1541055292,0.16,6.1115299479,0.488533917,6.1080033155,1772313794.878767,0.1697012862,0,-16.4863852639,0.0,6.888294061,0.8974021965,0.0654604763,-0.3344994801,607.6666666667,16.4446789551,0.3274970677,13507.7163174,0,5.4052717642
1e-05,0.4989081713,15.3065804036,13.8084952831,0.0104600187,0.0329006768,0.0088096865,5.9617578125,5.9230192057,15.3533893632,0.8912528595,0.5839598813,847,-0.0872934341,0.4967096125,15.2874951172,-1.1963495547,0.0025043365,0.5246940374,0.5825657847,-1.1947494461,5e-05,0.0001106771,0.1181231203,0.324443578,15.2402460185,0.4981578313,0.5538310195,0.036635251,0.6199288537,-0.3293888538,0.091792399,0.1292320051,249996,-0.088253388,5.963451542,0.1446875,5.9600195313,0.4961537973,5.9445966201,1772313794.8792672,0.1609607915,0,-15.3174727841,0.0,5.7285513878,0.887153661,0.0543822195,-0.3298794079,1015.0,15.2464591471,0.3256758515,13507.7168171,0,6.0003935218
1e-05,0.5168850161,12.855484314,13.9595079422,0.0141165732,0.0300031124,0.0094195286,5.5957324219,5.5713850911,12.8821772411,0.8694278812,0.58131929,848,-0.1115425848,0.5142412628,12.8061425781,-1.323149451,0.003240906,0.53986806,0.5814786561,-1.3214834251,5e-05,0.0001432292,0.0963569062,0.2931843118,12.7595679988,0.5162355651,0.5571609969,0.0365264885,0.6170234056,-0.2942761695,0.0849806502,0.0895577582,249996,-0.1101251137,5.6073961252,0.1120182292,5.596953125,0.513644937,5.5853293407,1772313794.8792672,0.1403001458,0,-12.8696457954,0.0,5.7285513878,0.8716636062,0.0406183033,-0.2965769175,1015.0,12.8375325521,0.2911773418,13507.7173172,0,4.6875177321
1e-05,0.5226525748,12.4720007324,13.7592740059,0.0185276904,0.0294788801,0.0088076067,5.59390625,5.558046875,12.5017682459,0.8491601741,0.5807498529,849,-0.1129183958,0.519197161,12.4458011882,-1.3754484242,0.0040382911,0.5468849431,0.581012281,-1.3761899249,5e-05,0.0001822917,0.0800531415,0.2804598245,12.3800962459,0.5216790424,0.5614480538,0.0364218322,0.6145058843,-0.2883904891,0.0865076612,0.1084807691,249996,-0.1129604143,5.6005085282,0.102109375,5.5770572917,0.5199475079,5.5731239216,1772313794.8797667,0.1383141344,0,-12.4858939457,0.0,5.7285513878,0.8516163147,0.0309506953,-0.2875697836,1015.0,12.4431254069,0.282139684,13668.3797972,0,5.6019432521
1e-05,0.5192935917,12.6710449219,13.8200016022,0.025591259,0.0290829691,0.0089218704,5.3255891927,5.2882600911,12.6958665573,0.8490814484,0.5831823095,850,-0.0934608524,0.5132042501,12.6215152995,-1.3614216503,0.0021232102,0.5466303472,0.5829512982,-1.3647119367,5e-05,9.76562e-05,0.0793965932,0.284908266,12.566588184,0.519559707,0.5597655268,0.0365532128,0.6151487402,-0.3005339779,0.082959295,0.1017254641,249996,-0.0931483144,5.324056153,0.102578125,5.311546224,0.5159492395,5.3061454325,1772313955.5474682,0.1427491114,0,-12.6834076301,0.0,5.7285513878,0.8513213813,0.0442559466,-0.3012306149,1015.0,12.6534472656,0.2830083074,13668.3802977,0,5.1360828764
1e-05,0.5370079681,9.3855147298,13.8833196163,-0.011555076,0.0290437297,0.0089801335,4.8563053385,4.8235839844,9.3878953059,0.8134506737,0.5847795777,851,-0.1026993793,0.5341064885,9.373717041,-1.5118261242,0.0023570226,0.5595044905,0.5836738757,-1.5116481435,5e-05,0.0001041667,0.0924624571,0.2551378311,9.256708065,0.5353847071,0.5668694482,0.0367708381,0.6109236866,-0.2661153483,0.076512517,0.090090825,249996,-0.1020893837,4.8583598683,0.0627473958,4.8416894531,0.5323273595,4.8351721409,1772313955.5479689,0.1151889846,0,-9.3978964809,0.0,5.7285513878,0.8141143491,0.0517661222,-0.2647712312,1015.0,9.3577624512,0.2547313746,13668.3802977,0,4.8147584921
1e-05,0.5267729089,10.8189778646,13.7382216454,-0.0112888287,0.0309098243,0.0088306371,4.9162434896,4.8759440104,10.8440141408,0.8123179705,0.5821498499,852,-0.1094515082,0.5264834777,10.7976953125,-1.4273922666,0.0022097087,0.5451026928,0.5825685543,-1.4309382719,5e-05,9.76562e-05,0.1120222413,0.2700753383,10.7100399515,0.5257218937,0.5583092776,0.0364073245,0.6140219986,-0.2685873586,0.0787965372,0.0984921323,249996,-0.1096355174,4.9086728918,0.0866666667,4.8996744792,0.5250522077,4.878497808,1772313955.5484693,0.124939831,0,-10.8347680777,0.0,5.7285513878,0.8069751692,0.0463343076,-0.2680379916,1015.0,10.7877661133,0.2694373183,13668.3807975,0,5.6964500792
1e-05,0.4794416811,19.4266959635,13.7907714844,0.0783043406,0.0296230628,0.0089296325,6.5429785156,6.5295719401,19.4494708129,0.9084432203,0.5811587636,853,-0.0959522051,0.4786958934,19.3297172038,-1.0185470921,0.0038909771,0.5091381422,0.5808291469,-1.0210804534,5e-05,0.0001757812,0.1112119093,0.3408423638,19.2951926313,0.4804280223,0.5425549362,0.0364071393,0.6354874462,-0.3409915586,0.1047378695,0.120256139,249996,-0.0957047364,6.589685411,0.1953255208,6.576468099,0.478037942,6.5321818054,1772313955.5489693,0.2003233397,0,-19.4382174943,0.0,5.7285513878,0.9067821195,0.047373216,-0.340042772,1015.0,19.4019673665,0.3403243175,13668.3812964,0,6.0216890658
1e-05,0.4968465097,15.4929866536,13.9946901798,0.056825364,0.0338804386,0.0090938099,5.791953125,5.7626302083,15.5265201597,0.8964327204,0.5818420696,854,-0.1236398051,0.5015127973,15.4451590983,-1.2075399715,0.0027124659,0.5363961561,0.5806331468,-1.2089694033,5e-05,0.0001236979,0.0735242135,0.3288306617,15.3876477782,0.4980571554,0.5520552277,0.0370254056,0.6262130654,-0.3131718145,0.0937876755,0.0971057995,249996,-0.1207286023,5.8040348585,0.14,5.8100520833,0.5024320568,5.7572958481,1772313955.5494678,0.1661751503,0,-15.5038923575,0.0004999638,5.7285513878,0.899888088,0.0389223886,-0.3116240273,1015.0,15.4456123861,0.3293684809,13668.3831181,0,5.1478349269
1e-05,0.4938950334,16.3100813802,15.3123269081,0.0572828793,0.0281712989,0.0099030224,5.9926269531,5.9641634115,16.3331145181,0.8917605016,0.5810422889,855,-0.1081259526,0.4988376731,16.2726822917,-1.1678928437,0.0030935921,0.5271209333,0.5826588148,-1.1693093944,5e-05,0.0001367188,0.086509617,0.3332206196,16.1911059176,0.4924602131,0.550922298,0.0405143158,0.6259072542,-0.305211744,0.0935986651,0.1080302236,249996,-0.1039371767,6.0039561738,0.152734375,5.9879166667,0.4995515611,5.9720656697,1772313955.5504723,0.1744311888,0,-16.3223408886,0.0,5.7285513878,0.8927922122,0.0464535889,-0.3033056406,1015.0,16.2835453288,0.3333348285,13668.3831181,0,6.0749924977
1e-05,0.4989796349,15.598527832,15.5654547215,0.0424762577,0.0281708299,0.0094731196,5.987561849,5.9617236328,15.6470990109,0.8731259764,0.5828948754,856,-0.0959622226,0.5013080756,15.5514170329,-1.1813195831,0.0033017215,0.5182346207,0.581796817,-1.1856463004,5e-05,0.0001497396,0.1212730639,0.319173724,15.5079207721,0.4996302778,0.5450050788,0.0416663448,0.625088791,-0.301400594,0.0933939404,0.1276875604,249996,-0.0933183303,6.0051696269,0.1466666667,6.034514974,0.5010634496,5.9724745679,1772313955.5512898,0.168191041,0,-15.6086384981,0.0,5.7285513878,0.8708581936,0.0750267352,-0.3021058794,1015.0,15.5545532227,0.3168756029,13668.3837978,0,5.7112355461
1e-05,0.5046438518,14.1104931641,15.9554872513,0.0349612113,0.0288432036,0.0101351921,5.5441503906,5.5134635417,14.134991144,0.8465898884,0.5855985989,857,-0.0832600389,0.5081235085,14.0618098958,-1.2784551853,0.0029462782,0.5355180712,0.5840040865,-1.2787471449,5e-05,0.0001302083,0.0884383717,0.3154764689,13.9993034582,0.5042107391,0.554674572,0.0423622251,0.6185279812,-0.2948239133,0.0901880706,0.1430239417,249996,-0.0813605783,5.569708945,0.1266666667,5.5534309896,0.5077264233,5.5292004343,1772313955.5519695,0.1551757179,0,-14.1235377438,0.0,5.7285513878,0.8487338273,0.0408825006,-0.2942099755,1015.0,14.0831023661,0.3138391693,13668.3842988,0,5.8348642345
1e-05,0.5430971806,7.045353597,16.0384793282,-0.1095500039,0.0288037405,0.0096886675,4.4525260417,4.4127473958,7.0813774016,0.7272374039,0.5873421981,858,-0.0464464992,0.5473654355,7.0355647786,-1.6214415219,0.0005892556,0.5488040475,0.5880997105,-1.6268472266,5e-05,2.60417e-05,0.1591928138,0.2445596784,6.9923583988,0.5448354735,0.5625366298,0.0431314707,0.5955615951,-0.2338766223,0.0672712293,0.1012937029,249996,-0.04829268,4.4607039109,0.0466666667,4.4495507813,0.5474016823,4.4504607444,1772313955.5524704,0.0839327964,0,-7.0601019658,0.0,5.7285513878,0.7271634214,0.0541183532,-0.231629102,1015.0,7.0236303711,0.2412066822,13668.3847984,0,5.730908199
1e-05,0.5184663333,12.5997770182,15.063035965,-0.0086867137,0.0299790393,0.0094206238,5.8794173177,5.8643391927,12.6059160953,0.8267987971,0.5850825675,859,-0.0565414134,0.5205589663,12.5485516357,-1.3441731525,0.0031544076,0.5353396221,0.5853621515,-1.3446532826,5e-05,0.0001432292,0.1099155854,0.2828847271,12.4856752503,0.5191503575,0.5560916322,0.0401747839,0.6155256264,-0.2748300647,0.083114903,0.1130106758,249996,-0.0543180154,5.8880460879,0.1121744792,5.921389974,0.5211706669,5.8824289016,1772313955.55297,0.1381506741,0,-12.608191245,0.0,5.7285513878,0.8286350707,0.0616894468,-0.2758628439,1015.0,12.5741015625,0.2832469248,13829.4975803,0,5.169240462
1e-05,0.5284874489,10.5505969238,15.5065538883,-0.0379092675,0.029989073,0.009680198,5.3363313802,5.3050911458,10.5633187826,0.8080654864,0.5858490137,860,-0.064407606,0.5295606475,10.5148372396,-1.4467344076,0.0028597798,0.540816103,0.5852248615,-1.4472466479,5e-05,0.0001302083,0.1250961748,0.2709605674,10.4524715979,0.5287846448,0.5586809512,0.0413974174,0.6069556378,-0.2619774105,0.0803004782,0.1054652265,249996,-0.0625381914,5.3494926341,0.0859244792,5.3347265625,0.5285319124,5.3323853337,1772314116.6704855,0.1198684749,0,-10.5620603422,0.0,5.7285513878,0.8088697282,0.0568453372,-0.2622254311,1015.0,10.525690918,0.2687014806,13829.5030261,0,5.1281874911
1e-05,0.4942179177,16.072779541,14.3933916092,0.0212886551,0.0324408689,0.0091830405,6.3139811198,6.2912141927,16.1086730653,0.8968305577,0.5850176628,861,-0.0820136438,0.4945731033,16.0382161458,-1.1396991837,0.003362537,0.5164995983,0.5835848719,-1.1416898419,5e-05,0.00015625,0.1222661598,0.3266958292,15.9829041351,0.4939791485,0.5449371039,0.0382047343,0.6210064336,-0.324975345,0.0951261663,0.1376426429,249996,-0.0828019474,6.3419158363,0.1560807292,6.340485026,0.4930781797,6.3135159421,1772314116.6754944,0.1691340211,0,-16.0857935831,0.0,5.7285513878,0.8961333364,0.0705898668,-0.3230370034,1015.0,16.0220811971,0.3269361367,13829.5035961,0,5.2474492063
1e-05,0.5069707402,14.1464082845,14.6514379978,0.0254764629,0.0352432716,0.0092352748,5.8924902344,5.8547330729,14.164283608,0.8808754251,0.5831591531,862,-0.1027325631,0.5076960856,14.0956561279,-1.2529374029,0.0043937343,0.5340887109,0.5839325901,-1.2519632167,5e-05,0.0002018229,0.1000197433,0.3035540191,14.0349553285,0.5079755095,0.5574265115,0.0390196069,0.6193121262,-0.306108791,0.0898979517,0.122858828,249996,-0.1034791571,5.8872515282,0.1288541667,5.8814615885,0.5078799217,5.8585763408,1772314116.6764343,0.1530339517,0,-14.1594981375,0.0,5.7285513878,0.8851086358,0.0503673492,-0.3076380514,1015.0,14.1106762695,0.3044713042,13829.5040939,0,5.5467598169
1e-05,0.5346478382,9.2995757039,14.3442406654,-0.0206801475,0.0314096457,0.009222482,5.0420898438,5.015625,9.3059713325,0.8209909769,0.5829190228,863,-0.1090919275,0.5377612582,9.3018676758,-1.5092848418,0.0038909771,0.5605334038,0.5816535374,-1.5099450491,5e-05,0.0001757812,0.0827627367,0.2646407962,9.1855159315,0.5356472557,0.5666232866,0.0379997714,0.6071630398,-0.2585078953,0.0793788574,0.101043709,249996,-0.1079983109,5.0521524855,0.0652473958,5.0495540365,0.536800149,5.0265731363,1772314116.6770043,0.1125945685,0,-9.3169355966,0.0,5.7285513878,0.8178639367,0.0346666553,-0.2558978333,1015.0,9.2698354721,0.2638826813,13829.5045936,0,5.5920607091
1e-05,0.4716115685,20.7995955404,14.2572724819,0.0910913751,0.0310799982,0.0091603271,6.6403613281,6.6250895182,20.8340906836,0.8986422209,0.5829511736,864,-0.0887665065,0.4723783065,20.7075561523,-0.9662713252,0.0038909771,0.5019943627,0.5829955145,-0.9651168716,5e-05,0.0001757812,0.1099286862,0.3496875829,20.7039905667,0.4733032171,0.5402247262,0.0378124054,0.6343263566,-0.3439272097,0.1083228666,0.1353117708,249996,-0.0909228116,6.6888623828,0.2125651042,6.6696484375,0.4715070449,6.6417517997,1772314116.6775022,0.210913352,0,-20.8077912774,0.0,5.7285513878,0.8918311542,0.0581251989,-0.3443178463,1015.0,20.752382609,0.3476279148,13829.5045936,0,5.8106543334
1e-05,0.5470919169,6.9308787028,14.080095768,-0.0744460044,0.0294965052,0.0089751625,4.5969596354,4.5736328125,6.9403427218,0.7753384124,0.584005839,865,-0.0957575295,0.5442903621,6.9113316854,-1.6020366086,0.0011785113,0.5557421449,0.5836561646,-1.6034125923,5e-05,5.20833e-05,0.1316569051,0.245164399,6.8399752464,0.544815283,0.5679493742,0.0374002989,0.5994315715,-0.2440865049,0.0689330087,0.0942002027,249996,-0.0963324188,4.610749133,0.04,4.6179557292,0.5451411679,4.601387693,1772314116.6780019,0.0868284199,0,-6.9457684674,0.0,5.7285513878,0.7769984659,0.0567655156,-0.242722345,1015.0,6.9238516235,0.2451331771,13829.5050937,0,5.1634684809
1e-05,0.509315905,13.7379337565,14.4572472572,0.0243316213,0.0357402104,0.0090684072,5.951500651,5.9350390625,13.7744102749,0.9225395075,0.5822520248,866,-0.1092394305,0.5066252772,13.6867858887,-1.2441919834,0.0020623947,0.5348537814,0.5813273825,-1.2463543492,5e-05,9.11458e-05,0.0980144695,0.3114855927,13.6466908118,0.5095748624,0.5543898256,0.0385036794,0.6202895217,-0.3188615468,0.0855758062,0.1197030573,249996,-0.1099214206,5.9474075602,0.1186848958,5.9803873698,0.5085276069,5.9400738803,1772314116.6780019,0.1513074464,0,-13.7565976778,0.0,5.7285513878,0.9197035133,0.0647729914,-0.3193494347,1015.0,13.7350460815,0.311778931,13829.5055937,0,5.9237015597
1e-05,0.5239359765,10.3846289063,14.4604282379,-0.0400373296,0.0298296062,0.0090818882,5.3257519531,5.3052555339,10.4053551357,0.8707317513,0.5798225079,867,-0.1170237808,0.5236674452,10.3300801595,-1.3842081265,0.0019150808,0.5409663432,0.5807685496,-1.3880630435,5e-05,8.46354e-05,0.1347441697,0.2875276552,10.281121624,0.5253775543,0.5571937278,0.0385376954,0.6130980006,-0.2817049879,0.0793653253,0.1069383305,249996,-0.1186933008,5.3430560792,0.0852604167,5.3547298177,0.5237775214,5.3259819824,1772314116.6785018,0.1213702527,0,-10.3970078626,0.0,5.7285513878,0.8730004071,0.0711394614,-0.2844485305,1015.0,10.3811116536,0.2858626503,13829.5055937,0,5.4851968089
1e-05,0.5196468967,11.2347184245,14.932769537,-0.0115035647,0.0342801091,0.0093435415,5.16625,5.1195572917,11.2651473555,0.8696870883,0.5828695985,868,-0.1129081828,0.5217996157,11.2700421143,-1.3888215363,0.0033017215,0.5473371443,0.5835340055,-1.388448468,5e-05,0.0001497396,0.1043856057,0.2979742101,11.1404705032,0.518973529,0.5642264692,0.0398571428,0.609830125,-0.2923538579,0.0837618176,0.1463974706,249996,-0.1147915695,5.1848994577,0.0894270833,5.156953125,0.5205348074,5.1515408786,1772314116.679002,0.1296712697,0,-11.2454133254,0.0,5.7285513878,0.8696236634,0.0389578762,-0.2926027345,1015.0,11.14065979,0.2975513195,13829.5060938,0,6.5449732751
1e-05,0.519721068,11.3717028809,14.8358631134,-0.0350616475,0.0309831545,0.0093659814,5.2901236979,5.2637858073,11.3987071331,0.8386860486,0.5797653832,869,-0.1180279756,0.5182763962,11.3432908122,-1.3604887845,0.0020623947,0.5338782485,0.580661185,-1.3628199349,5e-05,9.11458e-05,0.1360034073,0.2861905305,11.2875386084,0.5193763954,0.5535874214,0.0394480403,0.6090789113,-0.2876269559,0.0832283287,0.1191514453,249996,-0.115788336,5.3225989455,0.0994791667,5.319156901,0.5187354074,5.2943422656,1772314116.679502,0.1261365074,0,-11.3863542882,0.0,5.7285513878,0.8433244265,0.0590353585,-0.2865554023,1015.0,11.3305049642,0.2866792507,13998.3348696,0,5.1283501206
1e-05,0.5175259571,12.170177002,16.6640172005,-0.0258067898,0.0307451292,0.0103866704,5.5874772135,5.5769270833,12.1843712185,0.8614053811,0.5774164167,870,-0.1364998328,0.515861054,12.139017334,-1.3227036996,0.0022097087,0.5321129088,0.5776647785,-1.3251847599,5e-05,9.76562e-05,0.1367223727,0.2867517003,12.0578602557,0.5181978764,0.5560485736,0.0445682685,0.612661662,-0.2932514374,0.0818489913,0.1210066297,249996,-0.1350853464,5.6210808012,0.1089322917,5.6327278646,0.5149586741,5.6053070223,1772314285.5128736,0.1346936753,0,-12.1823106397,0.0,5.7285513878,0.8643998919,0.0577589429,-0.2918550454,1015.0,12.1251688639,0.2888013978,13998.3359787,0,5.3201847205
1e-05,0.5128942223,13.2115169271,16.2678205967,0.0190194669,0.0338267303,0.0102157013,5.5993847656,5.5719921875,13.2356687552,0.9109632193,0.5730597361,871,-0.1521349585,0.5071538234,13.2029736328,-1.2647944142,0.0026516504,0.536509328,0.5760201075,-1.2619273178,5e-05,0.0001171875,0.1018180653,0.2970218828,13.0991830933,0.5133862006,0.5564034859,0.0434153954,0.6166780057,-0.3159454311,0.0857370725,0.1058721698,249996,-0.1536699391,5.5973810533,0.1186197917,5.5944205729,0.5076295433,5.5732068174,1772314285.514376,0.1466449446,0,-13.2242744727,0.0,5.7285513878,0.9115477017,0.0576625045,-0.3158677894,1015.0,13.138678182,0.2982033164,13998.3369782,0,4.9663339537
1e-05,0.5326683214,10.3715397135,14.586628437,-0.0347020476,0.0355584537,0.0093369404,4.8999739583,4.8561979167,10.3915812995,0.8240358249,0.5755002906,872,-0.1471231535,0.525141698,10.3302469889,-1.4545131975,0.002417838,0.5499652378,0.5758775075,-1.4536211365,5e-05,0.0001106771,0.1090637555,0.2607228659,10.2887033894,0.5313159156,0.5627337209,0.0387100395,0.6072625929,-0.2804309601,0.0762911745,0.1042337944,249996,-0.1499649502,4.8950577227,0.08265625,4.884921875,0.5251617886,4.8854873518,1772314285.5153747,0.1162808561,0,-10.3877388007,0.0,5.7285513878,0.8250292324,0.0230940748,-0.2798264961,1015.0,10.3680169678,0.2620748369,13998.3374779,0,5.752133947
1e-05,0.4981013278,15.5709594727,14.7972586155,0.0247804032,0.0352870708,0.0099818015,5.9295914714,5.9185498047,15.6073874323,0.9250246243,0.5797624411,873,-0.1222546566,0.4902484699,15.5242793783,-1.133469061,0.003240906,0.5161702626,0.5789815934,-1.1315335612,5e-05,0.0001432292,0.1258582831,0.3170769258,15.4962949885,0.4982296994,0.5431061388,0.0386153197,0.6227866972,-0.3404954682,0.0963022838,0.1105074066,249996,-0.1189920812,5.9859934693,0.1492708333,5.951624349,0.4903357419,5.9527196118,1772314285.515874,0.1643358608,0,-15.5834130226,0.0,5.7285513878,0.9265899857,0.060616665,-0.3407010517,1015.0,15.5278877767,0.3145326944,13998.3379781,0,4.7719797261
1e-05,0.5029636259,14.1303833008,14.9225537777,-0.0023890474,0.0338542962,0.0095116321,5.6428027344,5.6159472656,14.1392281117,0.8920714776,0.5777231868,874,-0.1246279865,0.4983923721,14.0894433594,-1.2231880829,0.0028597798,0.5223316921,0.5791429667,-1.2223703673,5e-05,0.0001302083,0.1401910409,0.3081502092,14.0399628222,0.5029953267,0.5483545377,0.0396298385,0.6175081638,-0.3286933978,0.0907953705,0.1098854295,249996,-0.1255950366,5.6668801354,0.13,5.65078125,0.4989297474,5.6457465286,1772314285.5163734,0.1499390001,0,-14.1384888418,0.0,5.7285513878,0.8949482989,0.0639302986,-0.3270443099,1015.0,14.0910587565,0.3087931529,13998.3384782,0,5.3310527981
1e-05,0.5160968626,12.4804150391,15.363247633,0.006815247,0.0314981972,0.0100586796,5.0951953125,5.0730208333,12.5401442611,0.8492110138,0.579999152,875,-0.1343458263,0.508085685,12.4576147461,-1.3408878102,0.0026516504,0.5417302847,0.5794972165,-1.3436117347,5e-05,0.0001171875,0.1105608536,0.2857169065,12.4332151661,0.5162736178,0.5572297766,0.0405672669,0.6191361004,-0.3107169188,0.085157019,0.1040066758,249996,-0.130228771,5.1237480247,0.1066666667,5.1159375,0.5075297944,5.1026645116,1772314285.5168738,0.1382896132,0,-12.4900273472,0.0,5.7285513878,0.8474731362,0.0260003057,-0.3123936338,1015.0,12.4303686523,0.2864875669,13998.3389793,0,5.6154176274
1e-05,0.513611258,13.1675236003,15.6667737961,0.0078535004,0.0305622853,0.009620916,5.1720833333,5.1303385417,13.1958669729,0.8683164639,0.5771099001,876,-0.1388316505,0.505882544,13.1404191081,-1.3106461789,0.0020623947,0.5412134023,0.5782016265,-1.3061638753,5e-05,9.11458e-05,0.0974416916,0.2890448062,13.0713285581,0.512576457,0.5589127641,0.0419264189,0.6138618422,-0.3148836642,0.0858257358,0.113824266,249996,-0.1371374946,5.1741223101,0.1133333333,5.1651041667,0.5052199728,5.1399797356,1772314285.5173738,0.1441459101,0,-13.1861362647,0.0,5.7285513878,0.8654671858,0.0405318462,-0.3176814099,1015.0,13.1227270508,0.2903022691,13998.3399783,0,5.9227823207
1e-05,0.5136859535,12.3646685791,15.5504832268,-0.0146836512,0.0293438411,0.0095506581,5.7665755208,5.7549332682,12.4042639441,0.9270730888,0.5784141076,877,-0.1289082238,0.5075169328,12.3438371785,-1.2607059863,0.003240906,0.5302938412,0.577406197,-1.2591887623,5e-05,0.0001432292,0.1327933403,0.297990248,12.2932470524,0.51489446,0.5520218935,0.0415883676,0.612575711,-0.3221369884,0.0903179935,0.1283819252,249996,-0.1287171945,5.7870875779,0.1116276042,5.8310677083,0.5078815202,5.7601101504,1772314285.5183744,0.1370977401,0,-12.3781804433,0.0,5.7285513878,0.9242506024,0.0672330551,-0.3220382244,1015.0,12.3207196045,0.2964341123,13998.3409782,0,5.3300516751
1e-05,0.5237267275,10.4904842122,15.6571807861,0.0126276651,0.0348019209,0.0098472651,5.1888671875,5.1571386719,10.5093938539,0.9402450583,0.5767598163,878,-0.1508200197,0.5170372492,10.4630118815,-1.3649530529,0.0039517926,0.5545067562,0.576154683,-1.3597280268,5e-05,0.0001822917,0.0828172497,0.2966217308,10.3828364321,0.5236343564,0.559725016,0.0416679796,0.6142849215,-0.316837047,0.0847064967,0.104658514,249996,-0.1502878356,5.1918845434,0.0788932292,5.192985026,0.5162525948,5.1639129424,1772314285.5193734,0.1261232816,0,-10.5013388183,0.0,5.7285513878,0.9393501825,0.0401687338,-0.3193386298,1015.0,10.4647450765,0.2994793642,13998.3414782,0,5.4629606479
1e-05,0.5233873252,10.1329125977,16.0046026707,-0.0363208608,0.0305110572,0.0093821168,5.2603352865,5.1873372396,10.1663380917,0.8717158573,0.5775916542,879,-0.1327161041,0.5222849829,10.1104097493,-1.3952466198,0.0030070937,0.5425783246,0.575800263,-1.391757168,5e-05,0.0001367188,0.1322302963,0.2864152387,10.0556770888,0.5240982604,0.5615231085,0.0431335656,0.6092610257,-0.2926648235,0.0776852098,0.123638817,249996,-0.1353383313,5.2283040132,0.0825651042,5.1917122396,0.5224698742,5.2179564955,1772314285.5198739,0.1158038396,0,-10.1438919279,0.0,5.7285513878,0.8734088259,0.0509286898,-0.2926013758,1015.0,10.096926473,0.2866115517,14157.9974639,0,5.5797643325
1e-05,0.4952901095,15.104453125,15.2707295418,0.0423786778,0.0385827554,0.0094699725,5.96625,5.90875,15.1234753531,0.9781714248,0.5715267406,880,-0.1753926758,0.4949789049,15.0562369792,-1.1349961464,0.0042721034,0.533178983,0.5705012349,-1.1401039324,5e-05,0.0001888021,0.0837606567,0.3403240585,14.9785698726,0.4950298865,0.5543752111,0.0408049321,0.6263784693,-0.3442807126,0.0907256171,0.1608155939,249996,-0.1739418111,5.9559156561,0.1412890625,5.961875,0.4940890423,5.9316465686,1772314445.180587,0.1615303508,0,-15.1080267382,0.0,5.7285513878,0.9749717265,0.0345095166,-0.342484741,1015.0,15.0655107625,0.3392491112,14157.9974639,0,6.7011688603
1e-05,0.5173660075,10.7116739909,15.0068788528,-0.0042771283,0.0362728154,0.0091630435,5.0645052083,5.0381119792,10.6956847437,0.9505812356,0.5688129121,881,-0.1911953556,0.5148992515,10.683389384,-1.3365587784,0.0020623947,0.5527690039,0.5674472272,-1.3413443805,5e-05,9.11458e-05,0.0898930485,0.3076436089,10.5651067673,0.5161448049,0.5644511612,0.040218362,0.6121913707,-0.3248969741,0.0796325987,0.1180888859,249996,-0.1913130507,5.0636094846,0.0825651042,5.0751041667,0.5141148033,5.0376907108,1772314445.1815486,0.1243457158,0,-10.7223349345,0.0,5.7285513878,0.9457846035,0.0339818946,-0.322147009,1015.0,10.6771647135,0.3095780771,14157.9981586,0,5.7020330526
1e-05,0.5150667125,11.6095707194,14.0674109459,0.0001961687,0.0352128353,0.0088960536,4.9709375,4.9415885417,11.6613415175,0.9102074488,0.5698687649,882,-0.1806355287,0.5102448018,11.5931233724,-1.323821189,0.0021840257,0.5452723628,0.5708999895,-1.3240198018,5e-05,0.0001041667,0.1050713723,0.2995353351,11.5387697905,0.51547429,0.560534727,0.0374238745,0.6125799541,-0.3149674354,0.0812620428,0.1062792823,249996,-0.1832738194,4.9975010248,0.0966666667,4.9808072917,0.5115458806,4.9710253527,1772314445.1822433,0.130206678,0,-11.6216748797,0.0,5.7285513878,0.9086961202,0.040327464,-0.3159113846,1015.0,11.5660933431,0.3004285783,14157.9986588,0,5.7956567558
1e-05,0.4867018886,17.096015625,14.2436852455,0.050118337,0.0357073252,0.0096983353,5.9491178385,5.923889974,17.1315966827,0.9652432795,0.5705884929,883,-0.1756649428,0.4837984106,17.0611523437,-1.0575032332,0.0038909771,0.520014663,0.569201533,-1.0586480346,5e-05,0.0001757812,0.0950564366,0.3424206667,17.0017376599,0.4861986815,0.5483891153,0.037157983,0.6276412829,-0.3547511893,0.0981789212,0.1144304215,249996,-0.1729231909,5.9643124442,0.1661328125,5.9587760417,0.4829458346,5.9317284556,1772314445.1822433,0.1790664456,0,-17.1068024989,0.0,5.7285513878,0.9614144794,0.0523255089,-0.3539026097,1015.0,17.0441015625,0.3422692907,14157.9991586,0,4.9249291108
1e-05,0.5253160892,10.7398069255,14.3786392212,-0.0143183385,0.0330327994,0.0090881173,5.3136132813,5.2953873698,10.7655714836,0.8708301859,0.5770292276,884,-0.1525059738,0.5202019253,10.7079919434,-1.3773939076,0.0023570226,0.5433510148,0.5763433735,-1.3774948057,5e-05,0.0001041667,0.119814723,0.2753971666,10.638239278,0.5236695049,0.5588195259,0.0382610925,0.6117823398,-0.2945590476,0.0799126949,0.1076771685,249996,-0.1510093169,5.3191925335,0.089375,5.3494628906,0.519194115,5.2991010856,1772314445.1827435,0.124152399,0,-10.7538109548,0.0,5.7285513878,0.8684600754,0.0619616461,-0.2954444385,1015.0,10.7093225098,0.2755673482,14157.9991586,0,5.093369955
1e-05,0.533942608,8.2112801107,14.4978513718,-0.0759332371,0.0340815166,0.0096508741,4.5886588542,4.5571158854,8.2223672418,0.8631182152,0.5743557878,885,-0.1605873023,0.5297443189,8.1787190755,-1.4650860283,0.0013258252,0.5445718599,0.5740991708,-1.4714540615,5e-05,5.85938e-05,0.1391372579,0.2692591511,8.1004209333,0.534245114,0.5612657167,0.0380967784,0.6005574483,-0.2812191221,0.0719064871,0.0976410878,249996,-0.1577900329,4.5823741319,0.06,4.59421875,0.5303772293,4.5618231505,1772314445.1832433,0.102394469,0,-8.2242865364,0.0,5.7285513878,0.8638072826,0.0731734746,-0.2814064727,1015.0,8.192046051,0.2671147955,14157.9996586,0,4.8609109542
1e-05,0.5306283966,8.8762939453,14.7035181522,-0.0736071285,0.0255964952,0.0091700514,4.6268717448,4.603766276,8.9077355352,0.8313746882,0.5763358738,886,-0.1484375543,0.5274810895,8.8241935221,-1.4560669445,0.0011785113,0.5394134089,0.5762279963,-1.4600102093,5e-05,5.20833e-05,0.1532373098,0.264797469,8.8049722091,0.5315257437,0.5571248421,0.0392269794,0.6019039941,-0.2821606516,0.0716476512,0.1015392091,249996,-0.1470706448,4.6404652396,0.0733333333,4.6491601562,0.5260529481,4.6283047575,1772314445.1837432,0.1026242628,0,-8.8906916452,0.0,5.7285513878,0.8299020007,0.070715921,-0.2791911316,1015.0,8.8702685547,0.263173106,14158.0001587,0,5.0811001157
1e-05,0.5246310334,9.8257213338,14.7735173702,-0.0272479393,0.0283641764,0.0091124296,4.8788248698,4.853663737,9.8627226622,0.905402627,0.5722408696,887,-0.1746901676,0.5219956591,9.8016971842,-1.3994446482,0.0025043365,0.553228534,0.5725734015,-1.4022732715,5e-05,0.0001106771,0.1093669165,0.2881612735,9.7282878768,0.5260117998,0.5668621378,0.0395335396,0.6096452039,-0.3022940294,0.077532843,0.0989589704,249996,-0.17242576,4.8821054123,0.0759765625,4.8864420573,0.5208443886,4.8609157422,1772314445.1837432,0.1201709041,0,-9.8410891024,0.0,5.7285513878,0.9002388365,0.0537360318,-0.3037348056,1015.0,9.7894832357,0.286003181,14158.0001587,0,4.5624100866
1e-05,0.5212855592,9.9713633219,14.5234704018,-0.0376509072,0.0323323325,0.0096747891,4.9469075521,4.9041438802,10.0142295262,0.8977854513,0.5751150811,888,-0.1555654151,0.5177709721,9.957130839,-1.381526299,0.0018285824,0.5434270963,0.5752855857,-1.3807842792,5e-05,8.46354e-05,0.1341050533,0.2920160531,9.8978511676,0.522217992,0.5578083793,0.0381493211,0.6090977213,-0.3059204731,0.0757170395,0.1101713089,249996,-0.1550350037,4.9295386596,0.08,4.9276888021,0.5183568865,4.9138746438,1772314445.1842434,0.1144173066,0,-9.9876315532,0.0,5.7285513878,0.8981378148,0.047868876,-0.3066526116,1015.0,9.9432514445,0.2920212438,14158.0006588,0,5.2003502463
1e-05,0.5166975104,10.8678255208,14.0533733368,0.0190332714,0.0326519801,0.0090696096,4.9636653646,4.9234521484,10.8911607733,0.915795127,0.5764767462,889,-0.1531292323,0.5121039106,10.8472705078,-1.3598139471,0.0019150808,0.5539144949,0.5766346222,-1.3579977389,5e-05,8.46354e-05,0.0871976451,0.3060896455,10.7549185681,0.5177519675,0.5586343689,0.037157441,0.6208564719,-0.3198122288,0.0804504344,0.0964794788,249996,-0.1520891735,4.9548060313,0.0866666667,4.9408723958,0.5116345149,4.9243625395,1772314445.1847436,0.1268084466,0,-10.8851880696,0.0,5.7285513878,0.9156491396,0.0408467645,-0.320983356,1015.0,10.8441109212,0.3058079246,14347.6426737,0,4.8133067925
1e-05,0.4957269639,15.9471028646,26.2942421436,0.0555705582,0.0264307664,0.0148339065,6.1776432292,6.1579199219,15.9831990307,0.9380461379,0.5775184369,890,-0.1390004077,0.4920945664,15.8844986979,-1.1451199385,0.0041247895,0.530459971,0.5778758384,-1.1504970189,5e-05,0.0001822917,0.0829553889,0.3297167148,15.8368677296,0.4949548261,0.5535961663,0.0720138383,0.6237026236,-0.3426855576,0.0938459164,0.103895017,249996,-0.1361332048,6.1855442641,0.151640625,6.1841048177,0.4908881584,6.1588830417,1772314634.8319194,0.1709482507,0,-15.9620665116,0.0,5.7285513878,0.933080367,0.0528415009,-0.3422321484,1015.0,15.9168178304,0.3286027415,14347.6431735,0,5.215637846
1e-05,0.5147076829,12.1058199056,28.8968901634,0.036312559,0.0297509863,0.0162035894,5.4328548177,5.4026009115,12.1482422012,0.9011590557,0.5817802209,891,-0.1266429077,0.5096295095,12.1164341227,-1.3196500655,0.0027989643,0.5452410421,0.5809582047,-1.3181906031,5e-05,0.0001236979,0.0926623241,0.3027124531,12.0073251894,0.5147017799,0.5563048931,0.079283154,0.6184323438,-0.318656084,0.0840604363,0.0967035183,249996,-0.1223145329,5.427456773,0.1026953125,5.4228385417,0.5101378194,5.4028870225,1772314634.8329222,0.1401274031,0,-12.1207551628,0.0,5.7285513878,0.904961781,0.0577243986,-0.3191970305,1015.0,12.0417822266,0.3023301586,14347.6436738,0,4.9737404317
1e-05,0.5409002142,7.3002709961,18.2138113976,-0.1390641918,0.022430047,0.0110489424,4.8817122396,4.835452474,7.3422249123,0.8088837858,0.5857792435,892,-0.0887293925,0.5330740476,7.2586979167,-1.5096531518,0.0013258252,0.5274642679,0.5863947527,-1.5022191165,5e-05,5.85938e-05,0.2042510901,0.2504705108,7.2549530001,0.5408135354,0.553241725,0.0489799174,0.5896915463,-0.2696044751,0.0696761954,0.1069878756,249996,-0.0895558684,4.8890992661,0.0566666667,4.8614550781,0.5345239713,4.8851385167,1772314634.8334217,0.0863924897,0,-7.3137857931,0.0,5.7285513878,0.8120308457,0.0946602468,-0.2724890213,1015.0,7.2862715658,0.2520400274,14347.6436738,0,4.6071191229
1e-05,0.5143030046,12.7381266276,14.2461903095,0.0074185516,0.0287130947,0.0096167326,5.1918359375,5.1595442708,12.7517763187,0.8577470324,0.5828718821,893,-0.1059818497,0.5079951936,12.7150146484,-1.3339508718,0.0027124659,0.5414996735,0.5828970301,-1.3254339008,5e-05,0.0001236979,0.1052003312,0.2962058612,12.6195463378,0.51420649,0.557801141,0.037243034,0.6170693386,-0.313863037,0.0826112041,0.1053254615,249996,-0.1071753078,5.192222172,0.11,5.2022395833,0.5081033644,5.1729204086,1772314634.8339224,0.1422897621,0,-12.7533061708,0.0,5.7285513878,0.8630416632,0.042231261,-0.3127706077,1015.0,12.6945166016,0.298228965,14347.6441735,0,5.6189584597
1e-05,0.506796637,13.7173722331,14.1089224815,-0.0058796119,0.0298006494,0.0091573079,5.9242708333,5.8846451823,13.7415960243,0.9143081865,0.5834837709,894,-0.0994143323,0.5021272596,13.6739824422,-1.2146236586,0.0013258252,0.5210604963,0.5832483753,-1.2133921039,5e-05,5.85938e-05,0.1335481104,0.3119428429,13.6162847033,0.5073247575,0.5456577597,0.0372903204,0.6191037663,-0.3345235053,0.0843906572,0.1323495054,249996,-0.1009897749,5.9116640456,0.1259765625,5.9293196615,0.4999380829,5.9088819604,1772314634.834422,0.147971665,0,-13.7269852577,0.0,5.7285513878,0.9105298043,0.0758017904,-0.3331969096,1015.0,13.6747216797,0.3122597294,14347.6446736,0,4.9675461659
1e-05,0.5216417276,11.0635709635,14.1564965248,-0.0685650264,0.0243733397,0.0095876288,5.321155599,5.2871679688,11.0725768568,0.8340036991,0.5840922799,895,-0.0963320214,0.5138026624,11.0424739583,-1.3732398317,0.0017677669,0.5273216022,0.5838951053,-1.3710257142,5e-05,7.8125e-05,0.1564738328,0.2765111952,10.9715605556,0.5226059924,0.5543054641,0.0370365588,0.6043812769,-0.3020098192,0.0801987361,0.110222797,249996,-0.095853542,5.3280995799,0.1020833333,5.3287988281,0.5151769995,5.3102655961,1772314634.834422,0.1194023329,0,-11.079985285,0.0,5.7285513878,0.8360725868,0.0699232971,-0.3056245488,1015.0,11.0284830729,0.2767082325,14347.6451736,0,5.4688542187
1e-05,0.5196881754,11.6934802246,14.0629074574,0.0005186114,0.0329123062,0.0090103706,5.1200390625,5.0889127604,11.7191185587,0.8468726469,0.5817810188,896,-0.1149816393,0.5095232836,11.6525789388,-1.3626900359,0.0027989643,0.5394594067,0.581764619,-1.360248639,5e-05,0.0001236979,0.1102694497,0.2821513235,11.5862566663,0.5209031296,0.5542649812,0.0372450519,0.615662815,-0.3109554747,0.0857068145,0.1017576058,249996,-0.1163578958,5.1500968923,0.1027994792,5.1183007813,0.5099622311,5.1100273328,1772314634.834922,0.1335488878,0,-11.7047367421,0.0,5.7285513878,0.8470798082,0.048706151,-0.312905427,1015.0,11.6553723145,0.2810370085,14347.6451736,0,4.9986817937
1e-05,0.5153216369,12.8249755859,14.3366985321,0.0296052827,0.024240619,0.0092973741,5.3494401042,5.3282682292,12.8614671391,0.8719618588,0.5838194833,897,-0.1144982753,0.5062266241,12.7841619873,-1.3322434155,0.0036828478,0.5420869882,0.5832345462,-1.3260649828,5e-05,0.0001627604,0.0953678094,0.2864076681,12.7203300821,0.5168204994,0.5614824539,0.0379200761,0.6145798256,-0.3213477232,0.0855186495,0.1002035778,249996,-0.1175664225,5.3561711293,0.11,5.362734375,0.5059787542,5.3188279134,1772314634.835422,0.1439365377,0,-12.8375591836,0.0,5.7285513878,0.8679608557,0.0520208635,-0.3211020869,1015.0,12.7860557048,0.2852254698,14347.6456736,0,4.8201767097
1e-05,0.5127342906,13.2071362305,15.6561338902,0.0457680207,0.0291277215,0.0100662319,5.5084440104,5.4760302734,13.248171617,0.8950850287,0.5806915883,898,-0.1129879581,0.5031067883,13.1609200033,-1.2799642605,0.0044802328,0.5424094819,0.5804621079,-1.2827599527,5e-05,0.0002018229,0.0766956008,0.2966410912,13.1112360704,0.5121092467,0.5523944521,0.0415009387,0.6274837911,-0.3324859414,0.0914249568,0.1266814961,249996,-0.1109945639,5.517608089,0.1161197917,5.5212174479,0.5021918939,5.4854581153,1772314634.835922,0.1499429786,0,-13.2234124761,0.0,5.7285513878,0.8991211251,0.0397618464,-0.3309186644,1015.0,13.1850366211,0.2954676611,14347.6461737,0,5.4302747689
1e-05,0.5214205248,11.538690389,15.5041048527,-0.0050864304,0.0304264577,0.0095692452,5.4407421875,5.4133333333,11.5695230539,0.8929961884,0.5793117199,899,-0.1359974219,0.512587728,11.5395817057,-1.3374272486,0.0025043365,0.5384249945,0.5784304694,-1.3370206566,5e-05,0.0001106771,0.1155486976,0.2819142296,11.4454468343,0.5215411162,0.5560117368,0.0414430873,0.6139983721,-0.3155346353,0.0808738369,0.1033074522,249996,-0.1338968805,5.444411806,0.0960807292,5.4508854167,0.5137371263,5.4353369129,1772314634.835922,0.1312926676,0,-11.5503542419,0.0,5.7285513878,0.8972840132,0.0573952732,-0.31736834,1015.0,11.4755330404,0.2841048803,14433.4971541,0,4.838821555
