debug/a1_2_std,debug/a1_0,debug/q2,debug/a1_1,lrs/critic_lr,debug/q2_std,debug/a_0_std,debug/r_std,training_step_duration,memory_len,debug/a_2_std,debug/a2_1,return_train,_timestamp,debug/q1_std,debug/r,lrs/actor_lr,debug/backup,bc/bc_lambda,debug/q1,losses/loss_critic,debug/critic_grad_norm,episode_length_train,debug/a2_2_std,round_time,debug/q_a1_std,losses/loss_actor,debug/q_a1_targ_std,debug/backup_std,debug/a_2,debug/a_1,_runtime,debug/logp_a2,debug/log_pi_std,debug/demo_fraction_in_batch,_step,debug/a1_1_std,debug/a_1_std,idle_time,episode_length_test,debug/actor_grad_norm,debug/q_a1_targ,debug/q_a1,debug/d,debug/a2_1_std,debug/a1_0_std,debug/a2_0,return_test,debug/a2_0_std,debug/a2_2,debug/logp_a2_std,debug/log_pi,debug/d_std,debug/a_0,sampling_duration,debug/a1_2
0.4053131887,0.0075642943,0.4171670563,-0.0368163555,2e-05,0.1931846879,0.5126738818,0.0513142404,0.3599383736,2715,0.4998682624,-0.0368518943,1.8117552996,1772710849.1842766,0.1873508861,0.0561683819,5e-06,0.4323140016,0.0499974884,0.4195195052,0.0096421823,0.2233757631,210.0,0.4048859605,213.473076582,0.1015510997,-0.4302280868,0.082655281,0.2709671313,0.4876606025,0.0494204153,723.6611978,-1.8643175379,0.5278156823,0.0,0,0.5876167472,0.6102924132,159.2569479942,0,0.1900158989,0.1593807462,0.4115569676,0.0015755209,0.5886247349,0.5889087562,0.0089140707,0,0.5884692578,0.2454947983,0.5273958796,-1.8651306033,0.0362796166,0.5562623207,0.0013321368,0.2472395898
0.194714031,0.0280429845,0.6471780388,-0.0550213383,2e-05,0.3754676398,0.5135252982,0.0513318014,0.366329538,2715,0.4999364239,-0.056719533,1.8117552996,1772710849.185277,0.2754164037,0.0553030917,5e-06,0.6440529585,0.0499924651,0.7052021392,0.0075361603,0.3530686427,210.0,0.1948684175,55.1269419193,0.3038463032,-0.6768872456,0.1748493571,0.3759034946,0.4894704964,0.0500260277,723.6616968,-1.5261291671,0.646733427,0.0,1,0.586942877,0.6093652419,0.0,0,0.1076848647,0.3816403937,0.6615658426,0.0015798611,0.5859310945,0.5871193906,0.0281355682,0,0.5883275346,0.0407986122,0.6460301828,-1.5266560539,0.0366559098,0.5556626832,0.0011065245,0.0407595498
0.141124058,0.0386943243,0.8335252563,-0.0610205701,2e-05,0.5336004694,0.5142678247,0.052061135,0.3539177577,2715,0.49991587,-0.0632057568,1.8117552996,1772710849.1857762,0.4158597261,0.057736317,5e-06,0.8309858878,0.0499874418,0.8542804909,0.0096015487,0.5599281262,210.0,0.1395058071,53.2617168427,0.4632057335,-0.8270528098,0.3137600142,0.5212785858,0.4892144225,0.0508325544,723.6624141,-1.4532367833,0.5910637909,0.0,2,0.5862661437,0.6102257204,0.0,0,0.1071337043,0.5605633316,0.8124955602,0.0014930556,0.5851868554,0.5872742331,0.0394440681,0,0.587289803,0.0201215284,0.5852835856,-1.4553936577,0.0348284739,0.5552306334,0.0010761944,0.0205425353
0.1219041523,0.0377090856,0.9693285847,-0.0732176728,2e-05,0.6516720166,0.5138886265,0.0518557916,0.3683360259,2715,0.4998901953,-0.0718155876,1.8117552996,1772710849.1869993,0.5586580014,0.057190433,5e-06,0.9875726096,0.0499824186,1.0274958452,0.0110808798,0.672301763,210.0,0.1203362225,55.4476742744,0.6056123604,-1.0078816915,0.4542366467,0.6597657351,0.4882335178,0.0498784424,723.6634211,-1.4304285542,0.5625074806,0.0,3,0.5847279954,0.6091602321,0.0,0,0.0956322881,0.7238554637,0.9935822256,0.0017100695,0.5852342685,0.5852929493,0.0411364136,0,0.587189434,0.0149088546,0.5565964748,-1.4328365413,0.0388229394,0.5558635789,0.0012116512,0.0152777782
0.10669318,0.0410620914,1.1312534694,-0.0852094387,2e-05,0.7549799927,0.5132576778,0.0519714984,0.3166213703,2715,0.499904925,-0.08440443,1.8117552996,1772710849.1875002,0.6446918128,0.057505229,5e-06,1.1577227422,0.0499773953,1.250407062,0.0112604809,0.6186947961,210.0,0.1058436533,47.6833035946,0.7053190271,-1.2067989564,0.5766356126,0.7779637678,0.4890147696,0.0508582408,723.6643666,-1.4120922883,0.5355228096,0.0,4,0.5845630888,0.6114957503,0.0,0,0.0909894711,0.8969181267,1.1926690642,0.0018055556,0.5848446421,0.5857303774,0.0441050207,0,0.5860412792,0.0115017364,0.5328838853,-1.4132092675,0.0401759405,0.5574351803,0.0012105163,0.0116796879
0.0990767676,0.0403356743,1.2590461906,-0.0866069306,2e-05,0.8724976707,0.5133066857,0.0517945353,0.3150440248,2715,0.4999092694,-0.0843184057,1.8117552996,1772710849.188446,0.8202085265,0.0560961917,5e-06,1.2892863043,0.049972372,1.3578045297,0.0113185711,0.6172371049,210.0,0.0966251331,47.4476246834,0.8608279661,-1.3333104428,0.7032772835,0.9028644045,0.4892751841,0.0501370165,723.6654197,-1.404164842,0.5200231765,0.0,5,0.5851670102,0.6100830122,0.0,0,0.0807248562,1.0387772167,1.3192558388,0.0017317709,0.5852978237,0.5879396848,0.0415843182,0,0.5869575187,0.0096223961,0.5094253268,-1.4055220572,0.0391322717,0.5563990108,0.0011898915,0.0101085072
0.089826223,0.0398143308,1.4387360183,-0.0940912324,2e-05,0.996801095,0.5123465093,0.0512003751,0.3126250219,2715,0.4998743246,-0.095263808,1.8117552996,1772710849.189499,0.9253645913,0.0564390612,5e-06,1.4582834196,0.0499673488,1.548061475,0.0128999982,0.7229262764,210.0,0.0915162391,47.2261309624,0.9731623173,-1.5185411509,0.8223289382,1.0175681694,0.4886762263,0.0511411438,723.6659188,-1.396840318,0.5004842418,0.0,6,0.5839323791,0.6098200544,0.0,0,0.0814939008,1.2106796992,1.5045588398,0.0016536459,0.583998185,0.5869227227,0.0422961988,0,0.5873337551,0.0086588544,0.5095948527,-1.395098273,0.0383763339,0.5573372519,0.0010654449,0.0082986113
0.084572692,0.0398465442,1.5574568081,-0.094995533,2e-05,1.105420475,0.5129946542,0.0517582758,0.3589085166,2715,0.4999099418,-0.0960707238,1.8117552996,1772710849.1904984,1.0605113749,0.055859526,5e-06,1.5912393975,0.0499623255,1.663449986,0.0154447982,0.8800206051,210.0,0.0843731079,54.0208609104,1.0912540456,-1.6389699419,0.9418552184,1.1334653052,0.488628483,0.0509925283,723.6674226,-1.3887890029,0.492829351,0.0,7,0.5831032801,0.6099650884,0.0,0,0.0756428167,1.3499475598,1.6250797661,0.0015755209,0.5825876443,0.5864578827,0.0407905686,0,0.5869377764,0.0073307294,0.4914233623,-1.3899509335,0.0367581893,0.5559979939,0.0011531909,0.0073480905
0.0792991768,0.0335846477,1.7028872045,-0.091997532,2e-05,1.2186749188,0.5120722719,0.0512613173,0.3753773371,2715,0.4999433132,-0.0933466881,1.8117552996,1772710849.190998,1.1483342906,0.0552096415,5e-06,1.7310818068,0.0499573022,1.832803266,0.014847814,0.817393764,210.0,0.0805029821,56.796312809,1.1961422102,-1.7885832953,1.0554654984,1.2414487092,0.4906423734,0.0538202615,723.6674226,-1.3879827166,0.4774008856,0.0,8,0.583925519,0.6093376815,0.0,0,0.0740197197,1.4963205981,1.7747092414,0.0014279514,0.5829481574,0.5872564125,0.0318532057,0,0.5869748918,0.0067187502,0.4821682894,-1.3873713326,0.0338307963,0.5579646655,0.0032012669,0.0065017363
0.0708381492,0.0311171047,1.8487496265,-0.0946489348,2e-05,1.3054800065,0.515396119,0.0516289773,0.3924678866,2715,0.4999075037,-0.0933530855,1.8117552996,1772710849.191502,1.2624282138,0.0562348892,5e-06,1.9004733086,0.049952279,1.9824530458,0.0177475824,0.8711912381,210.0,0.0724567304,59.0968337059,1.2974713874,-1.9472613883,1.1637142388,1.3461372709,0.4895790029,0.0499659424,723.6684377,-1.3806276878,0.4524887792,0.0,9,0.5821438515,0.6099351005,0.0,0,0.0731729233,1.6651745494,1.9334572721,0.0015668403,0.5828824445,0.5874319069,0.0308482306,0,0.5879425681,0.0054340279,0.4588346187,-1.3797883034,0.0364778814,0.5551598299,0.0014408922,0.0052560765
0.0669956867,0.027882142,2.0185262076,-0.0952265588,2e-05,1.4224321191,0.5143570608,0.0515997764,0.4667574835,2715,0.4999161273,-0.0946212083,1.8117552996,1772711654.7240145,1.3944387134,0.05716042,5e-06,2.0608511615,0.0499472557,2.1233132211,0.016648307,0.6727251248,210.0,0.0678525507,70.4326400757,1.4236429119,-2.0924593989,1.2722983011,1.4526691262,0.4889626849,0.0495940429,1529.1627363,-1.3771819846,0.4407337465,0.0,10,0.5833258605,0.6087343383,0.0,0,0.0696208967,1.8248543175,2.0786767149,0.0014800348,0.5819207927,0.5867914848,0.0280881348,0,0.5872580159,0.0047960071,0.4445815889,-1.3762285312,0.0354145438,0.5558103279,0.0026594448,0.0046571182
0.0661538836,0.0274644847,2.2137789949,-0.0904407172,2e-05,1.5713635095,0.5143373994,0.0515506815,0.4709657415,2715,0.4998599454,-0.0955017575,1.8117552996,1772711654.7245147,1.4974603438,0.0559211249,5e-06,2.1891288368,0.0499422324,2.2777431234,0.0148812021,0.8505903879,210.0,0.0639360552,71.0310435295,1.5527627627,-2.2735656889,1.3819597689,1.5577659527,0.4883116448,0.0526091344,1529.1632366,-1.3750348083,0.4417273925,0.0,11,0.5833044346,0.6092878004,0.0,0,0.0583374714,1.9634664027,2.2598072314,0.0016319445,0.5828835313,0.5867452542,0.0300010123,0,0.5870148063,0.0042838543,0.4311753539,-1.3790421033,0.0376584129,0.5557243987,0.0024174786,0.0045876737
0.0612033949,0.022087412,2.3546188887,-0.0890953141,2e-05,1.6735438601,0.5137300303,0.0518544056,0.4736703555,2715,0.499934603,-0.0887397766,1.8117552996,1772711654.725015,1.6022715847,0.0565224777,5e-06,2.3476433714,0.0499372092,2.4320830607,0.0179537882,1.0434899954,210.0,0.058904876,71.4320721626,1.6663762156,-2.4280013291,1.5025914327,1.6772657355,0.4897699785,0.0497583868,1529.1641391,-1.3739129663,0.4199316885,0.0,12,0.5829350853,0.6089047027,0.0,0,0.0613094894,2.1226436472,2.414255681,0.0015190973,0.58351379,0.586647168,0.0228125666,0,0.5868192271,0.003654514,0.4103884119,-1.3759815709,0.0359051431,0.5554155513,0.0024369335,0.0039062501
0.0574512781,0.0150781175,2.5240231458,-0.0888365503,2e-05,1.7563671064,0.5138906334,0.0513133641,0.6361558072,2715,0.4999260809,-0.0873643008,1.8117552996,1772711654.7264223,1.7175421953,0.0566750815,5e-06,2.5192469041,0.0499321859,2.5889710871,0.0168419686,0.7972172682,210.0,0.0589343863,96.0283691883,1.7541061505,-2.5754353126,1.6038016136,1.7729672583,0.48934463,0.0508365213,1529.1651379,-1.3749453934,0.4087714489,0.0,13,0.5837358916,0.6098272308,0.0,0,0.0606230011,2.2979472057,2.5616953595,0.0015321181,0.584462051,0.5883139499,0.0185485066,0,0.5890928531,0.0036284723,0.4150666481,-1.374448123,0.0359752364,0.5572323708,0.0029931879,0.0034895834
0.0508824074,0.0164379315,2.7376962852,-0.0874556801,2e-05,1.8929475371,0.5143574172,0.051507068,0.4871602472,2715,0.4999207817,-0.0850080826,1.8117552996,1772711654.7269163,1.8278354955,0.0573732214,5e-06,2.6805621306,0.0499271626,2.7363327074,0.0199246227,1.2478799002,210.0,0.0525150529,74.2607278824,1.8728662062,-2.7558789269,1.7179132827,1.8863593014,0.4898220609,0.0503769998,1529.1656415,-1.3735350712,0.3845164213,0.0,14,0.5835729627,0.610091213,0.0,0,0.0586492506,2.460052352,2.7421413167,0.0015321181,0.5847053858,0.5866844344,0.0176225341,0,0.5875309583,0.002999132,0.3913202638,-1.3719769677,0.0363697896,0.5573662225,0.0077603753,0.0027994792
0.0499774964,0.0117199042,2.7375479047,-0.0803980387,2e-05,1.9323540775,0.5153767139,0.0517457626,0.4738571342,2715,0.4999029042,-0.0806222334,1.8117552996,1772711654.7279255,1.9351160081,0.0570412489,5e-06,2.8053468132,0.0499221394,2.8736597236,0.0215223259,1.4957860122,210.0,0.0480896392,71.4747393131,1.9576475207,-2.8319066318,1.8283239778,1.9955953431,0.4890191092,0.0492978569,1529.1661471,-1.3717577998,0.3807086548,0.0,15,0.5840519754,0.6101060987,0.0,0,0.0582786712,2.589780972,2.818191239,0.0015451389,0.5847504938,0.587924825,0.0114794423,0,0.587260203,0.0024956598,0.3719571997,-1.3732348887,0.0372459227,0.5531275948,0.0025167688,0.0027083334
0.0469066325,0.0057450543,2.9772340806,-0.0783603123,2e-05,2.1157092667,0.512967665,0.0513001042,0.4606508732,2715,0.4999197507,-0.0784106821,1.8117552996,1772711654.7279255,2.0412764327,0.0575848796,5e-06,2.9586293999,0.0499171161,3.0464565134,0.0210842617,1.3272617435,210.0,0.0457703826,69.4860975742,2.0978331526,-3.0347593292,1.9285531338,2.0928034083,0.4899956723,0.0499816364,1529.1673502,-1.3719830465,0.369614139,0.0,16,0.5845490062,0.6099365799,0.0,0,0.055284767,2.7444242899,3.0210582129,0.001436632,0.5839750151,0.5883332189,0.0059828006,0,0.5871037479,0.0023003473,0.3644833586,-1.3712757079,0.0348041887,0.5584262522,0.0024654945,0.0024348959
0.0405209962,0.0054999337,3.0878154055,-0.0819092721,2e-05,2.2200049726,0.5136351856,0.0513908277,0.4683519284,2715,0.4999547939,-0.0811356025,1.8117552996,1772711654.7291286,2.1377893996,0.0568071917,5e-06,3.0680596161,0.0499120928,3.191270903,0.0255258131,1.4534521567,210.0,0.042429928,70.6640167236,2.2049684421,-3.1522403049,2.0388390533,2.1981317973,0.4899435878,0.0487026761,1529.1678568,-1.3685288612,0.3477478019,0.0,17,0.5838456086,0.6093138123,0.0,0,0.0509499609,2.8611599954,3.1385480642,0.0015407986,0.5835274684,0.5882816402,0.0040859017,0,0.5891129843,0.0019661459,0.3535553014,-1.3681498432,0.0358641976,0.5557281915,0.0026512035,0.0018619792
0.0403448638,0.0057816789,3.0863652738,-0.0790934876,2e-05,2.2243201208,0.5112940836,0.0508503794,0.4711569802,2715,0.4998247484,-0.0783957857,1.8117552996,1772711654.7301345,2.2509089947,0.0558821291,5e-06,3.1563029671,0.0499070696,3.282709163,0.0239499957,1.3548819419,210.0,0.039698397,71.070233345,2.2700190536,-3.1920864725,2.1410909645,2.2980461637,0.48668404,0.0528141616,1529.1688557,-1.3685073543,0.347172945,0.0,18,0.5845456386,0.6105038309,0.0,0,0.0513288591,2.9563968945,3.1784084638,0.0016840278,0.5839905457,0.5872364338,0.0057802334,0,0.5864989328,0.0018098959,0.3457687771,-1.3683246207,0.0375515332,0.5592419112,0.0025111453,0.0018576389
0.0357397513,0.0014163436,3.3034317207,-0.0736783059,2e-05,2.3933602603,0.5132846709,0.0517451942,0.4723968363,2715,0.4999042348,-0.0710856254,1.8117552996,1772711654.7306345,2.3519975813,0.0568206087,5e-06,3.2952563636,0.0499020463,3.4176396894,0.0274174322,1.5463707769,210.0,0.0372344063,71.2895579338,2.407166551,-3.3792441432,2.2456810292,2.4011409028,0.4902864685,0.0493012931,1529.169357,-1.3693588257,0.3276629344,0.0,19,0.5845809579,0.6090044558,0.0,0,0.0514298728,3.0937987455,3.3655713097,0.0014973959,0.5839037601,0.5867576683,0.0008269127,0,0.587614555,0.0016276042,0.3337678217,-1.3681099296,0.0360325281,0.5554695292,0.0024320348,0.0015407986
0.0338858429,0.0119942111,3.4470883369,-0.0625745307,2e-05,2.5342527676,0.5151835499,0.0513719566,0.467219882,2715,0.4998942677,-0.0619325411,1.8117552996,1772712479.2814608,2.4587560781,0.0565807489,5e-06,3.3946346617,0.049897023,3.5162131421,0.0295829776,1.7281148047,210.0,0.0347428063,70.4762551785,2.5355053806,-3.5017137861,2.3578464794,2.5098464441,0.4886935878,0.0524502534,2353.6815925,-1.3703797785,0.3166635857,0.0,20,0.5849447819,0.6106813129,0.0,0,0.0509522716,3.1974874544,3.4880224323,0.0016623264,0.5852349516,0.5878008568,0.0104192771,0,0.5866175135,0.0014583334,0.3198847217,-1.3691229518,0.038008118,0.5549663007,0.0024983835,0.0014192709
0.0316253395,0.0070022255,3.6278714943,-0.0647063033,2e-05,2.5211851422,0.5130787436,0.051236499,0.4626829624,2715,0.4999116725,-0.0648856364,1.8117552996,1772712479.2824597,2.545121851,0.0573568748,5e-06,3.5904959091,0.0498919998,3.7477503475,0.0338105372,2.4960246251,210.0,0.0334973219,69.7840919495,2.5718342082,-3.6989388132,2.4323443699,2.5788983313,0.4894357749,0.0519754401,2353.6825929,-1.369790655,0.3064553618,0.0,21,0.5849265067,0.6112784255,0.0,0,0.0467591259,3.394438618,3.685255785,0.0014756945,0.585296669,0.5869095929,0.0077359036,0,0.5886479791,0.0013802084,0.3153432832,-1.3698534091,0.0352114346,0.5568220131,0.0024139436,0.0012717014
0.0295258431,0.0108804443,3.7162840176,-0.0646019775,2e-05,2.6938169463,0.5126191705,0.0514327288,0.4760176261,2715,0.499899677,-0.0630146801,1.8117552996,1772712479.2829607,2.5978521442,0.0566989989,5e-06,3.6655849457,0.0498869765,3.8110953792,0.0327280262,2.6787241801,210.0,0.0316445924,71.7952780724,2.6951726119,-3.7819464095,2.5399911976,2.6861600987,0.4882074765,0.0519340494,2353.6835937,-1.3690918366,0.3009416164,0.0,22,0.5856924987,0.609392637,0.0,0,0.051684376,3.4737924798,3.7682628059,0.0014279514,0.5844721969,0.5878988806,0.0114574022,0,0.587760644,0.0012152778,0.3086590027,-1.3678571908,0.0343221269,0.5578125091,0.0024705744,0.0011067709
0.0285284182,0.0178618678,3.7075847801,-0.0552307864,2e-05,2.7005943584,0.5130161146,0.0519073809,0.4748800564,2715,0.4999266251,-0.0566106795,1.8117552996,1772712479.2839615,2.730047396,0.0561292369,5e-06,3.7303695297,0.0498819532,3.8599451447,0.0375231565,2.7901701148,210.0,0.027454479,71.6205837727,2.7603017044,-3.7943647893,2.6448111518,2.7882241551,0.4896137265,0.0504881384,2353.6840935,-1.3684841402,0.2922768452,0.0,23,0.5847637288,0.6105574207,0.0,0,0.0468947207,3.5444239616,3.7806818247,0.0015321181,0.5862451319,0.5871786984,0.0201764223,0,0.586376038,0.0010112847,0.2892435747,-1.3690961568,0.0364660579,0.5558599726,0.0024634886,0.0010503472
0.0287751207,0.0303199084,3.9778069115,-0.0516307677,2e-05,2.8258479404,0.5126567533,0.0512521711,0.4704373582,2715,0.4998618736,-0.0515731107,1.8117552996,1772712479.2849627,2.7946449375,0.0570738171,5e-06,3.9121987184,0.04987693,4.0873299487,0.0445799791,3.8307507922,210.0,0.0289651442,70.9541394711,2.8567157284,-4.0250959714,2.7253226614,2.8641070938,0.487699664,0.0504621438,2353.6850928,-1.3692018143,0.2945306759,0.0,24,0.5860667706,0.6097969492,0.0,0,0.046863122,3.7254703776,4.011410284,0.001436632,0.5865049851,0.586144077,0.0291605982,0,0.5863290326,0.00109375,0.2968303665,-1.3686569691,0.0343814434,0.5584383829,0.0024732765,0.0010720486
0.0256317386,0.0408230735,4.114105463,-0.0449081086,2e-05,2.946354243,0.5132504692,0.0515674925,0.4667359622,2715,0.4999000609,-0.0429408776,1.8117552996,1772712479.2854605,2.8640055418,0.0573144406,5e-06,4.0299799919,0.0498719067,4.1587446022,0.0405565281,2.9748728184,210.0,0.0242366954,70.4110188484,2.9672267644,-4.1512544219,2.8271045176,2.963926851,0.4886458447,0.0508971247,2353.6860921,-1.3680948464,0.2864606797,0.0,25,0.5870408511,0.6100034992,0.0,0,0.046822538,3.8450937859,4.1375836404,0.0015190973,0.5878095178,0.5859188318,0.0410427262,0,0.5853294524,0.0008810764,0.2811289925,-1.3675647251,0.0357408494,0.5571346692,0.0025773207,0.0009288195
0.0267635914,0.0318085538,4.2196571,-0.0349687772,2e-05,3.0670255295,0.550562557,0.0569563133,0.5421095387,17109,0.4703066478,-0.0363172663,44.9899871349,1772712479.28646,2.9933400329,0.054800845,5e-06,4.1803706185,0.0498668834,4.252183253,0.0738503792,4.4633377675,752.0,0.0240770541,82.5242967606,3.0700946681,-4.227496899,2.9218426053,3.0493982108,0.4014279605,0.0217180684,2353.6865923,-1.3698883661,0.2785499602,0.0,26,0.5866424207,0.6043085305,0.0,0,0.0444077152,4.0131794977,4.2138035218,0.0016102431,0.5866820228,0.5853086615,0.0290036455,0,0.5865731688,0.0008246528,0.2689063655,-1.3705072625,0.0375896667,0.4507913852,0.0023931297,0.0009505209
0.0263382078,0.0051365249,4.4869437091,-0.0422236624,2e-05,3.0623050229,0.6250101745,0.0658200204,0.7404263353,17109,0.4112924147,-0.0438961862,131.3464508057,1772712479.2869601,2.9760539103,0.0514895629,5e-06,4.4511806933,0.0498618602,4.4507832003,0.105201592,4.640791351,1836.0,0.0229600655,111.5467495918,3.0724828513,-4.4447789971,2.9827625068,3.0908431768,0.2182855962,-0.0423629636,2353.6870922,-1.3692681766,0.2809742127,0.0,27,0.5854389838,0.5952059754,0.0,0,0.0428499632,4.3088959233,4.4310911624,0.0017534723,0.585114998,0.5869433963,0.0094772105,0,0.5873258404,0.0007899306,0.2672604914,-1.370390927,0.0399208262,0.2385783352,0.0030741882,0.0009331597
0.0204723304,0.0046424555,4.5462341849,-0.0368691236,2e-05,3.1949678787,0.6239654219,0.068168205,0.4464999866,17109,0.4133431361,-0.0376974509,131.3464508057,1772712479.28796,3.0771575658,0.051211944,5e-06,4.5011235666,0.0498568369,4.520093449,0.0874469818,3.9935886232,1836.0,0.0220650865,67.384262085,3.1857935429,-4.5340376981,3.0742367729,3.1869806321,0.2222048672,-0.040153667,2353.6880921,-1.369492991,0.2557248453,0.0,28,0.5855936853,0.5948061621,0.0,0,0.0416260613,4.3616534058,4.5203403187,0.0018489584,0.5863342067,0.5867037197,0.0052555755,0,0.5866321925,0.0007855903,0.2618454447,-1.3693903224,0.0410824065,0.2447925294,0.0026114464,0.0006770833
0.0197180875,0.0074029225,4.662494448,-0.0423893667,2e-05,3.2369682884,0.6252048918,0.0674160616,0.4376531363,17109,0.4126380138,-0.0439331371,131.3464508057,1772712479.28846,3.1493572315,0.0506642817,5e-06,4.5766333755,0.0498518136,4.6048752054,0.0758062913,3.7322342759,1836.0,0.0223254908,65.9950368404,3.2614650679,-4.6359572887,3.1505620988,3.2584425894,0.2206553888,-0.0409981324,2353.6885921,-1.3684413322,0.2537724689,0.0,29,0.5846304802,0.5955150827,0.0,0,0.0419976361,4.440914793,4.62226717,0.0016319445,0.5848929846,0.5876197799,0.0116095507,0,0.5870528114,0.0007508681,0.2664609802,-1.3675221562,0.0369356243,0.2399159639,0.0022297907,0.0006336806
0.0200535622,-0.0018668537,4.620589908,-0.0446013544,2e-05,3.3121328227,0.6244578362,0.066947574,0.4280853192,17109,0.414655507,-0.0436489862,131.3464508057,1772713102.8235333,3.2526302735,0.0494297391,5e-06,4.5378228188,0.0498467904,4.6095162789,0.077082662,3.7663601357,1836.0,0.0192655778,64.5900020599,3.3617453273,-4.6121120866,3.2323499616,3.3408318186,0.2238107701,-0.0393656089,2977.1958744,-1.3686539801,0.257134175,0.0,30,0.5857594403,0.5960184574,0.0,0,0.0417446613,4.4079875501,4.5984246763,0.0017881945,0.5862553998,0.5872174644,0.0011772714,0,0.5867707324,0.0006206597,0.2571842209,-1.3681483324,0.0398145594,0.242077608,0.0024054289,0.000655382
0.0165533869,0.0003419917,4.8186675994,-0.0425221654,2e-05,3.4116969824,0.6245798469,0.0674273359,0.438247358,17109,0.4145542286,-0.0405640358,131.3464508057,1772713102.8245368,3.3345657953,0.0506761643,5e-06,4.7035810947,0.0498417671,4.7498694738,0.0773878068,4.3977660102,1836.0,0.0185074857,66.1189498901,3.454710288,-4.789556125,3.3116412846,3.4193763192,0.2232725759,-0.0408804577,2977.1968795,-1.3687371564,0.2445023217,0.0,31,0.5876032666,0.5960703663,0.0,0,0.0419822664,4.5719173352,4.7758828672,0.0017578125,0.5870006116,0.5864994284,0.0029736188,0,0.5872070535,0.0005815972,0.2516366728,-1.3674333835,0.0397266299,0.2422482499,0.0023784637,0.0005251736
0.0193252543,0.0073856197,4.9309017309,-0.037092093,2e-05,3.4716862011,0.6249278279,0.0677902681,0.4360362609,17109,0.4119749955,-0.0385710209,131.3464508057,1772713102.825542,3.3954144605,0.0513326746,5e-06,4.8242687845,0.0498367438,4.8695269314,0.1079236903,5.7181111401,1836.0,0.0178598622,65.7699165344,3.5083764092,-4.9149990463,3.370569272,3.4773524046,0.2197265685,-0.0415242057,2977.1973796,-1.3683592701,0.2535042238,0.0,32,0.5872444912,0.5951229807,0.0,0,0.0363031047,4.6919976234,4.9013149214,0.0017621528,0.5859078654,0.5873015519,0.0074829607,0,0.5868725411,0.0005815972,0.2468024623,-1.3692177963,0.0388714216,0.2416207432,0.0023333502,0.0006423611
0.0173147444,0.0019019571,4.950933315,-0.0248591133,2e-05,3.5163114659,0.6250258704,0.0659753577,0.4345130618,17109,0.4150828046,-0.0259351551,131.3464508057,1772713102.8260422,3.4394234546,0.0516034934,5e-06,4.886762023,0.0498317206,5.0175987371,0.0995174444,5.4305859387,1836.0,0.0178834256,65.5716109276,3.5585847886,-4.9924616416,3.4335551484,3.5388298988,0.224136291,-0.0388165762,2977.1978811,-1.3702197385,0.2481042265,0.0,33,0.5867866155,0.5948459438,0.0,0,0.0395196881,4.7539607922,4.9787679688,0.0017057292,0.5874424378,0.5874156487,0.0067676274,0,0.5862231151,0.0005859375,0.2473427338,-1.3700797319,0.038403788,0.2438435015,0.0022514248,0.0006206597
0.0139324056,0.0091633312,5.0201135715,-0.0189709877,2e-05,3.592481513,0.6253431805,0.0667256155,0.3595005067,17109,0.4147758657,-0.0195526341,131.3464508057,1772713102.8265436,3.4913866965,0.0509171101,5e-06,4.9326770226,0.0498266973,5.0755888923,0.1243637949,6.8326104335,1836.0,0.0155331669,54.182612896,3.6475731945,-5.0780211973,3.5074111875,3.6112685569,0.2236067769,-0.0367065127,2977.1983787,-1.3691028738,0.2277220831,0.0,34,0.5869341584,0.5956485407,0.0,0,0.0405284576,4.8047320636,5.0643358119,0.0017925348,0.5856793606,0.5880193126,0.0077890299,0,0.5881583166,0.0004730903,0.2334293778,-1.3683545192,0.0395389288,0.2423548395,0.0016367865,0.0004296875
0.0170441523,0.0184869088,5.038521301,-0.0094687278,2e-05,3.7484193993,0.6240836938,0.0662628399,0.3507825375,17109,0.4165055527,-0.0123339771,131.3464508057,1772713102.8270414,3.6095766465,0.0508171745,5e-06,5.0114446799,0.049821674,5.1090306711,0.1533108322,8.2735144321,1836.0,0.0168089214,52.7927093506,3.7455116669,-5.1100449467,3.5940643517,3.6950069157,0.2258767421,-0.0384321213,2977.1983787,-1.3700405018,0.2389331155,0.0,35,0.5871242889,0.5947133815,0.0,0,0.0379971281,4.8868207407,5.0963441944,0.0018098959,0.5861991123,0.587769502,0.0215382739,0,0.5873622541,0.0005381945,0.2403165928,-1.3696600199,0.0399159273,0.244875184,0.0010911496,0.0005078125
0.0143846291,0.0162090043,5.107396334,0.012536598,2e-05,3.7230819257,0.6256995189,0.0663274563,0.3505451202,17109,0.4116136215,0.0119377368,131.3464508057,1772713102.8275404,3.6785446135,0.0520611608,5e-06,5.1683379936,0.0498166508,5.2614109198,0.1693475071,8.6063228234,1836.0,0.0156160597,52.7827148438,3.7645502774,-5.22641277,3.6466970317,3.7427487787,0.2189062564,-0.0400558142,2977.1988781,-1.3697209644,0.2311537309,0.0,36,0.5866736766,0.5954412949,0.0,0,0.0366843087,5.0413469553,5.2127207692,0.0018619792,0.5857840578,0.5870357323,0.0187359252,0,0.5860133954,0.000499132,0.2335121247,-1.3691247916,0.0407154918,0.2377335906,0.0012694327,0.0004513889
0.015338053,0.0176550457,4.9638658015,0.0209122213,2e-05,3.7135209608,0.6225482603,0.0669011064,0.3455786196,17109,0.4121228528,0.0211723944,131.3464508057,1772713102.8275404,3.7480756378,0.0510623987,5e-06,5.1093060176,0.0498116275,5.1885156123,0.1690274969,8.206211679,1836.0,0.0166259053,52.0193510056,3.7856418959,-5.1110643816,3.7178527705,3.8125781425,0.2200043463,-0.0408495787,2977.1993773,-1.3692425021,0.2337095822,0.0,37,0.5869566592,0.5948137705,0.0,0,0.0362112916,4.985248305,5.0973714765,0.0017795139,0.5859802767,0.587330908,0.0180490099,0,0.5873906863,0.0005381945,0.2398253069,-1.3683676934,0.0395752122,0.2415693638,0.001110185,0.0004861111
0.0201034002,0.0209500384,5.0222345718,0.031747951,2e-05,3.8180967315,0.6248734132,0.0664417036,0.3383762407,17109,0.4119021096,0.031881846,131.3464508057,1772713102.8280396,3.743972737,0.0507298521,5e-06,5.0921542867,0.0498066042,5.1593056027,0.1259020741,6.8591358181,1836.0,0.0162023367,50.9432225227,3.8318914509,-5.129562753,3.7376667547,3.8284483528,0.2198263944,-0.0387115167,2977.1998795,-1.3678667386,0.2576076914,0.0,38,0.5876645148,0.5948967699,0.0,0,0.035441515,4.9692849112,5.1158814271,0.0017404514,0.5866886091,0.5872389873,0.0228983134,0,0.5872200008,0.000546875,0.2452629878,-1.3688126651,0.0392452812,0.2394442888,0.0011851533,0.000655382
0.0208586434,0.0179319783,4.8550002766,0.0404133681,2e-05,3.7198232778,0.6247847621,0.0661632784,0.3447733529,17109,0.41312994,0.038828867,131.3464508057,1772713102.828542,3.7774604479,0.0497624496,5e-06,5.0297863658,0.049801581,5.0644310888,0.1572065016,8.601202635,1836.0,0.0226861258,51.9173903465,3.8114064662,-5.017966582,3.7620411698,3.8507138983,0.2213368116,-0.037196013,2977.1998795,-1.3692296775,0.2606130132,0.0,39,0.585471315,0.5954981347,0.0,0,0.0338347205,4.9110872682,5.0042805274,0.0018315973,0.5863092478,0.5851709318,0.0194566479,0,0.5866454057,0.00078125,0.2674770772,-1.3692764076,0.040278771,0.2404775583,0.0011068439,0.0007161458
0.3048529768,0.6871974932,7.7035459391,0.0809048728,2e-05,3.8113950984,0.5499965495,0.2062141813,0.5456314357,42375,0.6864098312,0.0801680701,0.0,1772713853.270689,3.6254949427,0.3181378261,5e-06,8.1106234868,0.0497965577,7.5614719518,0.3950430118,9.0414120674,0.0,0.3056711753,83.7406189442,3.6353160063,-7.6022069041,3.4271303686,3.7590005525,0.0764192727,0.0183454462,3727.6124082,-0.6328479985,0.9422909133,0.7277734375,40,0.3449845088,0.3535650976,0.0,0,0.1151749702,6.7077418645,7.6096149095,0.0005642361,0.3447558233,0.4020701727,0.6868405094,0,0.402491365,0.2120876786,0.9388842849,-0.6342700396,0.0165024585,0.6182917161,0.0032765373,0.2118012207
0.4955277069,0.7594179646,8.623767856,0.0891674582,2e-05,4.3027825658,0.5484825238,0.2032744443,0.3741946077,42375,0.6954980942,0.0900562367,0.0,1772713853.272189,3.7583798647,0.3222617171,5e-06,9.0360724576,0.0497915344,8.4129734993,0.4880647842,7.9898978217,0.0,0.4955844345,56.3590683937,3.9667155059,-8.3244096851,3.6913494666,4.0563915141,0.0604644113,0.0175348805,3727.6134102,-0.4842319012,0.9052199765,0.7502994792,41,0.3368349598,0.3485020234,0.0,0,0.1186818579,7.6331193701,8.3299208069,0.0004730903,0.3366652761,0.4034194036,0.7586502373,0,0.4037697631,0.496115467,0.9022967041,-0.4842645852,0.0155586597,0.6218952423,0.0014053774,0.4959027914
0.4854376525,0.8512928641,9.3383589013,0.1214291626,2e-05,4.3235518456,0.5499510358,0.2081377978,0.3793743753,42375,0.6882690231,0.1204570239,0.0,1772713853.2726908,3.9165674146,0.3218180673,5e-06,9.7217756844,0.0497865112,8.8087824758,0.4748459287,9.3076720921,0.0,0.4854879969,57.1158213615,3.9565667566,-8.9046607081,3.9572648255,4.3378747416,0.0647135434,0.0158622749,3727.6139131,-0.3341436192,0.8344317424,0.7345442708,42,0.3305839556,0.3495391162,0.0,0,0.1025733871,8.34315238,8.9119991811,0.0005729167,0.3308218161,0.3060549885,0.850672574,0,0.3073238585,0.6055208518,0.8332053343,-0.3327084365,0.0187236929,0.6239150161,0.0013140996,0.6056988041
0.4734695576,0.8893302373,10.1763036474,0.0859256973,2e-05,4.6933050664,0.5431225266,0.2027754675,0.4245503743,42375,0.697478656,0.0852801083,0.0,1772713853.2731938,3.939089063,0.327066294,5e-06,10.5338674418,0.0497814879,9.4382904243,0.4884061454,8.6486594081,0.0,0.4736735874,63.9596610069,4.0969208018,-9.6773408635,4.1469790792,4.5310492738,0.0649609394,0.0171065747,3727.6144165,-0.2634996606,0.7716543893,0.7514583333,43,0.3202471966,0.3420060438,0.0,0,0.1075826914,9.1470852407,9.6861176173,0.0003819445,0.320644715,0.2582480072,0.8884757837,0,0.2593466204,0.6502474145,0.7750910095,-0.2611134547,0.0127259175,0.6329693898,0.0017630625,0.6505685957
0.4692023766,0.9095973233,10.7424701945,0.0466292252,2e-05,4.5705638266,0.5505362691,0.2037865027,0.486283261,42375,0.6974223232,0.0457735285,0.0,1772713853.2741973,4.1425987323,0.3214956146,5e-06,11.1639338366,0.0497764646,9.9662316895,0.4060537934,7.8221172897,0.0,0.4693235958,73.3376719952,4.1518573316,-10.0773557218,4.3773410114,4.7832884995,0.0598394113,0.0191793652,3727.6154167,-0.2341674573,0.7490531158,0.7511197917,44,0.3277547898,0.350660856,0.0,0,0.0970370594,9.8222907575,10.0865275701,0.0005121528,0.3265410224,0.2299218939,0.9092025626,0,0.2312445557,0.6649088724,0.7511188118,-0.2321016383,0.0171473914,0.6181280708,0.0025209936,0.6650651264
0.4643417996,0.926997534,11.721049722,0.0500626723,2e-05,5.2701701101,0.5521663203,0.21184549,0.4723448213,42375,0.6894493945,0.0511646985,0.0,1772713853.2746975,4.3353718917,0.3201480744,5e-06,11.9210138893,0.0497714414,10.6882606379,0.4132464691,8.3317825683,0.0,0.4642695117,71.2591197491,4.7303895537,-11.0230277379,4.6025532548,5.0338943386,0.0696961826,0.0149146712,3727.6159167,-0.2005514362,0.7107885349,0.7478515625,45,0.3295213811,0.3528234156,0.0,0,0.1045963745,10.609216423,11.0323470879,0.0005295139,0.3289403218,0.2046761241,0.9272812931,0,0.2051423735,0.6785243257,0.7085220091,-0.2018128545,0.0159377933,0.6184286404,0.0026122824,0.6779904715
0.4655775309,0.9475380679,12.3811879603,0.0638580733,2e-05,4.7882189067,0.5450145294,0.2074133169,0.4805590312,42375,0.6926336443,0.0621714459,0.0,1772713853.2751975,4.4415927855,0.3234599559,5e-06,12.664024601,0.0497664181,11.2564648374,0.4130636676,7.4144744794,0.0,0.4658971882,73.1683320999,4.4920557976,-11.5339345614,4.7995445712,5.2330630636,0.0608680571,0.0164382329,3727.6164166,-0.1668008404,0.657508147,0.7440885417,46,0.3166494006,0.3452454958,0.0,0,0.098760693,11.3540586535,11.5438809522,0.0005251736,0.3174550492,0.1664758277,0.9471498859,0,0.1676374647,0.6745095682,0.6598044499,-0.1653673038,0.0169358484,0.6321243282,0.0068255059,0.6753993265
0.4628600633,0.9621921933,13.7114328257,0.0636445712,2e-05,4.6833227714,0.5439418648,0.20309446,0.481043485,42375,0.6972412193,0.0621241822,0.0,1772713853.2761974,4.354145778,0.3261413278,5e-06,13.4844849141,0.0497613948,12.2035251617,0.4097496742,7.0570623406,0.0,0.4629501329,72.5517361164,4.4482327414,-12.6783812904,4.8645192719,5.3135158571,0.0711588561,0.0182360079,3727.617417,-0.1394658369,0.6148812836,0.7553645833,47,0.3123453141,0.3434295035,0.0,0,0.1068270632,12.1804775365,12.6889474678,0.0005251736,0.3128772813,0.1363217306,0.961564705,0,0.1389486403,0.6816623465,0.6200299428,-0.1379564135,0.0166531095,0.6330753932,0.0025212876,0.6821137353
0.4589310428,0.9658935201,13.9764071401,0.0559713426,2e-05,5.2954897356,0.5500117056,0.2080155796,0.471038626,42375,0.6917988912,0.0564671573,0.0,1772713853.2766979,4.412596914,0.3224956842,5e-06,14.2114152209,0.0497563716,12.8784440549,0.4833636403,9.2110888743,0.0,0.4587219906,71.049492836,4.6765864134,-13.2102536901,4.983427844,5.4460527404,0.0685156268,0.0177682951,3727.6184169,-0.1332269322,0.6124407438,0.7373697917,48,0.3193007808,0.3494166009,0.0,0,0.1073827909,12.9468848038,13.2210953331,0.0004817708,0.3186144402,0.1363612678,0.9660588968,0,0.1366429305,0.6929817891,0.6101153217,-0.1349916513,0.0153838241,0.6238486826,0.0025002448,0.6920573123
0.4568998418,0.9753766088,14.9952424939,0.0426729354,2e-05,4.7212920332,0.5431895868,0.2043090813,0.4688770326,42375,0.7006893488,0.0429526521,0.0,1772713853.2776978,4.3705493673,0.3271853451,5e-06,14.903666172,0.0497513483,13.4940420214,0.4429126159,8.2570120215,0.0,0.4568373901,70.7152585983,4.3653155359,-14.0176825396,5.1590489817,5.6513555463,0.0744444462,0.0191919657,3727.6189194,-0.1136595469,0.5705625631,0.769765625,49,0.3115777989,0.342376718,0.0,0,0.1142176768,13.6326686351,14.0289346313,0.000546875,0.3105886137,0.1111448962,0.9754690929,0,0.1093972217,0.6972265816,0.5714673771,-0.1123779252,0.0169642391,0.6309763892,0.0024328868,0.6970833544
0.4539347706,0.9742008162,14.4955540593,0.0662632481,2e-05,6.0931860479,0.5466415433,0.2032741587,0.4641293144,42375,0.6951813217,0.065540739,0.0,1772714655.2031674,4.523776892,0.3249706843,5e-06,15.5442220624,0.049746325,14.1305243429,0.5145355453,10.8072737757,0.0,0.4538506651,69.9866969585,5.192289532,-14.0214616966,5.331458416,5.8333899593,0.066232641,0.0154170454,4529.5116671,-0.1164329243,0.576072702,0.7373828125,50,0.3174193626,0.3451175509,0.0,0,0.1292772213,14.2985788472,14.0327871195,0.000499132,0.3171486803,0.1236700753,0.9744847846,0,0.1229102267,0.7024392565,0.5807921624,-0.1166657647,0.0159894576,0.6286376413,0.0023281956,0.7022960265
0.449683645,0.9802316308,16.4567630895,0.0442730963,2e-05,5.7023612595,0.5463214384,0.2029867375,0.4689159107,42375,0.6892094537,0.0435153612,0.0,1772714655.2036664,4.5325067441,0.3214587539,5e-06,16.1771678988,0.0497413018,14.8219191424,0.4980730804,10.8736149049,0.0,0.4492406482,70.7331750393,5.0229410887,-15.3843921661,5.536052831,6.0477930164,0.0615625017,0.0150757362,4529.5126677,-0.0998564227,0.548061887,0.7404947917,51,0.3105465902,0.3435655951,0.0,0,0.1264250514,14.9669728597,15.3961391513,0.0005121528,0.3105709214,0.104065233,0.980486631,0,0.1029201315,0.7116189436,0.5375338717,-0.1015667247,0.0161592284,0.6310652721,0.0025250133,0.7109027962
0.4425600924,0.9825950742,17.0228628159,0.0426709255,2e-05,5.8935984866,0.5477910376,0.206003734,0.4710237312,42375,0.6964736442,0.0428251482,0.0,1772714655.204667,4.8096005074,0.32407888,5e-06,16.9420328077,0.0497362785,15.4435400518,0.5751593898,14.1489258798,0.0,0.4422346753,71.0233471394,5.2613754209,-15.9340167872,5.8798185476,6.4089215469,0.076553822,0.0177568226,4529.5134782,-0.0910336223,0.5272390054,0.7395442708,52,0.3092052859,0.3487760366,0.0,0,0.1237054078,15.7396161652,15.9459796651,0.0005946181,0.3096360405,0.0982164039,0.9832972852,0,0.0930554229,0.7271050549,0.5160989165,-0.093719033,0.0181622141,0.6230850097,0.0023046192,0.7265017561
0.4391806483,0.985514274,16.9823587227,0.0359164678,2e-05,6.3265723785,0.5500375932,0.203940051,0.6307118162,53520,0.6977931575,0.0354352194,0.4676603476,1772714655.2054777,4.9514930979,0.3252448663,5e-06,17.5573544121,0.0497312552,16.3301594226,0.494817221,12.4573176678,158.6666666667,0.4388325117,95.6978061199,5.6010383987,-16.5118378894,5.9498571205,6.4535877132,0.0687977449,0.0188263672,4529.5141674,-0.0844353706,0.5108745869,0.7390755208,53,0.3057974767,0.3478559365,0.0,0,0.1190162893,16.3624515788,16.5242253176,0.0004123264,0.3057141208,0.0896465906,0.9857607102,0,0.086010022,0.7334027978,0.5018484367,-0.085609408,0.0131857245,0.6192119726,0.0030356248,0.7329036645
0.4395341184,0.9880440605,18.8039106878,0.0310843667,2e-05,6.5908262348,0.5556780324,0.2058914273,0.4351883809,53520,0.6896751122,0.0314484905,0.7014905214,1772714655.2061667,5.0755790011,0.3189809296,5e-06,18.2650080109,0.049726232,17.2177936808,0.5683453137,14.3265532382,238.0,0.4388918036,67.4502458572,5.8645450751,-17.9564766693,6.1338088481,6.6395058854,0.0609809044,0.0167031991,4529.5151015,-0.0751270021,0.4878601847,0.7285026042,54,0.3038910469,0.3541682023,0.0,0,0.1478225354,17.1219385592,17.9690269597,0.0003993056,0.303705416,0.0787127498,0.9882443039,0,0.0768754691,0.7331033194,0.4786397286,-0.0766470147,0.0128079952,0.6109277626,0.0143463405,0.7319184236
0.4350549696,0.9905573956,19.2953820928,-0.006676956,2e-05,7.2528902912,0.5547955819,0.2048661219,0.4719139417,53520,0.6902233922,-0.006566816,0.7014905214,1772714655.207101,5.2316607443,0.3211622479,5e-06,19.1585586294,0.0497212087,18.334343249,0.6391165286,16.2566064231,238.0,0.4346872181,71.1736423969,6.1879296112,-18.6853638331,6.5941835626,7.1061473052,0.0600477448,0.0172271352,4529.5156676,-0.0672703671,0.456597866,0.7239192708,55,0.3016889057,0.350429454,0.0,0,0.1266158706,18.0244454638,18.6980714671,0.0004383681,0.3012860751,0.0651607294,0.9903792799,0,0.0671737642,0.7405859578,0.4577524394,-0.0674269327,0.01491232,0.615861692,0.0024264495,0.7400130403
0.4323189894,0.9903766159,19.3093923696,-0.0066810321,2e-05,7.7715780354,0.5548546658,0.2026472818,0.4693763049,53520,0.6906348089,-0.0059864032,0.7014905214,1772714655.207667,5.5839682102,0.3223286471,5e-06,19.7528490067,0.0497161854,18.4383254687,0.5876701232,16.3813226271,238.0,0.4324055111,70.792288065,6.6221716404,-18.8445215734,6.9437842147,7.4514270846,0.058437502,0.0165554101,4529.5168298,-0.0661808636,0.4535093953,0.7270572917,56,0.302583297,0.3491909156,0.0,0,0.115850323,18.6274625015,18.8572958946,0.0004644097,0.3025776425,0.0731770697,0.9903827941,0,0.0719840289,0.7448437726,0.4555254929,-0.0652686213,0.0145294577,0.6189405588,0.0024386215,0.7449479381
0.4303277697,0.9928600939,18.7283262253,-0.0207569835,2e-05,6.0306820758,0.5508945642,0.2024970335,0.4687348906,53520,0.6939669466,-0.019867548,0.7014905214,1772714655.2088294,5.6356743018,0.3242855312,5e-06,20.3494583893,0.0497111622,19.1470334371,0.6484194916,18.1398093653,238.0,0.4303884355,70.676015377,5.7380246671,-18.9521039836,7.1067825445,7.6203808943,0.0615798628,0.016190017,4529.5174469,-0.0563638973,0.410761646,0.7431510417,57,0.2921586159,0.3461044759,0.0,0,0.1343783754,19.2295546595,18.9650532532,0.000421007,0.2920774842,0.0552969975,0.9926094429,0,0.0582183675,0.7497699845,0.4205242175,-0.0545617368,0.013659063,0.6221273593,0.0023050737,0.7498828332
0.4260486368,0.9924097256,21.2651086171,-0.0466833856,2e-05,7.9310272058,0.5550775079,0.2068620241,0.4689528275,53520,0.6886454229,-0.0476425158,0.7014905214,1772714655.2094467,5.8378846773,0.3206236347,5e-06,20.881730868,0.0497061389,19.5340679423,0.5436944757,18.9068390973,238.0,0.4262034625,70.7420444489,6.9421457767,-20.5165143331,7.3771891562,7.903534193,0.0644097243,0.0163942042,4529.5188564,-0.057253131,0.4125352303,0.7385026042,58,0.3041666992,0.3507384249,0.0,0,0.1350262417,19.7957945379,20.5295252482,0.0004079861,0.30381453,0.0601123263,0.9922271109,0,0.0626819594,0.7554731087,0.4243143113,-0.0555261769,0.0133147891,0.6146636101,0.002505908,0.755464431
0.4256270208,0.9939478552,22.2340526708,-0.0540307455,2e-05,6.8770957025,0.5555147769,0.2113353198,0.4694977093,53520,0.6931038829,-0.0530342411,0.7014905214,1772714655.2108562,5.8255411275,0.3218833806,5e-06,21.5802578608,0.0497011156,20.7854714457,0.6653142935,20.6364268351,238.0,0.4256933671,70.8541853428,6.4422880967,-21.4630528514,7.640751365,8.1648743788,0.065516495,0.0181142051,4529.5198554,-0.0490131441,0.3903646851,0.7334114583,59,0.3061445647,0.3518177768,0.0,0,0.1366180566,20.509381396,21.476180013,0.0004036458,0.3059465336,0.0508677726,0.9939607581,0,0.0496669329,0.7573350883,0.3941916999,-0.048269619,0.0133605602,0.6125701491,0.0024742762,0.7574349149
0.4203991212,0.993262463,22.0038365682,-0.0561583653,2e-05,8.0069535255,0.5567582526,0.2034053329,0.4678561846,53520,0.6872883387,-0.0555496302,0.7014905214,1772715430.6454914,5.9550360425,0.3186896217,5e-06,22.1428958257,0.0496960924,21.1592316055,0.7236555517,23.2365535577,238.0,0.4205772408,70.5455870628,6.9658638287,-21.67074543,7.6640943273,8.1768453058,0.0670572934,0.0180337438,5304.9231552,-0.0531514875,0.4000629029,0.717890625,60,0.3123039612,0.3551062403,0.0,0,0.1422822545,21.0965455246,21.683962237,0.000390625,0.312275444,0.0574823892,0.9931332719,0,0.0582493626,0.7654861299,0.4095030844,-0.0515284375,0.0132819989,0.6076762712,0.0023670578,0.7656554031
0.4203917493,0.9955649296,24.0137148666,-0.0522757744,2e-05,6.5344868978,0.5527962045,0.2084071478,0.4699493806,53520,0.6856252237,-0.0516221689,0.7014905214,1772715430.6467927,6.1981231562,0.3209760233,5e-06,22.8623861567,0.0496910691,22.0839758046,0.7653208655,29.264352417,238.0,0.4202089145,70.8745574951,6.270857172,-22.9096593475,7.8087724654,8.3351145617,0.0632291683,0.0161187944,5304.9238529,-0.0397775029,0.353100674,0.7473307292,61,0.3017166768,0.3492448463,0.0,0,0.1463963536,21.8306574631,22.9229338582,0.0004947917,0.3020390256,0.0403526857,0.9955321467,0,0.0386780506,0.7658550545,0.350157744,-0.0393611172,0.0159938571,0.618865778,0.00245701,0.7655382125
0.42003115,0.9953882194,23.2380464045,-0.0500658345,2e-05,6.1723279667,0.5533645268,0.2066921865,0.4675266711,53520,0.6931397096,-0.0504572892,0.7014905214,1772715430.647993,5.9703189262,0.3232637837,5e-06,23.4448206075,0.0496860458,22.5123233922,0.6957551211,23.8923866415,238.0,0.4201782862,70.5175452232,6.2017889595,-22.8524331029,7.8216096942,8.3574002647,0.067078995,0.0177373143,5304.9248541,-0.0411413784,0.3587629694,0.7445703125,62,0.3034864756,0.3485055192,0.0,0,0.1185722193,22.4150908788,22.865760409,0.0004383681,0.3036578997,0.0420518458,0.9955056095,0,0.0407029487,0.7649435957,0.3638618327,-0.0404551265,0.0149701207,0.6162003442,0.0024781752,0.7652126936
0.4191027151,0.995087711,23.2520920563,-0.0564308257,2e-05,8.2919841003,0.5530982608,0.2045714743,0.4698734331,53520,0.6918947168,-0.055355948,0.7014905214,1772715430.6489916,5.9317041334,0.3219963109,5e-06,23.8026290894,0.0496810226,22.7680594635,0.8149579479,26.5231493998,238.0,0.419296243,70.8598492146,7.1412340291,-22.8537773132,7.8349695873,8.3536592166,0.0616796894,0.0160725131,5304.9258537,-0.0415138834,0.3640576424,0.726171875,63,0.3105547188,0.3482240289,0.0,0,0.132674179,22.785758756,22.8671923574,0.0003645833,0.3099375392,0.0475404483,0.9951557875,0,0.0467883967,0.7675911649,0.361952891,-0.0418603187,0.0119293518,0.6174346767,0.0024187628,0.767851582
0.4168432369,0.995248845,22.8386105982,-0.0814224831,2e-05,9.2699419562,0.5547170774,0.2100673273,0.4711444426,53520,0.6946851671,-0.0814564131,0.7014905214,1772715430.6494913,6.0809205596,0.3242300961,5e-06,24.2144493993,0.0496759993,23.0609011714,0.7283335098,28.7184303983,238.0,0.4167788287,71.0489726067,7.7785668246,-22.9667866007,8.1382322248,8.6504675992,0.0661067729,0.0181937904,5304.9263708,-0.0403974216,0.3529243132,0.7537890625,64,0.3209403024,0.3503212587,0.0,0,0.1333392476,23.2003893789,22.980318133,0.0004079861,0.3199785507,0.0450782592,0.9951828647,0,0.0471285324,0.7716363045,0.3593841882,-0.0396993886,0.0133312184,0.6136694429,0.0024185801,0.7716015828
0.4150510774,0.9969977538,25.9062332408,-0.1257960352,2e-05,6.6667097187,0.5617647394,0.2066208107,0.4676641464,53520,0.6858214974,-0.1262885446,0.7014905214,1772715430.6505146,6.0459412734,0.3172490686,5e-06,24.6063984299,0.049670976,23.7642803574,0.6874879666,23.6973664268,238.0,0.415024249,70.5333826542,6.3144903374,-24.8428829956,8.1498745505,8.6636922423,0.0596354182,0.0162576099,5304.9273769,-0.0292324716,0.303001511,0.7211067708,65,0.3339758845,0.355089312,0.0,0,0.1407824098,23.6365511576,24.8565820694,0.0004774306,0.3342491641,0.0303127791,0.9970406055,0,0.0290586177,0.7742274511,0.3022076624,-0.0289231117,0.0152890982,0.6025559962,0.0024549596,0.7742838736
0.409417214,0.9965759969,24.5741230647,-0.0892120676,2e-05,8.317688249,0.5566910267,0.2138274009,0.5653186735,72141,0.687640564,-0.0899536835,0.1921039422,1772715430.6510146,6.490502243,0.3131660635,5e-06,25.0198362605,0.0496659528,24.2010653814,0.6783082682,18.7989335219,223.0,0.4090761177,86.339410305,7.4551449076,-24.4746085103,8.3539431349,8.8882085832,0.0751171895,0.017160702,5304.9283759,-0.0334485116,0.3277994701,0.6994661458,66,0.3343056641,0.3545093391,0.0,0,0.1562274057,24.0878878784,24.4882224782,0.000421007,0.3343448784,0.0365235137,0.9965851728,0,0.0362573056,0.7813802278,0.3299762058,-0.0335734725,0.0138579579,0.6149419022,0.0029900757,0.7807552286
0.4065306362,0.9964910448,24.1039339447,-0.0695984561,2e-05,8.8435517089,0.5600510651,0.2163528547,0.4252049621,72141,0.6903039726,-0.0699108799,-0.8266692162,1772715430.6520135,7.1259984557,0.2923283202,5e-06,24.3404310608,0.0496609295,23.5564218394,0.6357220423,15.5201950836,193.0,0.4065555725,64.1467888355,8.4890029462,-23.6735270691,9.0150665347,9.6061483351,0.114335941,0.017814941,5304.928876,-0.0354487617,0.3364316401,0.65296875,67,0.3486750309,0.3657543329,0.0,0,0.1686005394,23.5060331345,23.686719195,0.0007595486,0.3487274909,0.0356407414,0.9964464768,0,0.0376784915,0.7866015804,0.3420877192,-0.035511882,0.0219183049,0.6098426761,0.0023239692,0.786627626
0.4025593636,0.9962335865,24.6936803309,-0.03005897,2e-05,8.8607857323,0.5635389884,0.2150579817,0.4246452602,72141,0.6820788646,-0.029760569,-0.8266692162,1772715430.6525137,7.2758745543,0.2956826081,5e-06,24.8840116374,0.0496559062,24.1456462987,0.677291801,18.1367733749,193.0,0.4028867485,64.0613460541,8.5439137554,-24.2914955775,9.2574460729,9.8456862895,0.1106640659,0.01648102,5304.9298761,-0.0381327789,0.3595794184,0.6664713542,68,0.3474147065,0.3686980265,0.0,0,0.1645179862,24.0430017471,24.3046929042,0.0007204861,0.3463242658,0.0410705415,0.9963436027,0,0.0397805821,0.7920312687,0.3558628806,-0.0386282698,0.0211706458,0.604292781,0.0023201195,0.7925130415
0.4058100714,0.9956747278,24.2617000453,-0.0710241337,2e-05,9.7425436147,0.5622776127,0.2129591895,0.4239635722,72141,0.6830572967,-0.0710560039,-0.8266692162,1772715430.653514,7.7634815566,0.2895919751,5e-06,24.8464443334,0.049650883,24.0610553741,0.5485845596,12.073060228,193.0,0.4058747298,63.9537565708,9.3324192683,-24.1030266444,9.9391962433,10.5348058287,0.1050651072,0.0155944041,5304.9303748,-0.0410599563,0.3701365924,0.6572395833,69,0.3617245515,0.3706952208,0.0,0,0.1548818238,24.0272635396,24.1163546371,0.0006814236,0.3628974289,0.0461228199,0.9957603168,0,0.0451819088,0.7882378682,0.3731095312,-0.0415830123,0.0211988478,0.6020037907,0.0022938379,0.7883116484
0.4078214963,0.9957800277,24.5325080109,-0.0427329635,2e-05,9.5880719248,0.5650461777,0.2122024227,0.4320587238,72141,0.6835569485,-0.0425003631,-0.8266692162,1772716155.7125285,8.1691731771,0.2911019929,5e-06,25.3079013824,0.0496458597,24.1745592499,0.6950756089,19.9442541091,193.0,0.4076935488,65.1593677998,9.3568081188,-24.140853157,10.1423131911,10.7176227379,0.0992708359,0.0154925607,6029.9602312,-0.0417919766,0.3777697227,0.6470052083,70,0.3435507043,0.3696658923,0.0,0,0.1857125942,24.4934969966,24.1540721258,0.0006510417,0.3446479877,0.0454540861,0.9958587436,0,0.044715023,0.7848437699,0.3707333893,-0.0428117048,0.019659071,0.599191435,0.0022269424,0.7847092215
0.4048786847,0.9961919188,25.317240448,-0.0229907785,2e-05,10.1369516246,0.5593521212,0.2164481499,0.4330356121,72141,0.6864937782,-0.0236137958,-0.8266692162,1772716155.7134516,8.2647585328,0.2973632258,5e-06,25.8876512146,0.0496408364,24.5907962672,0.7633391955,24.1219665098,193.0,0.4052740256,65.3243691921,9.6641648006,-25.0775035858,10.4625167306,11.0443426291,0.112521705,0.0171049749,6029.9608067,-0.0389275862,0.3560520944,0.6760677083,71,0.3302094318,0.3636067861,0.0,0,0.1710420968,25.0570565542,25.0906042608,0.000703125,0.3299978651,0.0432102193,0.9961358627,0,0.0432549735,0.7875260592,0.3596731746,-0.0381867124,0.0212770767,0.6115390374,0.0022937854,0.7880772773
0.4072137125,0.9957673724,25.4997156016,0.002425641,2e-05,10.6557362652,0.5624484708,0.2150775412,0.4313011312,72141,0.6885217615,0.0029439203,-0.8266692162,1772716155.714526,8.7741084989,0.2916706377,5e-06,26.0982246272,0.0496358132,24.4627141825,0.6305748377,16.2434647322,193.0,0.4070781595,65.0476295948,10.0924553808,-25.0587388611,10.9899316088,11.5756028303,0.1128949685,0.0175235933,6029.9618056,-0.0424013906,0.3752557155,0.6541666667,72,0.3352424878,0.3709601176,0.0,0,0.1514894802,25.3018886693,25.0717780431,0.0006987847,0.33553602,0.0460222473,0.9957176018,0,0.0468288124,0.7860069629,0.3741490558,-0.0415885426,0.0207102517,0.6028492628,0.0022388713,0.7858029699
0.4106069267,0.9957439983,25.0986438878,-0.0011305017,2e-05,10.6445538648,0.5585687826,0.2183092632,0.4289215374,72141,0.6884913115,-0.0009913753,-0.8266692162,1772716155.715026,9.0578632545,0.2947076813,5e-06,26.5500564067,0.0496307899,25.0253878276,0.632953095,19.2227778784,193.0,0.4109639108,64.7414207458,10.1541708469,-24.9969329961,11.3050437991,11.8826438904,0.1113715311,0.0152471518,6029.9623076,-0.0407548829,0.3646139995,0.6751171875,73,0.3225592536,0.3638459599,0.0,0,0.1594318999,25.7519394048,25.0098043315,0.0006987847,0.3213864192,0.0460186409,0.995847561,0,0.0453869279,0.7807899507,0.3673561913,-0.0413117237,0.0211812029,0.6127687188,0.0022959868,0.7813758886
0.4112764438,0.9956107418,26.0559251531,-0.033335724,2e-05,11.1797361946,0.5608254876,0.2168914267,0.4331555971,72141,0.6876389825,-0.0339464471,-0.8266692162,1772716155.7160263,9.5891499011,0.2929977013,5e-06,26.7021806335,0.0496257666,25.5074650319,0.5455992061,13.2888347944,193.0,0.4113217688,65.3416144848,10.851571153,-25.826199824,11.7075477982,12.2870363426,0.1153298647,0.0179146062,6029.9633059,-0.042324575,0.3696270833,0.6620963542,74,0.3336909278,0.3684069455,0.0,0,0.1500552857,25.912415301,25.8389711634,0.0006987847,0.3335074971,0.0486484243,0.9954747351,0,0.049496908,0.7785373461,0.3725129917,-0.0414552125,0.02134779,0.6045355652,0.0023450089,0.7785503658
0.4191420346,0.9950129875,26.2927445602,-0.0156852917,2e-05,11.6204654757,0.5604890956,0.217453593,0.432608304,72141,0.6894041292,-0.0156257892,-0.8266692162,1772716155.7165263,9.5409341812,0.294110794,5e-06,27.1280001958,0.0496207434,25.3533270137,0.6165555545,16.5611804597,193.0,0.4193349588,65.2850987911,11.027092069,-25.9011786016,11.9653163083,12.5363897387,0.1078038229,0.0177436491,6029.963807,-0.0421123685,0.3790198511,0.6672916667,75,0.3316470604,0.3670715487,0.0,0,0.1646428774,26.3434202067,25.9139483134,0.0007204861,0.3306740586,0.0537821904,0.995229733,0,0.0514267151,0.767317731,0.3677567519,-0.0435741238,0.0217823903,0.6075476275,0.0024949805,0.7677474177
0.4169451141,0.9947429411,26.3639093399,0.0261799933,2e-05,11.9187622643,0.5647890133,0.2190012757,0.4321263472,72141,0.6861802944,0.0268119004,-0.8266692162,1772716155.7170274,9.942417326,0.2899552199,5e-06,27.2371854528,0.0496157201,25.3136051941,0.5314945348,13.806530784,193.0,0.4169873528,65.1884057522,11.3979495653,-25.9168129857,12.4552426465,13.0295235252,0.1127821214,0.0162514877,6029.9644596,-0.043547631,0.3683671061,0.6622526042,76,0.3466967696,0.3719778025,0.0,0,0.1636057337,26.4785973358,25.9294369761,0.0007204861,0.3457156179,0.0562856343,0.9946465758,0,0.0572388972,0.7702343941,0.3750935116,-0.0425170501,0.0219489774,0.5972550913,0.0023939673,0.7704340502
0.4204251589,0.9953030721,26.7885156759,0.0062171983,2e-05,12.0360152054,0.5568963329,0.2156409693,0.4331800667,72141,0.6896271511,0.0069796765,-0.8266692162,1772716155.7176802,10.2822563553,0.2945834294,5e-06,27.7231931559,0.0496106968,25.7850920614,0.593865514,15.1182664553,193.0,0.4211746339,65.3430614471,11.5597906939,-26.329781901,12.7247111193,13.2882014847,0.1184505239,0.0189515489,6029.9654652,-0.0400488367,0.3598890815,0.67796875,77,0.3459757191,0.3647819201,0.0,0,0.1399856776,26.9492899068,26.342294426,0.0007378472,0.3459108402,0.052036726,0.9953961682,0,0.0503047914,0.7634679035,0.3589530555,-0.0400135302,0.0221307778,0.6144697495,0.0022742144,0.7645790112
0.4263236543,0.9951838887,27.3877125549,0.018646115,2e-05,12.5760175006,0.5606058625,0.2115588304,0.4323297373,72141,0.6895961364,0.0186300247,-0.8266692162,1772716155.7186856,10.2556039365,0.2942149904,5e-06,28.2092743047,0.0496056736,25.9985585912,0.5890242432,17.0596739467,193.0,0.4266892711,65.2222084999,11.9161912918,-26.859325091,12.970530688,13.5323549016,0.1075000033,0.0187354289,6029.9659664,-0.038874908,0.3615911081,0.6671614583,78,0.3507485068,0.3675078624,0.0,0,0.1418562139,27.4477547836,26.8718005753,0.0006770834,0.3510475105,0.0536378673,0.9952245688,0,0.0537915799,0.7564974149,0.3518643164,-0.0398725868,0.0198569681,0.6064174267,0.0023588276,0.757460957
0.4316151524,0.9949861054,27.3181296666,0.0039627957,2e-05,12.8179908689,0.5624559426,0.2122207972,0.4297771994,72141,0.6840361842,0.0026454539,-0.8266692162,1772716155.7196858,10.8239866479,0.2929889653,5e-06,28.4774107869,0.0496006503,25.775108757,0.6304279256,19.5210342344,193.0,0.4310763985,64.8625524044,12.2550669225,-27.0124828084,13.36926054,13.9252363777,0.0954600725,0.0165515536,6029.9669644,-0.0399533106,0.3507029328,0.6691276042,79,0.3570288803,0.3681415286,0.0,0,0.1522458958,27.7259424591,27.0248147074,0.0005859375,0.3567504953,0.0546867122,0.9948338723,0,0.0568569663,0.7485590482,0.3549424548,-0.0395431582,0.0184283058,0.6044221677,0.0023084942,0.7478342227
0.1848217601,0.99226759,14.1822360802,0.1686808138,2e-05,10.4804366271,0.6455270541,0.1090249935,0.5120770152,89222,0.4981815483,0.1671297617,1.1768583059,1772716905.2253933,9.7560005124,0.0688986746,5e-06,13.5602350489,0.049595627,16.6606148593,0.4886618752,15.1088748789,193.0,0.1854876363,78.3984520435,10.0703257847,-14.9278322411,10.3885075823,10.5508483378,0.3190277866,-0.0226182294,6779.443576,-0.07235219,0.4843257639,0.0641796875,80,0.4333308959,0.5217612894,0.0,0,0.551332752,13.5880244382,14.9363959249,0.0024392362,0.4328589435,0.0629654616,0.9923324466,0,0.0626166725,0.9578212007,0.480886743,-0.0730675469,0.0471993819,0.3721528855,0.0033077717,0.9579774503
0.1859443998,0.9903129311,12.8312611198,0.5548796631,2e-05,10.1310577011,0.6458043563,0.1099151644,0.432317489,89222,0.4975491955,0.5560344064,1.1768583059,1772716905.226221,9.8170453803,0.0677034455,5e-06,13.3078074137,0.0495906038,15.9843521372,0.4967014882,12.8834174728,193.0,0.1852926625,65.2007653713,10.1397887293,-14.1075283051,10.4498039373,10.6123673884,0.321206606,-0.0212361385,6779.4442492,-0.0736760576,0.4916622583,0.0613932292,81,0.4749085009,0.5226251731,0.0,0,0.370754285,13.3306939061,14.1160532506,0.0023307292,0.4747041996,0.0780793729,0.990386767,0,0.0772023821,0.9594271032,0.4894598574,-0.0749003751,0.0456760673,0.3712041962,0.0022441117,0.9590842211
0.1878236111,0.9899539701,12.205106767,0.6683284134,2e-05,9.8972772725,0.6439713271,0.1123268216,0.4344701608,89222,0.506417795,0.6690605021,1.1768583059,1772716905.227393,9.9094514338,0.0682357783,5e-06,12.9357245954,0.0495855805,14.9807660166,0.4449025743,11.2981020117,193.0,0.1879224114,65.5464146137,10.0101400185,-13.1264533679,10.5758050092,10.7502885437,0.3401302186,-0.0219158597,6779.4455949,-0.065461574,0.4487294386,0.07,82,0.4307349666,0.518629779,0.0,0,0.3605238818,12.9456413396,13.13459198,0.0024696181,0.4291622365,0.0783173584,0.9897884138,0,0.079058965,0.9581814444,0.4566870783,-0.0637600816,0.0473936455,0.390537948,0.00237662,0.9581684252
0.1725981406,0.9857740263,11.9954621506,0.6900830464,2e-05,9.4699310239,0.6455172654,0.1009463262,0.4392209784,89222,0.4938630575,0.6897917553,1.1768583059,1772716905.2282398,10.1134628201,0.0629451398,5e-06,12.4589335823,0.0495805572,14.4186738014,0.3786130455,11.9630915689,193.0,0.1729893959,66.2517814636,9.7194517517,-12.810786864,10.144180158,10.2846117401,0.3257378553,-0.0238122195,6779.4462491,-0.0628749261,0.4490693633,0.0577864583,83,0.4071582158,0.5242778182,0.0,0,0.4202094229,12.4855359014,12.8170161311,0.0024262153,0.4073505344,0.096146539,0.9859119507,0,0.0950134626,0.9641146028,0.4442729324,-0.0635242127,0.0468408957,0.3706963542,0.0023406013,0.9642534904
0.1867923394,0.9814486913,12.2123352242,0.6782801926,2e-05,9.7587455177,0.6464223683,0.1073555684,0.4328732284,89222,0.4974893775,0.6794493135,1.1768583059,1772716905.2288942,10.0524914742,0.0675437991,5e-06,12.7030854607,0.049575534,14.5098437182,0.3678117718,8.3523821338,193.0,0.1866800066,65.3064005375,9.8219202614,-12.9763193448,10.430659167,10.5933767446,0.322942717,-0.0233748228,6779.4472498,-0.0673759322,0.4703265657,0.0579166667,84,0.4250430481,0.5231183525,0.0,0,0.3456486704,12.7075644811,12.9824524816,0.0024218751,0.4233635871,0.1127497761,0.981871105,0,0.1114339235,0.9595659892,0.4683288021,-0.0689490504,0.0472829436,0.3709124102,0.0024124781,0.959492207
0.176085525,0.9779743477,11.5621243286,0.6210244358,2e-05,9.8872967211,0.6439054191,0.1071411386,0.4335890595,89222,0.502374051,0.6212268086,1.1768583059,1772716905.2298949,9.8111360041,0.0634902674,5e-06,12.0583700562,0.0495705107,13.6911244329,0.3654551368,7.929415911,193.0,0.174923927,65.3983886242,9.7625151634,-12.390140082,10.28237662,10.4339303907,0.3405685851,-0.0226107031,6779.4477514,-0.0876845478,0.5367568437,0.0577083333,85,0.4671676824,0.5219671086,0.0,0,0.3467748146,12.0704822286,12.3957114538,0.0025954862,0.4665709754,0.1279802897,0.9785204748,0,0.1261787934,0.9630425549,0.5277005706,-0.0906466533,0.0492623954,0.3867703273,0.0022565762,0.9628125211
0.1895328624,0.9777029836,11.9199313227,0.6599021596,2e-05,9.6820286942,0.6463294029,0.1055408626,0.4346382062,89222,0.498562244,0.6608098481,1.1768583059,1772716905.2303967,10.0075460911,0.0655668943,5e-06,12.2586682574,0.0495654874,12.9391926066,0.3197062263,6.9683348171,193.0,0.1896681874,65.5985817909,9.7218666204,-12.2753411229,10.3509312407,10.5062187608,0.3255512245,-0.0254487844,6779.4482493,-0.090077574,0.5335979066,0.0589453125,86,0.4371882208,0.5221850312,0.0,0,0.32715196,12.2598216057,12.2805014292,0.0025477431,0.4357901826,0.1300961335,0.9779303861,0,0.1285679723,0.9574349149,0.5285282646,-0.0913862128,0.0485656095,0.3758501376,0.0023252296,0.9573567899
0.1879374998,0.971880844,11.4799847031,0.5923207863,2e-05,9.4536375268,0.6460530682,0.1037281225,0.4434944948,89222,0.498481045,0.5930451413,1.1768583059,1772716905.2308946,9.7487626712,0.0639807556,5e-06,11.9803786627,0.0495604642,12.6010748418,0.3049044963,7.4099102688,193.0,0.1878630014,66.8715381622,9.548239193,-11.9080995433,10.2357759094,10.3827087911,0.3275824755,-0.0236550839,6779.4491934,-0.1121529716,0.5801135292,0.0601953125,87,0.4838404584,0.5216785024,0.0,0,0.3569029805,11.9791548824,11.9133018303,0.0024479167,0.4840248245,0.1501310333,0.9718086624,0,0.150810247,0.9584852616,0.5799067382,-0.1119742243,0.0471691163,0.3764389545,0.002242314,0.9584548795
0.20263098,0.9647777728,11.2417370097,0.5741720798,2e-05,9.356369079,0.6451307527,0.1091001027,0.4421078904,89222,0.5013100739,0.5751956461,1.1768583059,1772716905.2318387,9.7116477998,0.067447376,5e-06,12.0692775599,0.0495554409,12.4741186142,0.3148506577,7.5709925103,193.0,0.2017192991,66.7096011639,9.325121088,-11.5811851056,10.4283490562,10.5935133235,0.324587683,-0.021992145,6779.4500127,-0.1323612939,0.6157059479,0.0549869792,88,0.4858949538,0.5219339397,0.0,0,0.396320332,12.0527849897,11.5863615863,0.0024262154,0.4856198353,0.1691905667,0.9645951339,0,0.1695380166,0.9527083544,0.6195822092,-0.1307612763,0.047193894,0.3761303264,0.0024661732,0.9523611299
0.1871022721,0.9671708349,11.0404358037,0.615871137,2e-05,9.1158659299,0.6469766188,0.1050203497,0.4502979549,89222,0.4985126378,0.6171925636,1.1768583059,1772716905.232658,9.5434819476,0.0640138042,5e-06,11.7075132751,0.0495504176,12.2549363454,0.2530343404,7.2649022619,193.0,0.1876928214,67.9501376152,9.1377897962,-11.3679028956,10.1609749158,10.312041982,0.3251128558,-0.0230571304,6779.4505188,-0.1180106873,0.587834939,0.0540885417,89,0.4603463846,0.5243434129,0.0,0,0.3685899536,11.6985647074,11.3729453723,0.0025868056,0.4598944376,0.1623283498,0.9675525741,0,0.1616322732,0.9584722412,0.5876335496,-0.1186849679,0.0490761709,0.3711352857,0.0025594552,0.9587673819
0.1910122371,0.9619647074,11.1842790699,0.585664526,2e-05,9.5604386139,0.647483017,0.11107316,0.4409087531,89222,0.4992796469,0.5859881204,1.1768583059,1772717682.2161684,9.6607713413,0.066768414,5e-06,11.7041499742,0.0495453944,12.009413592,0.2762526638,7.302772793,193.0,0.1913718512,66.5187239647,9.580139815,-11.6108667247,10.4876006381,10.6566176414,0.3289540021,-0.0235440851,7556.4048863,-0.1368873711,0.6299831174,0.0625,90,0.4798509037,0.5214970408,0.0,0,0.3109375312,11.6809541639,11.61524779,0.0024262153,0.48061969,0.1793204448,0.9623915923,0,0.1767443412,0.9569835265,0.6254557242,-0.1378378932,0.0477888827,0.3758379257,0.0024424521,0.9571050557
0.1886336216,0.955878605,10.1510659981,0.5506433147,2e-05,9.0728989442,0.6456976036,0.1088403444,0.4420765702,89222,0.5006568293,0.5511511632,1.1768583059,1772717682.2171683,9.6064297835,0.0651522873,5e-06,11.3816025225,0.0495403711,11.9007701302,0.2962680055,9.8463614225,193.0,0.1870791175,66.6885659695,9.0353355122,-10.849890461,10.4070202891,10.5695235189,0.3289887253,-0.0235775411,7556.4058863,-0.15674246,0.6582219072,0.0580338542,91,0.4954985219,0.5225487244,0.0,0,0.2930102809,11.3557670148,10.8545524184,0.0022309028,0.4953061587,0.1919385889,0.9556542603,0,0.193325048,0.9590017565,0.6600937835,-0.1564499784,0.0447255017,0.375438993,0.0023854001,0.9584939452
0.2080628332,0.9611557039,10.7535231113,0.5430710012,2e-05,9.1211663755,0.645085065,0.1142072331,0.4442536736,89222,0.5032437821,0.5442886196,1.1768583059,1772717682.2176685,8.9292597771,0.0697246357,5e-06,11.7428935909,0.0495353478,12.0645522499,0.295373644,9.3793310173,193.0,0.2081782338,67.0269739628,8.6199174277,-11.2349285571,10.5166190306,10.6979403369,0.3207378569,-0.0217594162,7556.4063863,-0.1365790372,0.6313713163,0.06875,92,0.4938513144,0.5200188847,0.0,0,0.3365540455,11.7052050241,11.2399671268,0.0026345487,0.4928261342,0.1771962822,0.9615741332,0,0.17619884,0.9503689448,0.6285107527,-0.1381444961,0.0499709867,0.3760958393,0.0025160408,0.9504297066
0.1890369728,0.9477231276,9.482558492,0.489602556,2e-05,9.292752161,0.6355786419,0.1024862728,0.6429655361,105523,0.5144583352,0.4909674164,-0.1583938996,1772717682.2186687,9.1627763176,0.0578189849,5e-06,10.085234623,0.0495303246,10.3661210823,0.178533569,5.705013297,193.0,0.1888830579,98.0764923096,9.1151230558,-9.9623704433,10.1862961992,10.3374984423,0.4134244899,-0.0167735766,7556.4073861,-0.1895663088,0.7220887258,0.0538671875,93,0.5172758152,0.5101940167,0.0,0,0.3278266496,10.067798214,9.9665746148,0.0030555556,0.5165367997,0.2101878568,0.94818175,0,0.2094408234,0.9585894299,0.7195439841,-0.1923238389,0.0534584049,0.4535335229,0.0037128464,0.9586588752
0.1747999153,0.9376269408,8.6932804426,0.4508427371,2e-05,8.8390585868,0.6287418389,0.0954691695,0.4387778711,105523,0.5213350614,0.4528408911,-0.8260200024,1772717682.2191684,8.9095130189,0.0518154896,5e-06,9.3027670606,0.0495253013,9.710789423,0.1991263385,5.4929236627,193.0,0.1750634995,66.1884787083,8.8326606178,-9.1322376156,9.8857473596,10.0110155423,0.4590928956,-0.0121914134,7556.4078871,-0.2248141186,0.7729996387,0.0460286458,94,0.5288844879,0.5059422495,0.0,0,0.3432476505,9.2972563203,9.1361876329,0.0031380209,0.5277676048,0.2343633128,0.9381584716,0,0.232605756,0.9640060961,0.7670384161,-0.2264202473,0.0546405219,0.496048635,0.0023517768,0.9640017573
0.1793592981,0.9270309444,8.7040413284,0.4070858485,2e-05,8.9551895873,0.6261084902,0.0989642666,0.4416182884,105523,0.5197938091,0.4107351601,-0.8260200024,1772717682.2196696,9.0281215477,0.0522005572,5e-06,9.2222857062,0.049520278,9.8462476921,0.1877835033,5.3339623324,193.0,0.1792174872,66.6260316372,8.7060373179,-8.9920029863,9.9142603906,10.0482201354,0.4677908113,-0.010516076,7556.4088861,-0.2503248771,0.7938332148,0.0469661458,95,0.5361993508,0.5059768023,0.0,0,0.3262548871,9.2104091072,8.9950175667,0.0032725695,0.534832596,0.2541176491,0.927318147,0,0.2535840867,0.9618967195,0.792570045,-0.2515919283,0.0559875296,0.502730873,0.0024217383,0.9617361331
0.1784430613,0.9226070797,8.9958300209,0.4420728797,2e-05,9.0086934249,0.6322850712,0.0955959527,0.4390530777,105523,0.5187823252,0.4451544084,-0.8260200024,1772717682.2206683,9.1219901594,0.0535042806,5e-06,9.3798735936,0.0495152548,9.7359988499,0.1893069802,5.4955259275,193.0,0.177966298,66.243667841,8.7997260094,-9.2505937258,9.9005449549,10.0272592799,0.4439062633,-0.0133295243,7556.4093863,-0.2476005568,0.7871900892,0.0477604167,96,0.5333797137,0.5085749922,0.0,0,0.3035629367,9.3646776867,9.2536597888,0.0029166668,0.5307469197,0.2642509077,0.9237830794,0,0.2618743528,0.9626823115,0.7798926135,-0.2518758077,0.0522613082,0.4787704567,0.0023876603,0.9625651252
0.1884065099,0.9116465004,8.2380698713,0.3374655834,2e-05,8.5033395735,0.6302406275,0.0980200043,0.4411163902,105523,0.5180923271,0.3385485577,-0.8260200024,1772717682.2211688,8.8419187355,0.0528618338,5e-06,9.1198035399,0.0495102315,9.4850391006,0.2244531415,8.4800706371,193.0,0.1874549443,66.5423181057,8.4740165393,-8.7238986556,9.9578421688,10.0927515252,0.453871541,-0.0113975615,7556.4103864,-0.2852089652,0.8209294399,0.0483333333,97,0.5526634353,0.5095064873,0.0,0,0.3043247854,9.097329944,8.7262025261,0.0029166667,0.5525449012,0.2810457182,0.9116401728,0,0.2814708935,0.9597699853,0.8231163851,-0.2846284869,0.0523557457,0.4874565152,0.0024056609,0.9593055785
0.2130900842,0.9000997706,8.7897786522,0.3258552395,2e-05,9.1022793102,0.6327437675,0.1016028651,0.4379190652,105523,0.5217605231,0.3260391702,-0.8260200024,1772717682.222169,9.080685393,0.0553596293,5e-06,9.3823970064,0.0495052082,9.4367860031,0.2705829718,8.5230479932,193.0,0.2130122197,66.0594608784,8.9312356091,-9.1660059516,10.1058323606,10.2469815032,0.4399392479,-0.0127348503,7556.4108864,-0.3033800899,0.8332965436,0.0453776042,98,0.555863779,0.5083663628,0.0,0,0.3018658119,9.3549837017,9.1688864899,0.0031250001,0.5560773373,0.3024203566,0.9005941041,0,0.3027823781,0.9488411657,0.8281381893,-0.3068617823,0.0541257532,0.4818123039,0.0023872137,0.9487977624
0.2676193011,0.9066608286,8.6100915241,0.2271238468,2e-05,8.9515765921,0.6275851115,0.1011712559,0.4370422316,105523,0.519095886,0.2283302413,-0.8260200024,1772717682.222669,9.0127024682,0.0556916391,5e-06,9.2839285056,0.049500185,9.7031437238,0.2362392922,8.9839613809,193.0,0.2677421758,65.957406044,8.859867185,-9.2057815107,10.2164111137,10.364890124,0.4524826525,-0.0136124588,7556.4118864,-0.2892573422,0.8190167542,0.0557552083,99,0.542580626,0.5060262686,0.0004992485,0,0.3155022117,9.251467514,9.2082669926,0.0030859376,0.5413776326,0.2905465213,0.9074316629,0,0.2889429259,0.9170052258,0.8136572289,-0.2906928817,0.0540174762,0.4926200155,0.0023129431,0.9170703324
0.4377578147,0.8882667482,8.5470438862,0.1696612825,2e-05,9.0025003815,0.6281825856,0.0991542959,0.4315469058,105523,0.5241211561,0.169059099,-0.8260200024,1772718451.5454025,8.7613611984,0.0546692655,5e-06,9.082923104,0.0494951617,9.1976533667,0.2275652365,9.0624549762,193.0,0.4383996801,65.1177937984,8.8021375211,-8.9000555706,10.0476851908,10.1874537086,0.45323352,-0.0130433339,8325.7057188,-0.325437891,0.8456697973,0.0558333333,100,0.5193300207,0.5061703831,0.0,0,0.3043404913,9.0506605689,8.9027086862,0.0030381945,0.5200102552,0.318477938,0.8887637889,0,0.3186703881,0.7211892557,0.8446452896,-0.3275258453,0.0537147657,0.4931425701,0.0024633455,0.7224001956
0.4915851442,0.8784241915,8.5325705465,0.1870614937,2e-05,8.9601680279,0.6297259915,0.1028325927,0.4348513508,105523,0.5208707587,0.187006829,-0.8260200024,1772718451.546351,8.9246955999,0.0563416175,5e-06,9.195708224,0.0494901384,9.4112946733,0.2662308311,10.8276784102,193.0,0.4917314766,65.608066082,8.8216457717,-8.902536068,10.31875652,10.4679682287,0.4507465392,-0.0135782075,8325.7062758,-0.34334361,0.855389636,0.05375,101,0.4943825603,0.5062320356,0.0,0,0.3263837278,9.1595892747,8.9045742607,0.0031423612,0.4949274413,0.3329007208,0.8787960259,0,0.3320454347,0.5624826562,0.854202232,-0.3430153759,0.0545223056,0.488683241,0.0024489005,0.5638758858
0.4955456601,0.8670803881,8.1318813705,0.1443843959,2e-05,8.5532525317,0.6311511509,0.0961511179,0.4400948397,105523,0.5195528275,0.1423994602,-0.8260200024,1772718451.546908,9.038363533,0.0531394629,5e-06,8.8505586243,0.0494851152,9.4599362342,0.3047416613,13.1900211851,193.0,0.4956934506,66.3832287788,8.5807931773,-8.696405646,9.8392166265,9.9679409949,0.4502864701,-0.0140634698,8325.7069362,-0.364622001,0.8688584038,0.04125,102,0.5027152997,0.5068792258,0.0,0,0.333395805,8.8195359548,8.6981797473,0.0030468751,0.5025078211,0.3489635746,0.8675689479,0,0.3483787196,0.5235633846,0.8685890063,-0.3651960817,0.0534879903,0.4855731225,0.002301863,0.5254383844
0.495757069,0.8445080705,8.4480358283,0.2257374712,2e-05,9.1764472262,0.6266066615,0.0970396931,0.4362220017,105523,0.5202355003,0.2281206144,-0.8260200024,1772718451.5475683,9.3684367752,0.0529305638,5e-06,8.6854088275,0.0494800919,9.2918185902,0.2573666288,9.4627461418,193.0,0.4957449059,65.8070046902,9.1056955719,-8.9071813234,9.9058415095,10.0370434189,0.4623003588,-0.0140146505,8325.7077776,-0.4106677437,0.8939319925,0.0401953125,103,0.5080480134,0.5054761354,0.0,0,0.3144025188,8.6496994241,8.908919309,0.0031032987,0.5076401895,0.3732510906,0.8444466698,0,0.3738385602,0.4855816112,0.8953823908,-0.4109107937,0.0542135986,0.4994489882,0.0023970763,0.4868099097
0.4947816201,0.8397584033,7.8467111365,0.0706533046,2e-05,8.5344346333,0.6301962682,0.098115035,0.4368287722,105523,0.5176258161,0.0713690262,-0.8260200024,1772718451.5484097,8.9107369041,0.0538835512,5e-06,8.6975120767,0.0494750686,9.1510791492,0.2324483653,9.9371972513,193.0,0.4946544657,65.9061102867,8.5171536001,-8.3551966095,9.8842604001,10.0219226583,0.4498133802,-0.0133460168,8325.7084424,-0.4112447704,0.8907811673,0.0466666667,104,0.5089807,0.5092490395,0.0,0,0.3242240454,8.6600218042,8.3559354273,0.0031423612,0.5085451766,0.3799389756,0.8393513501,0,0.380993222,0.459939248,0.8860369841,-0.4121668814,0.0546580396,0.4859705716,0.0023957809,0.4623654636
0.4947142712,0.8427092715,7.9004609489,0.0381679029,2e-05,8.4240810521,0.6291379416,0.1004217127,0.4368212938,105523,0.5227379463,0.0401780214,-0.8260200024,1772718451.5490744,8.9812512684,0.0542319385,5e-06,8.6074095662,0.0494700454,8.9874803956,0.2916038581,13.5027471344,193.0,0.4944216855,65.9009180069,8.4973808352,-8.3378150368,9.9030241648,10.0446283881,0.4555034852,-0.0143344431,8325.7089425,-0.3961108138,0.8833333274,0.05578125,105,0.5189783096,0.5059173405,0.0,0,0.3196581047,8.5683605862,8.3393561141,0.0033810765,0.5186580656,0.3750158527,0.8443615413,0,0.3723294814,0.4594140772,0.8783298357,-0.4002456131,0.0566027924,0.4932737303,0.0023907677,0.4619314367
0.4862460089,0.8320862726,7.8849118042,-0.0526540653,2e-05,8.1895417945,0.6119866836,0.0937083526,0.4825064373,120895,0.5187110911,-0.052842869,1.0113131205,1772718451.5495746,8.6054101213,0.0499708687,5e-06,8.6318062178,0.0494650221,9.0685405509,0.3235083656,11.7104257266,294.0,0.4860119696,73.7486898899,8.2003734907,-8.3739998531,9.655832955,9.7728810024,0.5037760566,0.0547307361,8325.7097904,-0.41505009,0.879635723,0.0409114583,106,0.5162354865,0.5286839344,0.0,0,0.3837537892,8.6127511056,8.3752973175,0.0032204862,0.5165909781,0.3874999758,0.8329981351,0,0.387165716,0.4149262259,0.8781962641,-0.4178214125,0.0551714022,0.5402913451,0.003023812,0.416974839
0.1538336506,0.8829219095,8.408353049,-0.1082421742,2e-05,7.7184539191,0.5787865206,0.0835281455,0.5430611753,120895,0.5036770912,-0.1087572473,4.6859793663,1772718451.5504224,7.6691192754,0.0401951271,5e-06,8.7433126322,0.0494599988,9.3159700362,0.3493495235,14.9991865587,496.0,0.1547461372,82.0730423927,7.0939604092,-8.8040290515,8.8345893669,8.9005712763,0.6052734566,0.2018658688,8325.7104425,-0.3185044928,0.8030659564,0.0329166667,107,0.4881065593,0.5792307043,0.0,0,0.3617911899,8.7844095866,8.8059400845,0.0029557293,0.4860853352,0.3192628378,0.8837709471,0,0.3170144365,0.0358506956,0.8037341571,-0.3194773349,0.0525546877,0.6306747478,0.0039305655,0.0355902788
0.1250754296,0.8728559244,8.3771646595,0.216222007,2e-05,7.7368682607,0.5743304054,0.0925291151,0.4391812134,120895,0.5040125618,0.2184985377,4.6859793663,1772718451.5510747,7.6959658559,0.0431279989,5e-06,8.7864568774,0.0494549756,9.0811387889,0.3958062153,17.9404164886,496.0,0.1253682571,66.2637584209,7.0398621909,-8.605109574,9.2102587954,9.3045130761,0.6109288392,0.2045352655,8325.7109426,-0.3182637688,0.797093244,0.0448567708,108,0.531393531,0.5764428107,0.0,0,0.3257803775,8.8112822596,8.6070416419,0.0029383681,0.5325238238,0.345656596,0.872082452,0,0.3472098436,0.0189713547,0.7916303011,-0.318516731,0.0528149166,0.6383719689,0.0024089384,0.0190538199
0.1081762371,0.8586603649,7.6670709864,0.2975799188,2e-05,7.3060617193,0.5808774638,0.0814510729,0.4417829132,120895,0.5019631418,0.3001414381,4.6859793663,1772718451.5515747,7.482930781,0.0397469616,5e-06,8.365882206,0.0494499523,8.8777894211,0.4379622364,17.3411430852,496.0,0.1062352337,66.6275367737,6.8192352931,-8.1569942443,8.6218209012,8.6887323634,0.6040929025,0.2009956732,8325.7114422,-0.3368070958,0.8043058085,0.0317057292,109,0.5635623765,0.5793826044,0.0,0,0.3404411533,8.3972812017,8.1581154569,0.0031467015,0.5623475643,0.3650259544,0.8599753515,0,0.363584941,0.0141449657,0.7938493284,-0.3419818426,0.0548960191,0.626381135,0.002294275,0.0144227434
0.1111880471,0.8258229562,7.3997601191,0.2843422095,2e-05,7.0868709787,0.5762010674,0.0834338006,0.438878142,120895,0.4995382454,0.2884233541,4.6859793663,1772719213.1086195,7.4398665301,0.0400876767,5e-06,8.1674940459,0.049444929,8.3019601091,0.4880755098,15.6826336749,496.0,0.1107181524,66.2062518597,6.5721762625,-7.5409045728,8.5438755353,8.6182899698,0.6134158186,0.2010126336,9087.2399276,-0.3821401684,0.822770716,0.0308203125,110,0.5409848938,0.5782429413,0.0,0,0.3411857605,8.1933960501,7.5419386864,0.0030034723,0.5397632698,0.4048119154,0.8277059531,0,0.4030990527,0.0154513893,0.8127873198,-0.3869692356,0.0531408017,0.6341517121,0.0023626518,0.0155512158
0.1236617568,0.8159894566,7.4647801685,-0.2065976645,2e-05,7.1021075694,0.577356028,0.0846734133,0.4444382906,120895,0.5036637819,-0.2077011336,4.6859793663,1772719213.109619,7.5447046121,0.0405725024,5e-06,8.078870252,0.0494399058,8.4160975202,0.3430500339,11.90678219,496.0,0.1237181634,67.0625617504,6.6754828358,-7.640769488,8.6112465858,8.6938712279,0.6094835248,0.202411138,9087.2409285,-0.3924563543,0.8211843689,0.04,111,0.5111645619,0.5779904071,0.0,0,0.3161144197,8.0962624645,7.641981039,0.0030121529,0.5106352301,0.4122022297,0.818652004,0,0.4088531508,0.0185026047,0.8129143536,-0.3985342938,0.0531096099,0.6332147241,0.002528669,0.0185590283
0.147118376,0.7941015625,7.3292392317,-0.3351491144,2e-05,7.1370405865,0.5761326681,0.0791677091,0.4444897286,120895,0.4956470199,-0.3333169193,4.6859793663,1772719213.110119,7.3054637877,0.0375020608,5e-06,7.6516871961,0.0494348825,8.126268247,0.4234005837,15.7416334263,496.0,0.1481556317,67.0360352993,6.5583299319,-7.5101227347,8.0859799703,8.1496309884,0.6214626934,0.2064345668,9087.2414377,-0.4249529743,0.8083456612,0.0263671875,112,0.5503426427,0.5811469964,0.0,0,0.3262846475,7.6742984295,7.5097204971,0.0029123265,0.5508843927,0.4323944118,0.7945268428,0,0.4326933414,0.0257118062,0.8137992767,-0.4252103911,0.0525692878,0.6388788263,0.0023069747,0.0257465285
0.3679577762,0.7898276174,7.668398819,-0.4610105211,2e-05,7.4978558381,0.5807620174,0.0883123264,0.4426997884,120895,0.506844934,-0.4593952294,4.6859793663,1772719213.111134,7.3803214963,0.042102969,5e-06,7.9552809461,0.0494298592,8.1796179485,0.3375821708,14.2510873636,496.0,0.3700763003,66.8382308483,6.7306177553,-7.7447817739,8.5094686254,8.60600763,0.5996701568,0.2113425019,9087.2424448,-0.416717269,0.7918553472,0.0391666667,113,0.5786709398,0.5818066498,0.0,0,0.3375977313,7.9629007117,7.7453824266,0.0028038195,0.579809948,0.4372541314,0.7907254088,0,0.4375837743,0.1939539983,0.7935472922,-0.4192401508,0.0512996005,0.6273389512,0.0024005206,0.1912109423
0.4910721678,0.7277743109,7.1210534668,-0.4569232535,2e-05,6.9534501934,0.5793523665,0.0880281823,0.4463875882,120895,0.5032977096,-0.4584537433,4.6859793663,1772719213.1116354,7.1482153575,0.041522056,5e-06,7.6838564491,0.049424836,7.6145315266,0.2824146303,13.1531100384,496.0,0.491146247,67.3420031071,6.4666014194,-7.189398276,8.5213432312,8.623231945,0.6066059222,0.1947095602,9087.2429436,-0.4979203131,0.7885593987,0.0395833333,114,0.592530702,0.5760777001,0.0,0,0.3553572117,7.6863154634,7.1888290056,0.0029861112,0.5916120279,0.4804772053,0.7290659316,0,0.4802138209,0.4568793547,0.789354109,-0.4996455814,0.0528302151,0.6307459605,0.0024422995,0.4549218881
0.4897909433,0.7224557006,6.966762139,-0.4779956792,2e-05,7.0987406953,0.5732560597,0.0850647176,0.4426495488,120895,0.5031439126,-0.4800265869,4.6859793663,1772719213.1121345,7.3477857335,0.0403313316,5e-06,7.4076744938,0.0494198127,7.5905274773,0.2642004711,10.6690836763,496.0,0.4895144292,66.7754275799,6.3971134345,-7.1465692457,8.2778971672,8.3739760621,0.613346375,0.2016832017,9087.2438085,-0.5584311891,0.86525943,0.0371744792,115,0.5980447292,0.5770557702,0.0,0,0.282751379,7.4076977825,7.1461246268,0.0029817709,0.5962203415,0.4840168657,0.7240590394,0,0.4832537609,0.5444661611,0.8614127604,-0.5627364431,0.053242006,0.6397866988,0.0023729118,0.5424218921
0.3386692373,0.7192713507,6.6895766862,-0.5032642293,2e-05,6.5856136735,0.5733169311,0.0868860393,0.4431460047,120895,0.4993611574,-0.5040428919,4.6859793663,1772719213.1129994,6.9490514469,0.040536255,5e-06,7.2623985513,0.0494147894,7.4113906034,0.3031450493,9.9083039888,496.0,0.3380935913,66.8518767357,6.1179384073,-6.913648138,8.2617757416,8.3697502263,0.6185764094,0.205331888,9087.2444435,-0.5566340925,0.8721876673,0.0339322917,116,0.5997323962,0.5762374234,0.0,0,0.3508187085,7.2561439133,6.9126049232,0.0030642362,0.5992905565,0.4872828807,0.7192522677,0,0.4880055279,0.8632725898,0.873095024,-0.5575104626,0.0541542263,0.6414929446,0.0023962339,0.8624956775
0.3172430335,0.7070686448,6.3327025159,-0.5079907658,2e-05,6.4731616656,0.5720760111,0.0796266671,0.4445897166,120895,0.4983169866,-0.5080082995,4.6859793663,1772719213.1136343,6.6897338708,0.038015607,5e-06,6.7874147097,0.0494097662,6.8673765564,0.3615886391,11.5280930932,496.0,0.3167796432,67.0665066242,5.9715015189,-6.4669327927,7.7957133897,7.8803288968,0.6194661643,0.2038660355,9087.2451178,-0.5423101427,0.8314849234,0.0324348958,117,0.6014255484,0.5772397065,0.0,0,0.3637075772,6.7830628745,6.4660838668,0.0030034723,0.6013373578,0.4960094039,0.7081896957,0,0.4957828313,0.8810807486,0.8255441058,-0.5454818261,0.0531300103,0.6424994208,0.0024368858,0.8807378682
0.2973764973,0.7306391056,6.6046715275,-0.5122173854,2e-05,6.7662410673,0.5748451789,0.0837830965,0.4545766703,120895,0.5014385142,-0.5132134744,4.6859793663,1772719213.1148148,6.839001503,0.0395941869,5e-06,6.803684686,0.0494047429,7.057357626,0.3937089138,12.285706377,496.0,0.2972352029,68.5518131256,5.9748581251,-6.6674292183,7.9124495602,8.012302831,0.6157118237,0.2069854451,9087.2461238,-0.4867865392,0.7705318443,0.04125,118,0.6070751965,0.5784192967,0.0,0,0.3317475944,6.7914861965,6.6670547231,0.0030338543,0.6058114211,0.4776910281,0.7318060589,0,0.4766957005,0.8970486295,0.771435285,-0.4880489175,0.053376461,0.6400070033,0.0023519437,0.8969444629
0.3071932303,0.7311594009,6.0854995505,-0.5708728613,2e-05,6.3338670603,0.5816038696,0.0788513698,0.4836250369,120895,0.5012617898,-0.5717810645,4.6859793663,1772719213.1158164,6.4539880308,0.0390479729,5e-06,6.5351818736,0.0493997196,6.5905290413,0.4893862207,12.7256728665,496.0,0.3061024084,72.9750599861,5.6127251148,-6.2756008689,7.452715505,7.5444540532,0.6025173789,0.1931638052,9087.2471235,-0.4790156249,0.7600728524,0.0258333333,119,0.5752706373,0.5784454016,0.0,0,0.44953794,6.5189079666,6.2754422442,0.0028559029,0.5755192475,0.4803310635,0.7317787329,0,0.4788970031,0.8892404703,0.7623632761,-0.4790468218,0.0520981108,0.6250903942,0.0024576124,0.8883941162
0.3359249691,0.8243813344,6.9794028632,-0.6774057217,2e-05,5.9266596286,0.5000273939,0.077930314,0.6338759867,141341,0.4691041873,-0.6785113788,12.6352319717,1772719959.9915457,6.0814582189,0.0326461298,5e-06,6.9715712992,0.0493946964,7.2385103798,0.4143967462,12.9418672911,259.0,0.3354917515,96.7974529266,5.250988245,-7.0381213156,6.9045899709,6.960731678,0.6987456783,0.3226163254,9834.0953467,-0.3171807711,0.673883659,0.0244921875,120,0.5095356389,0.5595786774,0.0,0,0.4326067854,7.025865469,7.039585495,0.0028038195,0.5077968989,0.4033071133,0.8249553223,0,0.4038386794,0.8670833552,0.669863926,-0.3195705996,0.0509640793,0.7512332729,0.0032251533,0.8665408186
0.3017735584,0.8251412602,6.5082480876,-0.6951198943,2e-05,5.4916637834,0.5006623177,0.07841199,0.5022036966,141341,0.4660698738,-0.6979479547,12.6352319717,1772719959.9925456,5.8931149801,0.0334886243,5e-06,6.8530121867,0.0493896731,7.1314223957,0.5302871332,14.0856708177,259.0,0.2997555726,75.7214384079,5.0256127262,-6.7754105981,6.6950919215,6.7456435998,0.6975868237,0.3209860268,9834.0958467,-0.3181265853,0.6630757495,0.0216666667,121,0.5025314095,0.5601895952,0.0,0,0.3423563683,6.8972788652,6.7756350485,0.002638889,0.4987434932,0.4025476464,0.8238903999,0,0.4047619104,0.896306444,0.668162842,-0.3176212217,0.049448257,0.748242683,0.0024655644,0.8948698119
0.2866307531,0.8405255727,6.7934404373,-0.7175308017,2e-05,5.6349261983,0.4945176101,0.0779173687,0.4624073426,141341,0.4686686007,-0.7196590904,12.6352319717,1772719959.9930456,5.8338244947,0.033075111,5e-06,6.6043909359,0.0493846498,6.9472634347,0.4035455519,12.1531979656,259.0,0.2859681173,69.7598364353,4.8618561935,-6.8218506018,6.4671908538,6.5227815056,0.7014236317,0.3214913017,9834.0969773,-0.2852953513,0.6439321357,0.0220833333,122,0.4808042234,0.558239489,0.0,0,0.3331799717,6.6431886164,6.8233114751,0.0028385417,0.4779484198,0.3822595178,0.8420643202,0,0.3805148194,0.9052126948,0.639761885,-0.2881486818,0.0518755358,0.7553242993,0.0025448434,0.904583354
0.3486607089,0.8260134796,5.9983908987,-0.7001938295,2e-05,5.4057668559,0.4995149916,0.0792717906,0.3823819065,141341,0.4653638514,-0.7011841722,12.6352319717,1772719959.9946823,5.5352250385,0.0327312536,5e-06,6.3605279382,0.0493796266,6.3652234077,0.5831401967,13.8754900996,259.0,0.3475632675,57.5680718422,4.6301723512,-6.1156365299,6.3942262459,6.4519074535,0.7020963732,0.3148751099,9834.0979832,-0.3130123963,0.6677411203,0.0224739583,123,0.4904063267,0.5588717735,0.0,0,0.5583274134,6.3964196936,6.1170686499,0.0028559029,0.488830026,0.4016047376,0.8262947607,0,0.402439749,0.8532031453,0.6654681997,-0.3147185234,0.0517777089,0.7515302749,0.00132171,0.8521875191
0.3125929863,0.8991743024,6.2447996807,-0.7543757319,2e-05,5.6965031211,0.5078048398,0.080524045,0.4134511503,141341,0.4711379568,-0.7541530863,12.6352319717,1772719959.995182,5.4316313267,0.034674561,5e-06,6.2360309092,0.0493746033,6.2411175092,0.6193530979,11.574863135,259.0,0.3121369573,62.2417602539,4.6296505674,-6.1992930826,6.1905705484,6.250342207,0.6900738033,0.3094750559,9834.0988136,-0.2103935709,0.6429536313,0.0191666667,124,0.4157987523,0.5606366185,0.0,0,0.4405402739,6.2593962892,6.201331555,0.0027864584,0.4158105373,0.3071752486,0.9006651783,0,0.3038286356,0.8859071402,0.635084633,-0.2131033053,0.0509392077,0.7406678144,0.0014237452,0.8856554027
0.2859367412,0.9037414916,5.7095809333,0.0201922555,2e-05,5.1521744982,0.5029907773,0.0811604222,0.4301425616,141341,0.4645154272,0.0191615298,12.6352319717,1772719959.9960124,5.1311502139,0.0331007422,5e-06,5.8406879997,0.04936958,5.7896090635,0.5597579242,10.979795138,259.0,0.2843053449,64.7616150379,4.3919154294,-5.712615881,5.7501874065,5.7984601339,0.7013151244,0.313461263,9834.0994829,-0.2214888945,0.6787338459,0.0291666667,125,0.5950906338,0.5596407612,0.0,0,0.4832958668,5.8596654129,5.7142480564,0.0027300348,0.594458034,0.3046111572,0.9055874884,0,0.3008339119,0.9059635603,0.6765833372,-0.2245855183,0.0506584315,0.7474456958,0.0014913845,0.9049349153
0.2518161991,0.884413716,5.1231524944,0.6005433546,2e-05,4.7134968154,0.500077099,0.0812627138,0.4235893901,141341,0.4633584402,0.6021818334,12.6352319717,1772719959.9966817,4.8096977107,0.0336615199,5e-06,5.5309407759,0.0493645568,5.3408506155,0.5712784423,10.580169541,259.0,0.250829335,63.8282456398,4.1756292613,-5.2605990299,5.3582771619,5.394986105,0.706046025,0.3235219363,9834.1001284,-0.2545552971,0.6830261473,0.02,126,0.598877883,0.5578744102,0.0,0,0.6270893934,5.5399840307,5.2625300042,0.0027517362,0.5978574572,0.3382341874,0.884228942,0,0.3389647,0.9281640816,0.6821574928,-0.2551589864,0.0507158646,0.7529861414,0.0016916943,0.9275868261
0.2195999601,0.9140523585,5.5317861764,0.6950118558,2e-05,4.834208444,0.504102325,0.0772437562,0.4154856126,141341,0.4693765825,0.6977209512,12.6352319717,1772719959.9973273,4.5759195455,0.0329046332,5e-06,5.1919780238,0.0493595335,5.1197418753,0.5226288807,9.3048924748,259.0,0.2200103391,62.5535092354,4.0303210163,-5.3652087975,4.9846150239,5.006442248,0.6988585281,0.3160303998,9834.1006338,-0.2143271276,0.6615069228,0.0219140625,127,0.5264200828,0.5586130933,0.0,0,0.5412693607,5.1862585656,5.3682849916,0.0026215279,0.5246528689,0.2895625229,0.9144463634,0,0.2884404288,0.9442838748,0.6577842925,-0.2153736036,0.0497270381,0.7473195529,0.0014475377,0.944366339
0.2196114628,0.9181097901,5.1505921046,0.7322259649,2e-05,4.6391491413,0.5074071608,0.0762370821,0.43227115,141341,0.4703551469,0.7333737238,12.6352319717,1772719959.9978328,4.4047211488,0.0326922624,5e-06,5.1012927119,0.0493545102,5.2009749444,0.5008420541,11.0697115103,259.0,0.2200311453,65.0783007145,4.0866865015,-5.2698875618,4.7083526866,4.706957825,0.6927647758,0.3195387315,9834.1014199,-0.1971374094,0.6336558165,0.0208333333,128,0.4930478173,0.562160159,0.0,0,0.5785605476,5.1008011564,5.2730161794,0.0027560765,0.4920377221,0.28201489,0.9191156642,0,0.2795186316,0.9444184224,0.6284978191,-0.199594262,0.0507540688,0.7416697594,0.0014639552,0.9442708516
0.2111542206,0.9270117946,4.9668710279,0.7669434635,2e-05,4.2625775862,0.5059296113,0.0785903896,0.4146061214,141341,0.4678209688,0.767524304,12.6352319717,1772719959.999125,4.1151664575,0.033681764,5e-06,4.8796186002,0.049349487,4.8416014417,0.4330537375,9.3965540202,259.0,0.211656126,62.4360015392,3.7636723677,-4.945942076,4.508918945,4.5137839651,0.6972960265,0.3145376238,9834.1024258,-0.1798042359,0.6191218587,0.025,129,0.4540091465,0.5611980077,0.0,0,0.4948728799,4.863791968,4.9485541042,0.002686632,0.4540927972,0.2675989173,0.9282106189,0,0.2652699383,0.9476345686,0.6125821904,-0.1829518176,0.0503697475,0.7442323244,0.0015269168,0.947782139
0.1989843338,0.9353623966,4.5571339496,0.8005027552,2e-05,3.6650422049,0.5058811883,0.0808422686,0.4305061722,141341,0.4679180332,0.8004667135,12.6352319717,1772720697.3487666,3.901505181,0.0337609133,5e-06,4.6438409392,0.0493444637,4.8221722476,0.4309100704,8.0430323792,259.0,0.1990356687,64.8346440792,3.3408442609,-4.738306284,4.2182663266,4.2237357696,0.698337694,0.3148949572,10571.4253936,-0.1622057053,0.5935950104,0.0245833333,130,0.4114350826,0.561763376,0.0,0,0.504547967,4.624653519,4.7414277013,0.0027083334,0.4117588226,0.2485763258,0.9353200483,0,0.2491440189,0.9534462015,0.5951604708,-0.1623289985,0.0504711826,0.7448942029,0.0016074562,0.9534462027
0.2086650957,0.9203700352,4.3355483834,0.77268574,2e-05,4.0313456678,0.5002358294,0.0815114688,0.4411223475,141341,0.4713586634,0.7734479495,12.6352319717,1772720697.349768,3.7159145196,0.0342232239,5e-06,4.4782471085,0.0493394404,4.7146441396,0.4136296175,9.2668820016,259.0,0.2083542125,66.399055481,3.4659651963,-4.5168730927,4.0238599491,4.042254893,0.6950087011,0.3188651446,10571.4258941,-0.1881041172,0.6213395353,0.0270833333,131,0.4502951566,0.5573568141,0.0,0,0.4223236586,4.4504932086,4.5196121009,0.0027300348,0.4500626975,0.2802097635,0.9209366079,0,0.2791768944,0.9498003689,0.6184992605,-0.1903579318,0.05037153,0.7491449857,0.001421922,0.9498264054
0.1878153628,0.9791328192,4.6078215551,0.9130023277,2e-05,3.5619731553,0.4964550539,0.0766412552,0.4497219181,141341,0.4680854748,0.9136207287,12.6352319717,1772720697.3502674,3.5649196529,0.0329852117,5e-06,4.2640761328,0.0493344172,4.6295928208,0.387655688,7.7466507165,259.0,0.1881043162,67.729319334,3.1015783167,-4.6014356136,3.8327536281,3.8461472988,0.6992578342,0.3237527003,10571.4263933,-0.0488358734,0.2992700792,0.0230338542,132,0.2262749551,0.5587151376,0.0,0,0.4158838031,4.2381735865,4.6055802472,0.0028298612,0.2248353369,0.1082301502,0.9795479647,0,0.1077841434,0.9583767565,0.2847610946,-0.0508238816,0.0515036171,0.7552293094,0.0017133792,0.9583029715
0.2001403602,0.9347344291,4.1160887829,0.7893842574,2e-05,3.6903726832,0.4836233723,0.0812543638,0.5441191912,159998,0.4698021847,0.7895042928,13.7054694494,1772720697.3507657,3.2958052015,0.0346816735,5e-06,4.1542510732,0.0493293939,4.1575345532,0.3591020132,7.6632803996,249.0,0.2004008322,83.2554597855,3.1122163471,-4.0890005859,3.6727253532,3.6944651047,0.6930382156,0.312208827,10571.4268918,-0.1674011767,0.6054056456,0.01875,133,0.428690449,0.5585110656,0.0,0,0.4693948773,4.1154484797,4.0918623734,0.0026649306,0.4295377582,0.2543884269,0.9356985072,0,0.2509821068,0.9535026244,0.6035322746,-0.1681987331,0.0500596477,0.7690565876,0.0019695505,0.9536415124
0.2016974814,0.9295718435,3.7756410551,0.7879584293,2e-05,3.1500026464,0.4845078812,0.0795817303,0.4837447898,159998,0.472500757,0.7889410345,14.2405881882,1772720697.3512676,3.0738460557,0.0341618624,5e-06,3.9264278571,0.0493243706,3.8804331891,0.3289112976,6.6872712604,244.0,0.2008521689,72.8963496685,2.7989792736,-3.7604722436,3.5178654242,3.5454139249,0.6841449849,0.3071457251,10571.4278937,-0.1780095977,0.611742388,0.0201302083,134,0.430130254,0.5601333233,0.0005009174,0,0.4529724687,3.884199365,3.7638913695,0.0028168404,0.4297395696,0.262174251,0.9296606692,0,0.2615032748,0.9536501944,0.6134101397,-0.1772758677,0.0518485828,0.768148423,0.0020805136,0.9531293603
0.2076537583,0.9317700648,3.7379140711,0.7859258684,2e-05,3.222501564,0.4897251993,0.0839188732,0.4721347094,159998,0.476592892,0.7865354844,14.2405881882,1772720697.3517678,2.9283265718,0.0368465678,5e-06,3.8185944287,0.0493193474,3.783124253,0.321068993,6.6067469867,244.0,0.2067859204,71.1021249294,2.7566688522,-3.7212812042,3.3506269344,3.4031484365,0.6758073111,0.306672771,10571.4283935,-0.1716487503,0.6020352226,0.0231510417,135,0.4279416255,0.5605042005,0.0,0,0.341799777,3.7548264535,3.7230634069,0.0025260417,0.4275709546,0.2554895882,0.9314725439,0,0.2562960557,0.9500347443,0.6000798955,-0.1715861055,0.0476498994,0.7624713012,0.0017625554,0.9497092219
0.3717309837,0.9279060574,3.4513986699,0.7418821307,2e-05,3.1946559811,0.4865679024,0.0834040058,0.415894502,159998,0.4747946014,0.7430584776,14.2405881882,1772720697.3522675,2.8448638169,0.0361119875,5e-06,3.6895425574,0.0493143241,3.8157481893,0.3213925308,6.1996417793,244.0,0.3713617634,62.6298799515,2.6979086669,-3.5703136031,3.2488337088,3.3051166757,0.681705751,0.3094817258,10571.4288938,-0.1830973704,0.6290323422,0.0254166667,136,0.4398787385,0.5594109337,0.0,0,0.4173587264,3.6293258746,3.5733052874,0.0028602431,0.4384987529,0.261386935,0.9289738945,0,0.2584716044,0.7093099113,0.6274940264,-0.1845145659,0.0519620466,0.7650619082,0.0015577634,0.706757829
0.4751710918,0.9449733949,3.9157900461,0.717145952,2e-05,3.2134785191,0.4811468925,0.0805687559,0.4210639874,159998,0.4702285683,0.7214802714,14.2405881882,1772720697.352768,2.6231758992,0.0340510341,5e-06,3.5128806051,0.0493093008,3.5155953487,0.2996137321,6.1642026424,244.0,0.4759135594,63.438523531,2.5679449701,-3.6629992342,3.1034821773,3.1542339865,0.6873481115,0.3169829954,10571.429393,-0.1571748755,0.6086197722,0.022421875,137,0.4086712019,0.557874372,0.0,0,0.3968249458,3.4574541553,3.665064853,0.002717014,0.4047898096,0.223568295,0.9450498231,0,0.2237422487,0.3686979269,0.6062415349,-0.1588628905,0.0501639516,0.7712219087,0.0017418543,0.365438377
0.4369791512,0.9439344255,3.5825876824,-0.1793271931,2e-05,2.690893062,0.4880902088,0.082254777,0.4233483299,159998,0.4791214327,-0.1747690629,14.2405881882,1772720697.3532672,2.4862922597,0.0367567694,5e-06,3.5039374828,0.0493042776,3.4027181053,0.2820563067,5.7307128255,244.0,0.4367130683,63.741109848,2.2488739514,-3.4179304997,2.9990042305,3.073105402,0.6715494994,0.3008101443,10571.4298924,-0.1860917147,0.6741409598,0.0205338542,138,0.5536395693,0.5595015156,0.0,0,0.4772380011,3.434270827,3.4208761072,0.0026953126,0.5528314732,0.2270844259,0.9443514168,0,0.2248852617,0.2689366392,0.6742645812,-0.1855899471,0.0497019382,0.7650735728,0.0014921172,0.2693663276
0.4091715866,0.8982290204,2.5510971387,-0.5480844231,2e-05,2.7911489367,0.487795127,0.0851682609,0.4121779267,159998,0.4766028559,-0.5461857293,14.2405881882,1772720697.3537664,2.3981810379,0.0366694443,5e-06,3.2863707813,0.0492992543,3.2262632704,0.2744111038,5.256471614,244.0,0.4084684946,62.0746719837,2.3350241327,-2.9027079773,2.8927089516,2.9770727857,0.6705729355,0.3040244146,10571.4303923,-0.2634688874,0.7496563784,0.0195833333,139,0.5425270218,0.5622522092,0.0,0,0.4793211731,3.2090380685,2.9047826703,0.0027430556,0.5429370932,0.311795789,0.8993606881,0,0.3094064728,0.2192361176,0.741454397,-0.2677334303,0.0500983281,0.7632566615,0.0014427074,0.2203515691
0.4007004593,0.9178854128,3.0947770007,-0.6796829883,2e-05,2.9294010305,0.4948502932,0.0807271346,0.4045206865,159998,0.4786313955,-0.6794700476,14.2405881882,1772721303.4720716,2.2323116,0.0365949155,5e-06,3.1164415868,0.049294231,2.948520112,0.2609688399,5.3400487041,244.0,0.3999770323,60.9100108147,2.2656821982,-3.0239141162,2.8408724435,2.9123016707,0.669756964,0.3019825684,11177.5270593,-0.2223723217,0.6915127158,0.0191666667,140,0.4792911001,0.5632661438,0.0,0,0.3587011554,3.0335040188,3.0252908738,0.0025954862,0.4786694549,0.274754082,0.9170157139,0,0.2771522619,0.2054557347,0.6948921933,-0.2206926343,0.0494323869,0.7581325714,0.0014958827,0.2064670194
0.4024920766,0.9350973117,2.9272576141,-0.7282850273,2e-05,2.3455875929,0.4872733851,0.0808953873,0.388469704,159998,0.4766369555,-0.7299122767,14.2405881882,1772721303.4725718,2.1142122149,0.0354327407,5e-06,2.9540964508,0.0492892078,2.889629782,0.2388574649,5.3289469552,244.0,0.4019926985,58.4686219692,1.8504338733,-2.7913827308,2.67446865,2.7526481525,0.6738107852,0.3058304496,11177.5278724,-0.188003612,0.6534577781,0.0183333333,141,0.4535536667,0.561459105,0.0,0,0.3908478807,2.8715605307,2.7934764083,0.0026822917,0.450295945,0.2476376981,0.9345532839,0,0.2481606795,0.2084244851,0.6582273032,-0.1858628367,0.0503533824,0.7645053001,0.0012174908,0.2091666732
0.4035302405,0.9505380046,3.0232736858,-0.7270047891,2e-05,2.3764227756,0.4797519705,0.0823764826,0.3850218153,159998,0.4717255884,-0.7282167729,14.2405881882,1772721303.4733849,1.9043674016,0.0347405605,5e-06,2.8695766068,0.0492841845,2.7354262384,0.2135452907,4.6821406492,244.0,0.4030257157,57.9511096478,1.8059226934,-2.8018553352,2.4923398256,2.5833220243,0.6806336997,0.3098974316,11177.528378,-0.1577165303,0.6212824186,0.0225,142,0.4484708077,0.5577018042,0.0,0,0.3318338297,2.7897445424,2.8035776726,0.0027517362,0.4471089524,0.2093590544,0.9504901183,0,0.2107121974,0.209926222,0.6222629607,-0.1587222935,0.0503293769,0.772196881,0.0012315067,0.2105772631
0.3564595589,0.9089857169,2.7927663032,-0.6164938247,2e-05,2.4156934865,0.4835562319,0.0839148233,0.3579894797,159998,0.4778964055,-0.6164299913,14.2405881882,1772721303.4738905,1.9323220754,0.0355351008,5e-06,2.8402285417,0.0492791612,2.7202586683,0.1946081371,4.3347751466,244.0,0.3559328936,53.9027519226,1.8659056322,-2.6893647242,2.4832692599,2.5891582076,0.6724783202,0.3037254721,11177.5288774,-0.2609290973,0.7536377259,0.024609375,143,0.5017131029,0.5602375265,0.0,0,0.2435472056,2.7541851171,2.6904000473,0.0028298612,0.5011920587,0.2874783518,0.9089748104,0,0.2876287851,0.1587413239,0.7532056467,-0.2604772674,0.0512494767,0.7688188918,0.0012819084,0.1593316019
0.1287226436,0.911557463,2.6438539616,-0.0982353733,2e-05,2.3017264827,0.4951063623,0.0779071449,0.3191577371,159998,0.4795675409,-0.097612387,14.2405881882,1772721303.47439,1.7870433768,0.0347966386,5e-06,2.750661993,0.049274138,2.64665447,0.1734351549,3.9573572691,244.0,0.1292657972,48.0658946037,1.7919893003,-2.5643958449,2.3673570069,2.4708071844,0.666861999,0.2994211165,11177.529378,-0.2918423837,0.828084619,0.0186848958,144,0.5636646835,0.5600312813,0.0,0,0.3001736586,2.6646607606,2.5657865953,0.002686632,0.563715445,0.2852111894,0.9113482515,0,0.2857860495,0.0277517369,0.8302543553,-0.2920927601,0.050275452,0.755027134,0.0011913284,0.0275260424
0.1432695411,0.9323598846,2.9361845541,0.6107555417,2e-05,2.0510565607,0.4932986041,0.0811532591,0.3191391548,159998,0.478771807,0.6104390893,14.2405881882,1772721303.4748905,1.7828010925,0.0350496031,5e-06,2.6999747833,0.0492691147,2.6531803163,0.1397186082,3.2727658951,244.0,0.144606777,48.0750956535,1.6508750661,-2.6640728362,2.2521727387,2.3682104564,0.6686588734,0.3043267375,11177.5298769,-0.2060745228,0.6979258827,0.0229166667,145,0.5201095563,0.5595382138,0.0,0,0.3015373138,2.6107764228,2.6662332948,0.0028385418,0.5197216278,0.2514225036,0.9323434015,0,0.2508145252,0.0277560772,0.6959439007,-0.2063942176,0.0517059581,0.7566995108,0.0012845675,0.0271050356
0.2927118693,0.9118960917,2.4660254836,0.574270981,2e-05,2.119275883,0.4836605233,0.0835792261,0.4032714828,176694,0.4699593683,0.5772540218,9.9111698071,1772721303.4758918,1.7288237063,0.0342766569,5e-06,2.6700194589,0.0492640914,2.5898704362,0.128198895,3.1318611972,225.6666666667,0.2957495366,61.3926107883,1.6581468447,-2.4271874253,2.2081751037,2.335608832,0.6848741529,0.3159442279,11177.5303791,-0.2464189263,0.738668685,0.0195833333,146,0.5370910356,0.5643580961,0.0,0,0.2592260746,2.5879421886,2.4283586343,0.0030512154,0.5357949038,0.2915171359,0.912616866,0,0.2895047767,0.1021310795,0.7361712448,-0.2474544785,0.0537949978,0.7657589146,0.001363314,0.0996441002
0.3849132625,0.9208302637,2.4759223898,0.6546903551,2e-05,1.9243793925,0.4588496999,0.0790784551,0.3751574771,176694,0.4524721793,0.6577517319,1.252333045,1772721303.4763896,1.6958351278,0.0320944069,5e-06,2.4906683683,0.0492590682,2.4870721571,0.1281266089,2.8204452713,189.0,0.3911331282,57.0055303574,1.5561162798,-2.3806433821,2.0442679509,2.1873493171,0.7246354357,0.3453674666,11177.5308769,-0.2207751253,0.7122476884,0.019296875,147,0.5065501555,0.5638508503,0.0,0,0.2759994652,2.4172890631,2.3815334558,0.0034722223,0.5038333311,0.2765325749,0.9225496535,0,0.2722430927,0.1928732692,0.70623743,-0.2240434427,0.057101099,0.7887618542,0.0048058701,0.1850434075
0.3677781275,0.9116728906,2.4808766309,0.6876136013,2e-05,2.1646367216,0.4664529602,0.0716005615,0.345375754,176694,0.4506957148,0.6906956291,1.252333045,1772721303.4768927,1.5896028948,0.0296241033,5e-06,2.4467005603,0.0492540449,2.3613103453,0.1378758652,3.1518361962,189.0,0.3743266025,52.0252995491,1.6247706517,-2.3475946641,2.0428017457,2.1701887639,0.7233333532,0.339528948,11177.5317191,-0.2292777776,0.711120948,0.0170833333,148,0.4802305963,0.5689802376,0.0,0,0.2890399307,2.3865319228,2.3484303077,0.0037196182,0.478056104,0.2929240231,0.9139823707,0,0.2876669215,0.1741623313,0.6987231368,-0.2351579027,0.059523131,0.781712536,0.0013659461,0.1668446229
0.3678902111,0.9180237154,2.1577447915,0.7340344965,2e-05,1.8664847239,0.4657237909,0.0764401317,0.3789053647,176694,0.4537549335,0.7365360133,1.252333045,1772721303.477232,1.5684975362,0.0305806024,5e-06,2.3702155828,0.0492490216,2.3656286867,0.1524249129,3.231418124,189.0,0.3741873455,57.036924839,1.3921452995,-2.1481521932,1.9867258588,2.1283751146,0.7225998453,0.344568361,11177.5317191,-0.2142931671,0.6857738634,0.0191666667,149,0.4525109482,0.5692715124,0.0,0,0.3520036798,2.3017723926,2.1498957594,0.0036935765,0.4514079571,0.2836230815,0.9180860937,0,0.2845541678,0.1718229216,0.6861652509,-0.2159543598,0.0594799268,0.782793535,0.0012773085,0.164743928
0.3288088801,0.9242803323,2.47787069,0.7585674767,2e-05,2.0183896947,0.4624047595,0.0780980926,0.3739916627,176694,0.4506517818,0.7606707084,1.252333045,1772721927.4133663,1.4571967304,0.0316800027,5e-06,2.3437894893,0.0492439984,2.2415226777,0.1480930636,3.053810722,189.0,0.3349162784,56.315823555,1.451470658,-2.2415007925,1.9594037676,2.1094254438,0.727773457,0.348157661,11801.446081,-0.1924345465,0.6551125785,0.015,150,0.4267725011,0.5673139433,0.0,0,0.3290528056,2.2679777582,2.2434099785,0.0036328126,0.4252353625,0.2712514271,0.9255040729,0,0.2681648842,0.1332118094,0.6492344056,-0.1956166661,0.058584818,0.7871506806,0.0013668712,0.1277864622
0.3613283853,0.9128879241,2.1765881681,0.7014150643,2e-05,1.7367455339,0.4710184461,0.0803050245,0.3699535084,176694,0.4578305767,0.7037895779,1.252333045,1772721927.4138682,1.5174765774,0.0326428364,5e-06,2.2962643337,0.0492389751,2.2336128529,0.1525896249,3.0364556805,189.0,0.3675465378,55.7164709568,1.2972766062,-2.0671681547,1.8920560022,2.0596877948,0.7152647746,0.336523445,11801.4465869,-0.2285290182,0.7137202748,0.0200651042,151,0.4604523291,0.5699356755,0.0,0,0.3588445746,2.2123373413,2.0684845869,0.0035460071,0.4588595613,0.2910496024,0.9140822442,0,0.2890046104,0.1660329911,0.7118198021,-0.2311951317,0.0580920427,0.7763457362,0.001406188,0.1592274343
0.4015644509,0.9046342893,2.2685882862,0.6508092384,2e-05,2.2302280045,0.4669894578,0.0728170042,0.3701211723,176694,0.4530644117,0.6559566802,1.252333045,1772721927.4148746,1.4574272891,0.0298653709,5e-06,2.2347799134,0.0492339518,2.0941274174,0.1480914523,3.1217230495,189.0,0.4080051547,55.7495133877,1.5951588062,-2.1103754751,1.9019249113,2.0543657478,0.7228472412,0.3519307883,11801.4475873,-0.2522982414,0.7597228551,0.0141666667,152,0.4870795812,0.5668313265,0.0,0,0.3294418614,2.1605268153,2.111548357,0.0034895834,0.4847375848,0.30206352,0.9076490474,0,0.2961353896,0.2171701448,0.7509135071,-0.2585008089,0.0574017687,0.7823911019,0.0014721203,0.2080251791
0.3878046636,0.9302499417,2.1428925633,0.7780527095,2e-05,2.2486925896,0.4675094066,0.0769355735,0.3929013268,176694,0.4507273338,0.7807161752,1.252333045,1772721927.4153745,1.5935148148,0.0304053265,5e-06,2.1878639134,0.0492289286,2.1876021783,0.1519801641,3.052101084,189.0,0.3935528124,59.1612112522,1.6249500366,-2.0698395562,1.995047857,2.1335806386,0.722322071,0.3462305534,11801.4484472,-0.1868690107,0.6526468164,0.0214322917,153,0.3858658576,0.5702617502,0.0,0,0.3471430666,2.1088942218,2.0708374198,0.0035156251,0.3843677638,0.2545014618,0.9292466191,0,0.2568150816,0.1979730958,0.6588478861,-0.1842363525,0.057880487,0.7807786592,0.0012561544,0.1905208389
0.1492035204,0.9107549949,1.7923660103,0.7420248365,2e-05,1.519597731,0.4602684803,0.0749509604,0.3714503352,176694,0.4440901494,0.745869207,1.252333045,1772721927.4162345,1.5285097229,0.0296608706,5e-06,2.0536478647,0.0492239053,2.0044291615,0.1488566651,3.0914365188,189.0,0.1515356953,55.9281766415,1.2655265923,-1.8487529898,1.8391983751,1.9867032814,0.7305034935,0.3492846541,11801.4490879,-0.220910851,0.6891286651,0.0170963542,154,0.4153893018,0.5674541652,0.0,0,0.3202745927,1.9729856324,1.8495112101,0.0034722223,0.4125477433,0.2932364499,0.9100939775,0,0.2952714008,0.032031251,0.6901534112,-0.2207277582,0.0576673759,0.789051036,0.0013207308,0.0308333342
0.1736694899,0.9109749957,2.0379026945,0.7468000476,2e-05,1.8742171693,0.4643280947,0.0758428217,0.3720453723,176694,0.4579409627,0.7475780257,1.252333045,1772721927.4168754,1.5112605766,0.0310488906,5e-06,2.0295907354,0.049218882,1.995098927,0.1358514921,2.938860236,189.0,0.1752762838,56.0231702328,1.476791091,-1.9816634766,1.8070254453,1.9680017185,0.7164843917,0.3425868268,11801.4498927,-0.2168160513,0.6905235104,0.0158333333,155,0.4094810611,0.5674918314,0.0,0,0.2516190336,1.940686241,1.9833777221,0.0036024307,0.4110925285,0.2939445499,0.9118829362,0,0.2919691638,0.0340581608,0.6858936922,-0.2188109294,0.0589009969,0.7843870342,0.0013956785,0.0334157996
0.4200604892,0.9233737067,1.8439278388,0.7354040933,2e-05,1.5365775633,0.4626836572,0.0717245965,0.404189717,176694,0.4525010598,0.7378416165,1.252333045,1772721927.41768,1.4224460757,0.0300409374,5e-06,1.9141593989,0.0492138588,1.9314897617,0.1168639464,2.498311849,189.0,0.4223554967,60.8618330956,1.2438305684,-1.8251085226,1.6701466489,1.8359046507,0.7244140816,0.3429974266,11801.4505856,-0.2073216512,0.7109377019,0.016171875,156,0.4095783369,0.5686167717,0.0,0,0.3379821794,1.826693116,1.8265726757,0.0037369793,0.4080450302,0.2664140574,0.925170416,0,0.2624676149,0.3253038297,0.7011680857,-0.2126294833,0.0597394874,0.7858286289,0.0014457671,0.3212977526
0.4338077903,0.908625083,1.8361069012,0.5174950617,2e-05,1.396714894,0.4609585649,0.0770000585,0.3708474827,176694,0.4543893834,0.5205541484,1.252333045,1772721927.418373,1.3798117216,0.030720154,5e-06,1.8915854812,0.0492088355,1.8584708452,0.1252213913,2.3284447165,189.0,0.4325134532,55.8251156807,1.1323101556,-1.7907568343,1.5864009901,1.7623546465,0.7215885595,0.3473004072,11801.4510864,-0.2620788231,0.790739402,0.0186067708,157,0.4932769861,0.5686456744,0.0,0,0.3449288783,1.7998543866,1.7919610016,0.0037282987,0.4931363666,0.2927472648,0.9098435998,0,0.2913412696,0.2624088616,0.7819057731,-0.2670127972,0.0598651093,0.788039937,0.0012499253,0.2649218829
0.4015431382,0.9073287443,1.8711855706,-0.0813959931,2e-05,1.5553173717,0.4641553863,0.0816247409,0.4033898958,176694,0.4563812447,-0.081696743,1.252333045,1772721927.4188738,1.317249821,0.0322148378,5e-06,1.8656673932,0.0492038122,1.85348979,0.1118768023,2.2761651262,189.0,0.4003635981,60.7381162643,1.2012598666,-1.7936864893,1.5447871971,1.7447774482,0.722079016,0.3342632383,11801.4515854,-0.305948017,0.8702838214,0.0204166667,158,0.6357063874,0.5681865732,0.0,0,0.3526644022,1.7650918635,1.7946152941,0.0036762154,0.6357242,0.2886482353,0.9082031866,0,0.2876276417,0.2090972282,0.8642506194,-0.3094220564,0.0588119461,0.7845256678,0.0014138842,0.2107118117
0.3952740208,0.9160931615,1.8163835009,-0.5281391094,2e-05,1.3430204674,0.4661682634,0.0726756085,0.3632308515,176694,0.4513547728,-0.5319277801,1.252333045,1772721927.4193728,1.2773170539,0.0299294611,5e-06,1.8248390992,0.049198789,1.8615653117,0.1104397122,2.3368868872,189.0,0.3941484173,54.6962103844,1.1330611924,-1.7967753832,1.4759747259,1.6481818994,0.7254991531,0.3461924147,11801.4520859,-0.2509171143,0.7701247974,0.0200520833,159,0.5730070202,0.5677035558,0.0,0,0.3621922175,1.7351416278,1.7982012415,0.0036675348,0.5709737571,0.2791165789,0.9177721564,0,0.2767809754,0.1994835125,0.7644235015,-0.2567523095,0.0590098803,0.7828506021,0.0011626832,0.2009895897
0.3202088145,0.9131361087,1.8233726287,-0.6405369129,2e-05,1.5027103603,0.439121683,0.0706008617,0.6354114517,192727,0.4458208402,-0.6451418451,14.1827306747,1772722576.1398952,1.2582512287,0.0289698303,5e-06,1.7847089187,0.0491937657,1.8389715664,0.082852656,1.8916400021,243.0,0.3193183472,97.0519225597,1.2041175373,-1.7727498754,1.4029213099,1.5817348154,0.7357074849,0.4063166826,12450.1497573,-0.2502185176,0.7444253341,0.0125,160,0.5424867713,0.5829444977,0.0,0,0.2898127084,1.6975531856,1.7730659167,0.0033203126,0.5400484977,0.2849308263,0.9132401955,0,0.2860554392,0.1334939274,0.7460062941,-0.2518886894,0.0563604468,0.8120461758,0.0033080117,0.134496532
0.0653432475,0.9076019466,1.6228430923,-0.6653041712,2e-05,1.434413751,0.4311137916,0.0728069885,0.3630235036,192727,0.4438478575,-0.670025986,14.1827306747,1772722576.140704,1.2893622009,0.0283276147,5e-06,1.7437588239,0.0491887424,1.8296334926,0.1022240728,2.4840752923,243.0,0.06520306,54.6431155205,1.1659953189,-1.6522342404,1.4105277439,1.5957140076,0.7368012341,0.4138013438,12450.1504482,-0.242565476,0.7192459452,0.0125,161,0.5244389377,0.5796135676,0.0,0,0.3417070871,1.6580008761,1.653205626,0.0033029515,0.521461947,0.2987080083,0.9080100203,0,0.2982012454,0.0072178822,0.7133417674,-0.2449403312,0.0558703006,0.8170457999,0.0011770471,0.0071614585
0.060986081,0.9098986431,1.7783847523,-0.7272185942,2e-05,1.6741452495,0.430436953,0.0685320628,0.3675697025,192727,0.4393177174,-0.7308021533,14.1827306747,1772722576.1413949,1.2974516821,0.0277961376,5e-06,1.7016771889,0.0491837192,1.7539617618,0.0994196254,2.6489360344,243.0,0.0636079134,55.3272233009,1.2918425087,-1.7049661716,1.4177720781,1.5980683394,0.7403429012,0.4120062153,12450.1509483,-0.228729958,0.6979394881,0.0108854167,162,0.4793889338,0.5809557798,0.0,0,0.4466634624,1.6167099492,1.7059811091,0.0034027779,0.4776550478,0.296442756,0.9110286291,0,0.2946415375,0.0065538196,0.6898279885,-0.2321696059,0.0569448893,0.8179650664,0.0012015676,0.006419271
0.0613025702,0.9155119912,1.7147292527,-0.7585768,2e-05,1.7061849829,0.4204829897,0.0696401773,0.3715823968,192727,0.4391886571,-0.7625581817,14.1827306747,1772722576.141895,1.3337423865,0.0269965946,5e-06,1.6993934671,0.0491786959,1.7509542712,0.1100278741,2.4991319366,243.0,0.0596445578,55.9343681335,1.3278021312,-1.6777748561,1.4793852218,1.650865008,0.7471180737,0.416941882,12450.1514488,-0.2085176024,0.6630406576,0.01625,163,0.4487341877,0.5787653943,0.0,0,0.4152754045,1.6177806457,1.6796809642,0.0033506945,0.4453424565,0.2884197471,0.9159557132,0,0.286720988,0.0059592016,0.656594824,-0.2107977254,0.0567020402,0.8251963758,0.0012031746,0.0059288196
0.2268584926,0.9250710873,1.5987771598,-0.7847284369,2e-05,1.440967925,0.4241724344,0.0674734188,0.3733266036,192727,0.4402595659,-0.7868877327,14.1827306747,1772722576.1423957,1.3240492217,0.0273074447,5e-06,1.6852405659,0.0491736726,1.7173425007,0.1045913599,2.5608824213,243.0,0.2309856049,56.2219965458,1.1799994628,-1.6016153812,1.5044157684,1.6688766658,0.7424696374,0.4161917732,12450.1519484,-0.1919714521,0.6454043603,0.0075,164,0.4266235332,0.5783751742,0.0,0,0.3424091412,1.6020584655,1.6027735241,0.0033203126,0.4243297054,0.270002552,0.9251037006,0,0.2710439827,0.0911024331,0.6451497346,-0.1930029505,0.0559029616,0.8232865191,0.0014199193,0.0897352458
0.305834936,0.9211374271,1.9043038559,-0.7733870677,2e-05,1.8020878267,0.4286246941,0.0710599654,0.3686374156,192727,0.4402129072,-0.7764295379,14.1827306747,1772722576.1428955,1.3559250836,0.0282168675,5e-06,1.6874745576,0.0491686494,1.737556506,0.1061106551,2.7667639895,243.0,0.3082328512,55.4940793514,1.3679859157,-1.7651051553,1.5010314405,1.6825897217,0.7437673827,0.4157321471,12450.1519484,-0.1974457746,0.6565155045,0.0166666667,165,0.432797509,0.5781107855,0.0,0,0.4355061667,1.5992668605,1.7665096561,0.0033506945,0.4304173249,0.2767753913,0.9222785942,0,0.274679285,0.1199609407,0.6504064031,-0.200945728,0.0566041654,0.8199349602,0.0012664064,0.118216149
0.2552928464,0.9321690003,1.6797140718,-0.809479512,2e-05,1.5135707943,0.4360937864,0.0665013378,0.3811906481,192727,0.4422275205,-0.8108342139,14.1827306747,1772722576.1433964,1.3299093608,0.0271163379,5e-06,1.6992412877,0.0491636261,1.7199228056,0.1122127197,2.5939152797,243.0,0.2587137954,57.4167246819,1.2004692201,-1.6620766266,1.4991978435,1.662375834,0.7372048799,0.4165086198,12450.1524495,-0.1740704384,0.6192993677,0.0125,166,0.3966792329,0.5807873658,0.0,0,0.3439747839,1.6173910666,1.6630777295,0.0033333334,0.396115042,0.2570126806,0.9327266419,0,0.2555686758,0.0740277799,0.6163980132,-0.1746433456,0.0559689305,0.8140382047,0.0013102007,0.0719314255
0.2715147654,0.9270433092,1.7267586088,-0.7899589558,2e-05,1.7131224728,0.434022205,0.0722550919,0.3665969308,192727,0.4399675902,-0.7919620272,14.1827306747,1772722576.1433964,1.4372267334,0.028418972,5e-06,1.6875525403,0.0491586028,1.7792225321,0.1124144631,2.7370551872,243.0,0.2736221872,55.1910538673,1.3806925515,-1.7077051465,1.5200815018,1.7024735506,0.745755227,0.4124353991,12450.1529483,-0.1882140667,0.6413791702,0.0133333333,167,0.4160820142,0.5799011608,0.0,0,0.393130009,1.5974738455,1.7095286067,0.0033246529,0.4147413504,0.2669251685,0.9271108973,0,0.2663991773,0.0840321205,0.6391690562,-0.1884609108,0.056495432,0.8146622372,0.0012699302,0.0824652803
0.2968265131,0.9245104857,1.5882312894,-0.7941428951,2e-05,1.4778187128,0.4391337123,0.0693623977,0.3686421633,192727,0.4439669176,-0.7961362819,14.1827306747,1772722576.1438954,1.3811032363,0.0280528642,5e-06,1.6692920486,0.0491535796,1.6830059147,0.1121976174,2.5797279112,243.0,0.2992784305,55.4964234829,1.2021846255,-1.5860416094,1.5032130961,1.6748121691,0.7349088748,0.4110864185,12450.1529483,-0.1920353901,0.6416135695,0.0141666667,168,0.4103658032,0.579363788,0.0,0,0.3200241671,1.5808209324,1.5873645639,0.0033463543,0.4083276488,0.2695675075,0.9238492262,0,0.2708217463,0.1019661488,0.6447687906,-0.1906263691,0.0562700402,0.8109220858,0.0012138271,0.1001345514
0.2452890859,0.9238585222,1.9989899158,-0.7924841897,2e-05,1.9367036398,0.439312953,0.0711752172,0.3669114526,192727,0.4461209029,-0.7948191841,14.1827306747,1772722576.1443954,1.4008784831,0.0293998933,5e-06,1.6963847287,0.0491485563,1.7053516134,0.1117000043,2.81494886,243.0,0.2483540112,55.2284777164,1.447577401,-1.7960717805,1.5617933591,1.7461169012,0.7321267545,0.4031333715,12450.1539483,-0.1902206569,0.6510766538,0.0133333333,169,0.4114883071,0.5833387766,0.0,0,0.3402841704,1.6008836055,1.7973834348,0.0033246529,0.4088658462,0.2729024903,0.9247842371,0,0.2712451482,0.0706119813,0.6441722484,-0.1934619731,0.0562232851,0.8118099113,0.0012450345,0.0689843773
0.2331134591,0.9334060446,1.80312591,-0.8161147964,2e-05,1.7393111436,0.4352678758,0.0711570633,0.365267334,192727,0.4452285425,-0.8192574108,14.1827306747,1772723211.3308783,1.364332089,0.028712542,5e-06,1.7057396523,0.049143533,1.6652194643,0.117548759,2.7552768111,243.0,0.2358112947,54.9960606098,1.3621953722,-1.7093209712,1.5677919384,1.7481734077,0.7375607852,0.4064012013,13085.317255,-0.1671751913,0.6110147214,0.0141666667,170,0.3838593268,0.5819492507,0.0,0,0.2752344208,1.6150106955,1.7105234218,0.0032508682,0.379669352,0.252858852,0.9333840017,0,0.2529179297,0.0607812516,0.6106862283,-0.1674882701,0.0557834898,0.813165617,0.001302948,0.0593880225
0.2709851071,0.9361165011,1.7557861622,-0.8038696873,2e-05,1.6304160158,0.4223439444,0.0745912616,0.3688750664,192727,0.4416946379,-0.805570238,14.1827306747,1772723211.3318822,1.3331614141,0.0287136466,5e-06,1.7153759225,0.0491385098,1.630263238,0.1162430295,2.9206454492,243.0,0.272979361,55.5292401314,1.2826253351,-1.65652548,1.5795360466,1.767001617,0.7453949881,0.418500104,13085.3182591,-0.165676089,0.6094821688,0.0158333333,171,0.3962538584,0.5806630599,0.0,0,0.2885857613,1.624691232,1.6586556808,0.0032942709,0.3954907614,0.2479653326,0.9363696714,0,0.2477155315,0.0830468774,0.6075657763,-0.1662973161,0.0558421975,0.8262374485,0.0012162685,0.081935766
0.1940574364,0.9330342368,1.7989802798,-0.7973220531,2e-05,1.7704899979,0.4366591068,0.0720388996,0.3681802924,192727,0.4467549539,-0.7979744867,14.1827306747,1772723211.3318822,1.3566548642,0.0289070237,5e-06,1.7225232299,0.0491334865,1.6506585566,0.1203400698,2.6567607474,243.0,0.1953645361,55.4184720516,1.3428524156,-1.674205118,1.5745888654,1.7594654314,0.7347830053,0.4161926182,13085.3187628,-0.1708246246,0.6189559478,0.0141666667,172,0.4019512085,0.5782819156,0.0,0,0.3586671346,1.6304916167,1.6767250228,0.003311632,0.4025500913,0.252497514,0.9331773778,0,0.2539338849,0.0460286473,0.6143103329,-0.1726591853,0.056433084,0.8134710654,0.0012060293,0.0454774317
0.2797663931,0.9307456394,1.7503273543,-0.7708537082,2e-05,1.803046449,0.4195867091,0.0692413828,0.5135735194,206848,0.4414672995,-0.7739828336,97.7073132197,1772723211.3323858,1.4477415252,0.0273385358,5e-06,1.679008677,0.0491284632,1.6824100089,0.1112963597,2.7049029183,1751.0,0.2823879822,77.9676368237,1.4263041989,-1.6872095617,1.5855051494,1.7625077005,0.7400911645,0.4205752742,13085.319263,-0.1871175844,0.6530564106,0.0095833333,173,0.4206881376,0.5742405228,0.0,0,0.2260950383,1.5930533028,1.6883124542,0.003311632,0.4179560381,0.2580925505,0.9306914004,0,0.2585885302,0.0901822941,0.6499717687,-0.1884725262,0.0560657032,0.8272780871,0.0020448335,0.0884592038
0.3025698536,0.919371953,1.7452941179,-0.7646398437,2e-05,1.705664471,0.4302637025,0.0709370393,0.3762494024,206848,0.4485179613,-0.7681938791,139.4696044922,1772723211.332886,1.4412876785,0.0288502061,5e-06,1.7126289256,0.04912344,1.6584552773,0.1183621145,2.9524880568,2505.0,0.3050781648,56.6288588047,1.384121563,-1.6726068068,1.6239922186,1.8103402996,0.7303429012,0.4105929116,13085.3197626,-0.2065552388,0.6842251996,0.0166666667,174,0.4252143234,0.5790532728,0.0,0,0.2386436854,1.620806969,1.6735588646,0.0034071181,0.4230975292,0.2782590864,0.920232832,0,0.2765095895,0.1072526073,0.675952282,-0.210251395,0.0567751161,0.8171546427,0.0011893257,0.1052647599
0.2638844272,0.9380650806,1.723143808,-0.7978167284,2e-05,1.6913553023,0.432601857,0.0752862316,0.3700786845,206848,0.4485328607,-0.8019441537,139.4696044922,1772723211.3333857,1.503666755,0.0301684847,5e-06,1.7405497456,0.0491184167,1.7830476912,0.1173191293,2.9461290789,2505.0,0.2661135677,55.699593544,1.4226840297,-1.7096399124,1.6492525609,1.848438321,0.7269488049,0.4074230625,13085.320263,-0.1691550358,0.633250158,0.0129166667,175,0.391118081,0.5799962016,0.0,0,0.3262230547,1.6415477355,1.7112305705,0.003185764,0.3870280357,0.241661722,0.9377868923,0,0.2423715821,0.0786024329,0.630077786,-0.1701223838,0.0549521591,0.8168719629,0.0011449385,0.0772005228
0.2713676598,0.927979002,1.5852235413,-0.7633564194,2e-05,1.5932807954,0.4391039073,0.0709306355,0.3828986883,206848,0.4515816943,-0.7665100567,139.4696044922,1772723211.3338861,1.4709134833,0.0290287059,5e-06,1.6944627126,0.0491133934,1.6841444778,0.1169965338,2.9984294732,2505.0,0.2725947746,57.6495466232,1.3503132331,-1.590907317,1.6243341072,1.8119756428,0.7216059216,0.4088044422,13085.3207624,-0.194866422,0.6777417894,0.0136979167,176,0.4166840794,0.5832092913,0.0,0,0.2890109159,1.6002688988,1.5922849902,0.0033637154,0.4146700245,0.2619310836,0.9291850245,0,0.2601378644,0.085399308,0.6737090941,-0.1970240318,0.0564904548,0.8113019204,0.0013527362,0.0845876759
0.2359387642,0.9348907093,1.7849663997,-0.7948294997,2e-05,1.7221856602,0.4353605385,0.0748238059,0.3721602122,206848,0.4485385108,-0.7964986372,139.4696044922,1772723211.3343856,1.4833201047,0.0288420863,5e-06,1.6613918368,0.0491083702,1.6179502996,0.1195522738,2.9695486037,2505.0,0.2386219794,56.0291235447,1.4240015435,-1.6916109316,1.5932649422,1.7880781873,0.7315755435,0.4127239645,13085.3212623,-0.1698531117,0.6284885838,0.0175,177,0.3896771507,0.5784699301,0.0,0,0.2709621526,1.5666490308,1.693416365,0.003233507,0.3881490265,0.2466200102,0.9353215539,0,0.2485414704,0.0634158004,0.6286294897,-0.171921486,0.0551171842,0.8148114828,0.001290582,0.0618272585
0.2779594216,0.8984375715,1.7865697074,-0.2387315916,2e-05,1.8276452661,0.4255125426,0.0783805571,0.3765811427,206848,0.4497759565,-0.2337103348,139.4696044922,1772723211.3348854,1.5354229192,0.0307856,5e-06,1.7275768089,0.0491033469,1.6870952185,0.1233869982,3.0585955731,2505.0,0.2802438822,56.680328846,1.4449260533,-1.6816924898,1.6794198755,1.8927966289,0.7289106119,0.412080607,13085.3217636,-0.2883232055,0.801789877,0.0166666667,178,0.5863654317,0.5788327618,0.0,0,0.3309666891,1.6260871124,1.6824833353,0.003606771,0.5846983393,0.3060650863,0.8985057644,0,0.3074547146,0.0903125029,0.7993089982,-0.2911408183,0.0584547648,0.8210234642,0.0012151829,0.0887413221
0.2970852251,0.9069732074,1.8521367979,0.6095934645,2e-05,1.7989092851,0.4308716587,0.0694284636,0.3768374968,206848,0.445176959,0.6154727528,139.4696044922,1772723211.335387,1.578608849,0.0284611847,5e-06,1.7162838197,0.0490983236,1.7793725578,0.1213743881,3.0866523846,2505.0,0.2984512248,56.7526724339,1.480578653,-1.7765520239,1.6562076231,1.8363087257,0.7282161641,0.4124546744,13085.3217636,-0.2781314951,0.8111258392,0.0133333333,179,0.5497386074,0.5779909142,0.0,0,0.4636604288,1.6251892082,1.776702052,0.0031770834,0.5481840491,0.2906652393,0.9091027065,0,0.2886888296,0.1021006974,0.7989817317,-0.287841096,0.054704314,0.8157241138,0.0012597593,0.1010156279
0.1843738797,0.9307227321,2.076983428,0.7382929941,2e-05,2.2360600011,0.4313844842,0.0737643541,0.3704883973,206848,0.4454458014,0.7416507542,139.4696044922,1772723883.6517494,1.5773920357,0.0293398966,5e-06,1.7582977875,0.0490933004,1.7727051385,0.1302669516,3.2711317253,2505.0,0.1839135642,55.8043484688,1.6243005188,-1.8626969544,1.7088986572,1.9037519892,0.7340885595,0.4157687941,13757.6147654,-0.2027615877,0.6983911089,0.0145833333,180,0.464517169,0.5798905925,0.0,0,0.3261751917,1.664120338,1.8636682216,0.0033072918,0.4636155617,0.2547112302,0.9322761945,0,0.2504196857,0.0395833344,0.6881916038,-0.2063765467,0.0558218212,0.8184637249,0.0014704418,0.0397265637
0.2591659272,0.9298698982,1.7847336841,0.7502199399,2e-05,1.8566941841,0.4316617537,0.0727804729,0.3721252553,206848,0.4530565995,0.7539599077,139.4696044922,1772723883.6522493,1.6629629683,0.0296363343,5e-06,1.7730713201,0.0490882771,1.797423993,0.1338480894,3.0971552547,2505.0,0.2601062347,56.0241727829,1.5312982694,-1.7512438997,1.74073632,1.9398896178,0.7242317911,0.4079960839,13757.6152656,-0.2076102308,0.7175237787,0.0195833333,181,0.4449826469,0.5792968702,0.0,0,0.4261019965,1.6778114541,1.7532574296,0.0032899306,0.4430116548,0.2549186326,0.9323192159,0,0.2497879116,0.0801085091,0.7090223328,-0.2131497159,0.0559680437,0.8177008033,0.001292483,0.0797309053
0.0930264529,0.946093601,1.6602413837,0.8016954549,2e-05,1.655838472,0.4344849932,0.0738506654,0.3991829586,206848,0.4569763794,0.8046506743,139.4696044922,1772723883.6527495,1.6794792859,0.0303062249,5e-06,1.785118409,0.0490832538,1.8636184128,0.1260166284,3.3153381499,2505.0,0.0936825358,60.0900542736,1.44160966,-1.6971428124,1.7424580503,1.9421469545,0.7180685977,0.4067935954,13757.6157656,-0.1598908288,0.6347565571,0.0220833333,182,0.3897657712,0.5828732618,0.0,0,0.2945944431,1.6863334095,1.6989761718,0.0033637154,0.3881836424,0.223098436,0.9469759377,0,0.2209801438,0.0106684031,0.6303954724,-0.1629646808,0.0565938837,0.8154724662,0.0013438956,0.0105772572
0.2278921906,0.9322832123,1.6201015925,0.793903805,2e-05,1.6050408856,0.4290766358,0.0679143136,0.3846578757,206848,0.4468263801,0.7962386167,139.4696044922,1772723883.6532495,1.5932822458,0.0281283283,5e-06,1.7245951859,0.0490782306,1.7399261196,0.1218516975,3.2889735953,2505.0,0.2264323802,57.9881675243,1.4217405947,-1.648804454,1.6851832755,1.8672125371,0.7298133862,0.4106329872,13757.6162656,-0.1937205567,0.6895421203,0.01375,183,0.4022723343,0.5814398305,0.0,0,0.3940032716,1.6347245463,1.6495231064,0.0033246529,0.4021385936,0.2511168021,0.9330333332,0,0.2498502629,0.0845659748,0.6811788859,-0.1973168073,0.0563581498,0.8190848537,0.0018331639,0.0860894125
0.0606067449,0.9643617523,1.750641644,0.8724261157,2e-05,1.6213148912,0.4339985822,0.0720463942,0.3701410341,206848,0.4471396242,0.8735111896,139.4696044922,1772723883.6537495,1.6001690098,0.0290297996,5e-06,1.7153716739,0.0490732073,1.8277754037,0.1251500406,3.4151200112,2505.0,0.0608213451,55.706243515,1.4169482732,-1.7753154635,1.6447725018,1.8360211325,0.7305121732,0.4099413548,13757.6167677,-0.1016790549,0.5192043255,0.0129166667,184,0.2997101977,0.5801756354,0.0,0,0.3959142474,1.6213614106,1.7773045897,0.0032899306,0.3000268157,0.1751482019,0.9652143308,0,0.1729632509,0.0067708335,0.5144879395,-0.1034416022,0.055844542,0.8157434022,0.001133736,0.0067968752
0.0561203702,0.9457342764,1.601391956,0.8224965254,2e-05,1.6273417314,0.4333595607,0.0718506895,0.4312865321,206848,0.4487426553,0.8262603203,139.4696044922,1772723883.6542518,1.5194906449,0.0301064892,5e-06,1.7264622871,0.049068184,1.7077535494,0.1123658553,3.3654464308,2505.0,0.0580526388,64.9478499889,1.3878108362,-1.6326889181,1.6281496255,1.8214330506,0.7259505403,0.405221501,13757.6172657,-0.1531955457,0.6213771564,0.0141666667,185,0.3704422845,0.582734884,0.0,0,0.2900278809,1.6269555958,1.6338799993,0.0032595487,0.3657942158,0.2246638439,0.9464719069,0,0.2245592392,0.0064800349,0.6171660608,-0.1562310117,0.0553003831,0.8151353331,0.0016089312,0.0064279516
0.0630211871,0.9348406295,1.5255127716,0.8075043654,2e-05,1.6023700317,0.434223632,0.0740507899,0.4788957119,223783,0.4556112868,0.809414988,97.7115205129,1772723883.6547496,1.5514073857,0.0306479826,5e-06,1.6949353385,0.0490631608,1.6735213319,0.1056556959,3.1219186656,1751.0,0.0638285256,73.1331737041,1.4523405759,-1.6169993099,1.6279853487,1.8287014723,0.7133724139,0.3967939556,13757.6177656,-0.1793975549,0.6561693627,0.0154166667,186,0.3802591588,0.5899437058,0.0004999638,0,0.293034636,1.5914543955,1.6184896294,0.0033506946,0.3806564854,0.2470364412,0.9356204756,0,0.245751361,0.0074435766,0.6544630418,-0.180938515,0.0563923277,0.8160922754,0.0019345951,0.0074088544
0.0727635844,0.9398007747,1.6294217817,0.8267201563,2e-05,1.6750735331,0.4243685735,0.0717614699,0.5197424301,223783,0.464005606,0.8297898165,14.1953525543,1772723883.6552496,1.695167439,0.0292896786,5e-06,1.6447844625,0.0490581375,1.7354281076,0.1017136491,3.0703425171,243.0,0.0724436163,78.2535681725,1.6262663372,-1.7606237038,1.6289522016,1.8181794858,0.6929253674,0.3684822834,13757.6182657,-0.1637860487,0.6439264699,0.0091666667,187,0.3596474691,0.6075144815,0.0,0,0.2274430253,1.5463949068,1.7614393743,0.0034505209,0.3565280281,0.2366597652,0.9420282821,0,0.2317196429,0.007309028,0.6330078248,-0.1701116852,0.0573165691,0.8228453732,0.0018674326,0.0073437502
0.236976938,0.9239980002,1.4663372517,0.8066007821,2e-05,1.4606794318,0.4242602544,0.0725788277,0.3759991789,223783,0.460821655,0.8107295803,14.1953525543,1772723883.6562498,1.6946418071,0.0297170079,5e-06,1.63063749,0.0490531142,1.7270695726,0.1101932417,3.2903761888,243.0,0.2347303151,56.5854053497,1.4905204177,-1.6271895329,1.6190081755,1.8189461716,0.6973220646,0.3742595674,13757.6187659,-0.2084936955,0.7056927059,0.0108333333,188,0.3837693294,0.6078108509,0.0,0,0.3693360199,1.5297927841,1.6274609256,0.0034375001,0.379852673,0.2658639756,0.9255280932,0,0.2624970659,0.1086935803,0.6988917559,-0.2123815741,0.0574680017,0.8235748176,0.0011665551,0.1114453157
0.0462691382,0.9447528696,1.6229212125,0.8490918533,2e-05,1.7770024578,0.4215272428,0.0728957565,0.3750643412,223783,0.4670354287,0.8514128987,14.1953525543,1772723883.6567495,1.65242414,0.0300985414,5e-06,1.6112836591,0.049048091,1.6922298265,0.1082319468,3.2460320111,243.0,0.0463498818,56.4456191063,1.6676563938,-1.7249086547,1.6029073703,1.805737292,0.6842317891,0.3552848827,13757.6192656,-0.1458612862,0.6070912679,0.0120833333,189,0.322708852,0.6059053989,0.0,0,0.3520756746,1.5078803396,1.7260763995,0.0034809029,0.3196926511,0.2247411094,0.9460131188,0,0.2214185526,0.0049869794,0.5960534348,-0.1493794861,0.0576545482,0.824642847,0.001166207,0.0049392362
0.0505052589,0.9527954606,1.7301320918,0.8740404793,2e-05,1.920223527,0.4239087868,0.0749531799,0.3710304054,223783,0.4643636483,0.8746161028,14.1953525543,1772724515.8689609,1.724774882,0.0302159566,5e-06,1.6679849903,0.0490430677,1.6955616689,0.1162506145,3.6280982502,243.0,0.0503658933,55.8549838066,1.7362030506,-1.7835961533,1.6858206741,1.8907698397,0.6888758904,0.3707389406,14389.8101021,-0.125752896,0.5701876378,0.0133203125,190,0.2914346754,0.605626986,0.0,0,0.4336172725,1.5650505114,1.7851638238,0.0034765626,0.2929232669,0.2074483467,0.9537599639,0,0.2052079931,0.0056770835,0.5691687103,-0.1269232177,0.0576198957,0.8218872738,0.0012491719,0.0057508682
0.0429559807,0.9599891249,1.6635684522,0.8967159633,2e-05,1.7068650484,0.4232348458,0.0685271804,0.4129433934,223783,0.4630131608,0.8981811297,14.1953525543,1772724515.8694608,1.6657825291,0.0297025143,5e-06,1.6890280636,0.0490380444,1.6684488146,0.1098343276,3.5083576473,243.0,0.04254448,62.1779162884,1.6229416505,-1.7118022776,1.7246328545,1.920094142,0.6924305753,0.3692306135,14389.8111427,-0.1031359865,0.524851228,0.0129166667,191,0.2621869838,0.6051565532,0.0,0,0.2102581803,1.5888125618,1.7129445434,0.0034461807,0.259533658,0.189144412,0.9609068239,0,0.1867106071,0.004513889,0.518887611,-0.1057019538,0.0576264846,0.823195016,0.0014958986,0.0044661459
0.0463997223,0.9606475015,1.7143073972,0.8848021785,2e-05,1.8215436506,0.4248589347,0.0730566129,0.3748809385,223783,0.4641220925,0.8858528785,14.1953525543,1772724515.8705013,1.7979016598,0.0300033228,5e-06,1.7197619772,0.0490330212,1.8235185854,0.1186216548,4.0100478713,243.0,0.0469523781,56.4376275539,1.7300015012,-1.8080332176,1.7572798284,1.9558594227,0.6879514086,0.3687323957,14389.8116471,-0.1101884276,0.5297591815,0.0133333333,192,0.2789155915,0.6052825248,0.0,0,0.3133919492,1.6191993014,1.8096090325,0.0033289932,0.2780920787,0.1882545152,0.9602253656,0,0.1895968052,0.005138889,0.5328141115,-0.1083391317,0.056494174,0.8218821855,0.0012930266,0.0051432294
0.0499487443,0.9589847445,1.5559182501,0.8835987647,2e-05,1.6662661386,0.4298576472,0.0768625142,0.3787116957,223783,0.4688984537,0.8850018644,14.1953525543,1772724515.8710058,1.7185584942,0.0315626168,5e-06,1.727682062,0.0490279979,1.7087804143,0.1235637372,3.8517469041,243.0,0.0479459827,57.0284678936,1.6060141667,-1.6800339548,1.7890608597,2.0003772569,0.6863585273,0.3652907977,14389.8116471,-0.1097783974,0.5428555906,0.0141666667,193,0.2824256915,0.6065994942,0.0,0,0.2617427988,1.618983829,1.6821385169,0.0032899306,0.2815366032,0.1927108475,0.9599342672,0,0.190902074,0.0050000001,0.5355169219,-0.1128649981,0.0558386443,0.817951508,0.0012343264,0.005060764
0.2213152926,0.9535168465,1.6648587958,0.8687982094,2e-05,1.8312718439,0.4251836723,0.0720810366,0.379779102,223783,0.464736472,0.8716351016,14.1953525543,1772724515.871506,1.7165946325,0.0294096843,5e-06,1.6744787482,0.0490229746,1.6688556012,0.1194408701,4.048432498,243.0,0.2182920322,57.1648750305,1.6646672686,-1.7051135612,1.7262582858,1.921275626,0.6932465502,0.369041729,14389.8126471,-0.1306403193,0.5849319895,0.01,194,0.2962498836,0.6056832842,0.0,0,0.2534352298,1.575105145,1.7066626589,0.0033593751,0.2928425566,0.2042233273,0.953289328,0,0.2066698024,0.0818706618,0.5841807042,-0.1327012365,0.0566630524,0.8232443126,0.0012399435,0.0842925368
0.0592102742,0.9613848237,1.7826723711,0.8865591804,2e-05,1.9354795146,0.4323950317,0.0727014768,0.3781368017,223783,0.4668820351,0.8871128945,14.1953525543,1772724515.872006,1.7066232673,0.0305673726,5e-06,1.7118517148,0.0490179514,1.6935380435,0.1194125211,3.8184904949,243.0,0.0555133244,56.9348471165,1.7225738064,-1.7713115287,1.7799803046,1.980827051,0.684123284,0.363669648,14389.8126471,-0.1032296633,0.5307645537,0.01375,195,0.2696545889,0.6094453422,0.0,0,0.3897233778,1.6081337194,1.7732470608,0.0034418404,0.2700895689,0.1862682539,0.9626997344,0,0.1830962759,0.0061111113,0.5209947644,-0.1074028386,0.057416717,0.8161874362,0.0013353968,0.0062326391
0.0464260787,0.9681499998,2.0479224602,0.8982567012,2e-05,2.4358253622,0.4204976594,0.0715671223,0.3793089676,223783,0.465098604,0.8998874791,14.1953525543,1772724515.8725061,1.7988308462,0.0297787042,5e-06,1.737097741,0.0490129281,1.7255517856,0.125549713,4.1710202257,243.0,0.04940018,57.085506916,1.9554889592,-1.9037127423,1.8445911511,2.04407197,0.6927170328,0.3738470557,14389.8136487,-0.0903452062,0.4911254801,0.0179166667,196,0.2543297259,0.6060830617,0.0,0,0.2573849697,1.6375857449,1.9058591708,0.0033333334,0.252167689,0.1649239725,0.9678295092,0,0.1678341964,0.0051215279,0.4926222416,-0.0901261589,0.0561400736,0.826680665,0.0012043603,0.0049913196
0.0458492355,0.9579391547,1.7154427234,0.8760448786,2e-05,1.9527184176,0.4286907883,0.0736686775,0.3800535552,223783,0.4636824248,0.8773940547,14.1953525543,1772724515.8730073,1.8823586543,0.02991263,5e-06,1.7736828653,0.0490079048,1.7611402019,0.126152788,4.6231381448,243.0,0.0470264025,57.2224657536,1.7936512478,-1.7395303043,1.9363534776,2.1353069512,0.6907812697,0.3554611294,14389.8141487,-0.119066694,0.5601920913,0.015,197,0.2887313447,0.6070645003,0.0,0,0.2974156806,1.674649334,1.7410167042,0.0034722223,0.2884452324,0.1948901137,0.9580346048,0,0.1950911379,0.0054470488,0.5613257917,-0.1192782911,0.0576235661,0.8195980771,0.0013595009,0.0053993057
0.0460578093,0.955030779,1.8123231109,0.8740577296,2e-05,2.1368940552,0.4239945618,0.071540884,0.3783599472,223783,0.4611099547,0.8746797812,14.1953525543,1772724515.8735073,1.839196322,0.0295319092,5e-06,1.7569105752,0.0490028816,1.6690769426,0.1292205493,4.8657128477,243.0,0.047952348,56.9554235935,1.8522350279,-1.7791636316,1.9352560743,2.1315473986,0.7004774507,0.3686437739,14389.8146493,-0.1183752124,0.5582091306,0.01375,198,0.288708166,0.6031252285,0.0,0,0.2685604257,1.6585088698,1.7812714942,0.0032725695,0.2897285601,0.2017934522,0.9563376705,0,0.1984674174,0.0055121529,0.5508300265,-0.1214536424,0.0557012377,0.8227409955,0.0012694693,0.0054253474
0.0509726481,0.9521810047,1.9961567728,0.8575072356,2e-05,2.3994427713,0.4285186199,0.0725936102,0.3910446437,223783,0.4639333544,0.8584458784,14.1953525543,1772724515.8740082,1.8232736945,0.0297910176,5e-06,1.8207584151,0.0489978583,1.6819062885,0.1376030324,4.6590774616,243.0,0.0507978702,58.8956778049,1.9302867428,-1.8441867709,2.0235601147,2.2193985979,0.6919010623,0.3668655452,14389.8151476,-0.1348980511,0.586267375,0.0120833333,199,0.3140123685,0.6056414076,0.0,0,0.1934781967,1.7239434886,1.8456156476,0.0035416668,0.3139599111,0.2097106921,0.9524494,0,0.2096934151,0.0056510418,0.5885677449,-0.1351141419,0.0580633312,0.8195590202,0.001366032,0.005716146
0.3087034844,0.9369857069,1.6606775888,0.830108424,2e-05,1.9722642795,0.4213477386,0.072845528,0.6095581373,238068,0.4711588597,0.8315101194,135.016494751,1772725195.4043899,1.9120472693,0.0310124315,5e-06,1.8479920657,0.048992835,1.7589520208,0.1207679261,5.0593420664,2759.0,0.3061471267,92.7240667343,1.8139740316,-1.736535008,2.0709506218,2.2669678283,0.6707422054,0.3441713233,15069.3220217,-0.1804016142,0.6764571887,0.0091666667,200,0.3425081158,0.6237345779,0.0,0,0.1649023226,1.745470039,1.7371128599,0.0036718751,0.3425120616,0.2382275373,0.9382645472,0,0.236000237,0.1608029565,0.6747923692,-0.1837398756,0.0591629645,0.8253372538,0.002992444,0.1635894146
0.0715112501,0.9356481429,1.734239943,0.8296382837,2e-05,2.0962412882,0.4198955351,0.0761677317,0.375055116,238068,0.4745292107,0.832438252,135.016494751,1772725195.4048922,1.9211225971,0.0327544319,5e-06,1.8406436507,0.0489878118,1.7087786921,0.1372199709,5.3520131095,2759.0,0.0725723892,56.4649832249,1.8802037708,-1.7383877905,2.0752284193,2.2849103665,0.6696962011,0.3487053575,15069.3225221,-0.1721644753,0.6511501463,0.015,201,0.3439540817,0.6192563315,0.0,0,0.2321683473,1.7271647008,1.7396656879,0.0030729167,0.3420679897,0.2458103377,0.9355957687,0,0.246978313,0.0087239586,0.6457627008,-0.1734227119,0.0540942429,0.8272180339,0.0013113356,0.0087282989
0.0424978958,0.9466752088,1.7902647237,0.8565514926,2e-05,2.2199438802,0.4314682299,0.0739003838,0.4062508392,238068,0.4720703455,0.8572495274,135.016494751,1772725195.4053926,1.910663147,0.0309211303,5e-06,1.8023080818,0.0489827885,1.72859272,0.1253781758,5.0282806706,2759.0,0.0428160156,61.2041370869,1.9348310113,-1.7862921846,2.0858494973,2.2807216628,0.6688368247,0.3460154825,15069.3230218,-0.1416387116,0.605987737,0.0129947917,202,0.3097050831,0.6203618439,0.0,0,0.2005075359,1.6978445144,1.7872587351,0.0034592015,0.3103876082,0.2234338346,0.9484158746,0,0.2183821882,0.0047656251,0.6011733991,-0.1443475579,0.0571463239,0.8161280938,0.0017299525,0.0047656251
0.0406546678,0.9446269286,2.0102221314,0.8476863138,2e-05,2.5384378266,0.4231811531,0.0762675678,0.374961764,238068,0.4773460885,0.8479393009,135.016494751,1772725195.4058924,2.0262337828,0.0309084236,5e-06,1.8345066603,0.0489777652,1.734371655,0.142179517,5.5725477457,2759.0,0.0387350768,56.4564516544,2.1387775429,-1.8945312142,2.1626641734,2.355379355,0.6591102656,0.3363707754,15069.323524,-0.1515926571,0.6149195117,0.0104166667,203,0.3218115662,0.6226658801,0.0,0,0.2413608235,1.7308970626,1.8955925012,0.0033029515,0.3226659123,0.2274602607,0.944946303,0,0.2269529958,0.004153646,0.6147966075,-0.1508609502,0.0557866118,0.8226391339,0.0013445218,0.0041623265
0.0464431765,0.9510409951,1.9916883405,0.8597110164,2e-05,2.459497238,0.4243246997,0.0745039519,0.4204770915,238068,0.4737020955,0.8621245158,135.016494751,1772725195.4063947,2.052481238,0.0302712666,5e-06,1.8771233328,0.048972742,1.7744213271,0.1354969522,5.3150850066,2759.0,0.0466103914,63.3166930676,2.156653715,-1.9470356146,2.2177762659,2.4040812103,0.6708203328,0.3464429956,15069.323524,-0.1309148982,0.5950460651,0.0141666667,204,0.303598352,0.6229996681,0.0,0,0.242897291,1.7777728192,1.9486038709,0.0032855904,0.3021085194,0.2124332785,0.9528409791,0,0.2058616148,0.005199653,0.5818759149,-0.1359479739,0.0554480535,0.8225991126,0.001544048,0.0051779516
0.0528226971,0.9486727647,1.9079579918,0.8480928051,2e-05,2.2925362674,0.4284786761,0.0786895771,0.3737102445,238068,0.4748259805,0.8497923656,135.016494751,1772725195.406893,2.1712692197,0.0319810603,5e-06,1.9216355022,0.0489677187,1.8559673977,0.152449205,5.8360793336,2759.0,0.0517471697,56.2638823986,2.0175108544,-1.8736820229,2.2474329297,2.4471074565,0.668090295,0.3493455289,15069.3240225,-0.1404230643,0.5938768828,0.0166666667,205,0.3142109188,0.6253191511,0.0,0,0.3187627589,1.815448269,1.8755606564,0.0035546876,0.3141771101,0.2177644044,0.9491318635,0,0.2161788444,0.006028646,0.5941971685,-0.1413082715,0.0580735942,0.8187627689,0.0013185692,0.0059157988
0.1187816646,0.9506798601,2.0611271922,0.8574333346,2e-05,2.6184909614,0.4269594952,0.0775084101,0.3726640495,238068,0.4737341996,0.8596252052,135.016494751,1772725195.407393,2.1790885035,0.0322084251,5e-06,1.9436753702,0.0489626954,1.8373580933,0.154370169,6.1468366591,2759.0,0.1188149019,56.1148836613,2.1842206804,-1.9471979674,2.3160728192,2.5138413699,0.6670833528,0.3458153551,15069.3250229,-0.1388789664,0.5896066298,0.0145833333,206,0.3067590441,0.6212494842,0.0,0,0.1984777262,1.8366838876,1.94854877,0.0031987848,0.305056637,0.2102714243,0.9499655545,0,0.2129407272,0.0431250012,0.5978650834,-0.1369022222,0.0549817998,0.8205307209,0.0012112029,0.043719619
0.1663584249,0.9671576917,1.9441182884,0.8754772226,2e-05,2.3988725019,0.4231348735,0.0762384256,0.4177121941,238068,0.4717011491,0.8768378468,135.016494751,1772725195.4078934,2.1387114811,0.0319270025,5e-06,1.9518169832,0.0489576722,1.8194927772,0.1500283257,6.8513985968,2759.0,0.1660881504,62.9144248962,2.0684984167,-1.8630339384,2.3490483125,2.5422415463,0.6717751942,0.3448560157,15069.3255229,-0.0975060784,0.5019827185,0.0141666667,207,0.2760987327,0.6192353797,0.0,0,0.1984405687,1.8460475373,1.8647080382,0.003263889,0.2742229479,0.1646589065,0.9666363446,0,0.1679767616,0.07074653,0.5074076349,-0.0958525743,0.0558407025,0.8248511899,0.0016170661,0.0722178835
0.0856091766,0.9581740534,1.9581881142,0.4587226079,2e-05,2.2842584991,0.4186875043,0.0751557902,0.3766386747,238068,0.46958043,0.4558392274,135.016494751,1772725195.4088924,2.0740848843,0.0311923812,5e-06,1.9556560103,0.0489526489,1.8594274688,0.1520880689,6.7732536872,2759.0,0.0860767528,56.6911811829,2.0055939953,-1.9193282302,2.3264561812,2.51702075,0.6756640816,0.3447522856,15069.3265218,-0.1392753088,0.6018596367,0.0137369792,208,0.5339354513,0.6166526993,0.0,0,0.3066701728,1.8540748294,1.9202448273,0.0033854168,0.5342751274,0.1908693899,0.959109056,0,0.1888057065,0.0121180559,0.600254811,-0.1412615022,0.0569263588,0.827836895,0.0012491846,0.0122092017
0.0574398553,0.8871279438,2.06475197,-0.4375015449,2e-05,2.5909388781,0.4195511389,0.0741548732,0.3728182189,238068,0.4763950102,-0.4503590986,135.016494751,1772725195.4093924,2.204889307,0.0311311328,5e-06,1.9651717973,0.0489476256,1.903246491,0.1536027232,6.6788757976,2759.0,0.056623861,56.1252863407,2.1710671131,-1.9682374899,2.3313905724,2.5178870066,0.6675260619,0.3432914068,15069.3270225,-0.3303614637,0.8438768268,0.0104166667,209,0.6605883614,0.6234602992,0.0,0,0.4808492813,1.8638412174,1.9691080896,0.0034678821,0.6557799141,0.3257375106,0.8869063493,0,0.3285669883,0.0054340279,0.8433213492,-0.3322393207,0.057504242,0.8271276196,0.0012436342,0.0055512154
0.0471436216,0.9021858048,1.6349034639,-0.658776562,2e-05,1.9091243132,0.4269676234,0.0702306223,0.3736246602,238068,0.4694336512,-0.6661890356,135.016494751,1772725860.9028077,2.1835376883,0.0300051172,5e-06,1.8875700847,0.0489426024,1.8440026569,0.1459659454,6.4499256897,2759.0,0.0478311914,56.2678365707,1.8673147782,-1.7440944227,2.2596176895,2.4304150867,0.6693663388,0.3425449485,15734.7959539,-0.2837741227,0.7876893477,0.0075,210,0.5173267343,0.6233348405,0.0,0,0.2705944567,1.7902138833,1.7431719502,0.003389757,0.5133031597,0.3024269154,0.902027175,0,0.3042534007,0.0045312501,0.7881696439,-0.2853661529,0.0565754751,0.820007871,0.001440889,0.0045616321
0.0642180459,0.9246263802,1.750786701,-0.7528451073,2e-05,2.0887381649,0.4223465,0.0805311106,0.3667351453,238068,0.4742022425,-0.757526929,135.016494751,1772725860.9033077,2.0015401522,0.0318173024,5e-06,1.858078626,0.0489375791,1.7448214634,0.1410208092,6.5663548342,2759.0,0.0635939885,55.2045712471,1.8535858814,-1.7367572419,2.1794611533,2.3751839431,0.6699566178,0.3441310121,15734.796454,-0.2150935863,0.7157197229,0.0133333333,211,0.4310303013,0.6206949623,0.0,0,0.4447982764,1.7503549059,1.7379896283,0.0034505209,0.4277457033,0.2621957105,0.9261880926,0,0.260315787,0.0066753474,0.7088461685,-0.2198519261,0.0572629883,0.824190383,0.0012318865,0.0067274307
0.1258769122,0.9204106271,1.6397475187,-0.7730690249,2e-05,1.902025156,0.4186011212,0.0740639929,0.3710732412,238068,0.4707744604,-0.7776842356,135.016494751,1772725860.9043076,1.9020572996,0.0311188566,5e-06,1.8340095107,0.0489325558,1.6649311662,0.1333880292,6.1167838176,2759.0,0.126753335,55.8572108746,1.7719522429,-1.6702434603,2.1287997484,2.3147327272,0.6738151236,0.3431100587,15734.7974538,-0.2214692424,0.7215254947,0.01,212,0.4123130719,0.6238551939,0.0,0,0.306458313,1.7293749809,1.6706312521,0.0035677084,0.409766921,0.2725267308,0.9218310754,0,0.2706436273,0.0408203134,0.7197204634,-0.2239387918,0.0582222479,0.8271107388,0.0012541215,0.0411848973
0.2104014509,0.9491653562,1.7158132037,-0.8473053404,2e-05,2.0231410193,0.4181096884,0.0761477586,0.5643125629,256189,0.483309318,-0.8491454065,55.8610636393,1772725860.9048076,1.9129502447,0.0323920095,5e-06,1.8456708264,0.0489275326,1.6765353537,0.1160437205,5.6839164813,1461.0,0.2080931337,86.1143224239,1.832385958,-1.7274029469,2.0979791991,2.2930761361,0.6410113019,0.3529787213,15734.7979543,-0.1463059187,0.6121529742,0.0200130208,213,0.3210199254,0.6236177639,0.0,0,0.271510347,1.7347392344,1.7291679517,0.0034157987,0.3203254108,0.2106145947,0.9499051917,0,0.2094271164,0.0834809049,0.6104088839,-0.1474076741,0.0568945396,0.828316468,0.0018363539,0.0847048634
0.0456744704,0.9419088423,1.839011639,-0.8343008971,2e-05,2.3512048602,0.414743704,0.0716896528,0.4432719294,256189,0.4782255993,-0.8371549002,16.2833480835,1772725860.9053082,1.9632426572,0.0301174569,5e-06,1.842877597,0.0489225093,1.7018343131,0.1279965544,6.9782740315,812.0,0.0463829525,66.7732753754,2.0328970671,-1.8104114739,2.1069545039,2.2850237926,0.6476172086,0.3756764817,15734.798454,-0.1597431822,0.6359589511,0.0104166667,214,0.3425685555,0.617973754,0.0,0,0.3737365105,1.7432186937,1.8111521626,0.0031944445,0.3404199118,0.2300631739,0.9436420778,0,0.2265702639,0.0046093751,0.6253163908,-0.1646020379,0.0551607857,0.8320056403,0.0018204912,0.0045659724
0.0434776673,0.9609161111,1.6897251193,-0.8829771717,2e-05,2.0753796315,0.4171066266,0.0743096655,0.3730879132,256189,0.4831840052,-0.8856126936,16.2833480835,1772725860.905808,2.0032984002,0.030074407,5e-06,1.8033059311,0.048917486,1.7302756,0.1338773866,6.2406479708,812.0,0.0440691237,56.1548843384,1.8923984432,-1.7272566152,2.1338797363,2.3183461356,0.6397699881,0.3689107188,15734.7989547,-0.1104232186,0.5404682916,0.0125,215,0.2796534703,0.6185355973,0.0,0,0.3198108008,1.7021793628,1.7292565314,0.0032508682,0.27651482,0.1836830742,0.9612017405,0,0.1843391627,0.0048437502,0.5421604143,-0.111794372,0.0557069659,0.8291583482,0.001191171,0.0047526043
0.0542492047,0.9642373049,1.7553041808,-0.8861898855,2e-05,2.277337273,0.4102086701,0.0767677484,0.3833161434,256189,0.4802953718,-0.8885562869,16.2833480835,1772725860.9063087,2.0370285598,0.0309796499,5e-06,1.7996847932,0.0489124628,1.7459019367,0.1356068117,7.4358131822,812.0,0.0556547658,57.7055056095,1.9669323484,-1.7461445562,2.1598190363,2.35191588,0.6509244968,0.3671123368,15734.7989547,-0.1019580266,0.5314331384,0.0133333333,216,0.2727831634,0.6191371008,0.0,0,0.312207673,1.6937975105,1.7483282797,0.0032812501,0.2693692067,0.1737401536,0.9646054192,0,0.1732420651,0.0051909724,0.5244702139,-0.1032996417,0.0559925509,0.8327679972,0.0013037729,0.0051649307
0.1837707038,0.9666156387,1.895645709,-0.8950325934,2e-05,2.3803128648,0.419245586,0.0736064293,0.380503931,256189,0.4828460433,-0.896700778,16.2833480835,1772725860.9068081,2.0428725425,0.0322163711,5e-06,1.8712420074,0.0489074395,1.7426828305,0.1328016814,7.6268677195,812.0,0.1826259324,57.274518013,2.0765963697,-1.8510296011,2.2376058706,2.427307055,0.6359201578,0.3637760883,15734.7994541,-0.0966867352,0.5050388405,0.0120833333,217,0.2558511696,0.6176830868,0.0,0,0.3969756586,1.7614808003,1.8528509657,0.0032986112,0.2544987665,0.165182768,0.9671323506,0,0.1636898143,0.0787673633,0.4953235041,-0.0997617366,0.0558103889,0.8275602913,0.0012259881,0.0797265647
0.2528675978,0.9531108622,1.856905005,-0.8634914847,2e-05,2.4337752255,0.4080143668,0.0750365952,0.3698361238,256189,0.4797039227,-0.8656288628,16.2833480835,1772725860.9073083,2.1304854472,0.03118071,5e-06,1.840724539,0.0489024162,1.7608767025,0.1326579616,8.184513588,812.0,0.2505495396,55.6834676266,2.113753682,-1.8078010027,2.2264338223,2.4128626561,0.645421025,0.362098185,15734.7999542,-0.1369662724,0.600036792,0.0153776042,218,0.3042442152,0.623621852,0.0,0,0.4169870598,1.7345640437,1.8091327262,0.0031944445,0.3019724245,0.204493021,0.9533530112,0,0.2053813015,0.0988802108,0.5972034864,-0.1378808257,0.0547151918,0.8344345514,0.0013094664,0.1006814267
0.0381039023,0.9683753117,1.8054016797,-0.9077677496,2e-05,2.3104520551,0.4248849747,0.0725531108,0.3724277163,256189,0.4805181654,-0.9086710946,16.2833480835,1772725860.9073083,2.1290161427,0.0304033902,5e-06,1.8741236687,0.048897393,1.7603214753,0.1355532999,9.1783186372,812.0,0.0380160964,56.0813717842,2.0589261301,-1.7971039108,2.2627335795,2.4364073793,0.6452908174,0.3638052934,15734.8004541,-0.0894492925,0.5021288659,0.0083333333,219,0.2448037527,0.6237256793,0.0,0,0.2583562841,1.773595763,1.798632609,0.0032465279,0.2436081022,0.1674998857,0.9685805778,0,0.1667019204,0.0045182293,0.4930517558,-0.090764705,0.0557850323,0.8241352129,0.0012438409,0.0044704863
0.0452768122,0.9817102091,1.9811727866,-0.9372021198,2e-05,2.4274223487,0.4080072943,0.0762497898,0.3713428593,256189,0.4866090143,-0.9377567935,16.2833480835,1772726501.2062986,2.0471907147,0.0317794974,5e-06,1.8966922212,0.0488923697,1.75654936,0.1409813558,9.0909518051,812.0,0.0462541527,55.9125409126,2.101649673,-1.8863715251,2.3026580469,2.4948511799,0.6323915114,0.3731983882,16375.0696061,-0.0467891284,0.3697688944,0.0208333333,220,0.1931740416,0.6185947188,0.0,0,0.3481495041,1.7898505227,1.8900714517,0.003233507,0.192982132,0.1175608382,0.9825164485,0,0.1145115601,0.0051475696,0.3584741715,-0.0493859845,0.0555537967,0.8345610432,0.001340615,0.0050564237
0.0448022107,0.9595200725,1.6622413365,-0.8720700502,2e-05,2.1336427752,0.4168024555,0.0728844399,0.3717199008,256189,0.4809639374,-0.8745331903,16.2833480835,1772726501.2072992,1.9760996381,0.0309931879,5e-06,1.8924361229,0.0488873464,1.6765060798,0.1406324248,9.2487513701,812.0,0.0464248283,55.959625721,1.9386935671,-1.7080507088,2.2759395281,2.4530947638,0.6423915146,0.3666158886,16375.0701074,-0.1166693275,0.5486057329,0.01375,221,0.2978846633,0.6199045245,0.0,0,0.2614535571,1.790538493,1.7093688838,0.0033506945,0.2954420713,0.1899360818,0.9598580313,0,0.1886609169,0.0050781251,0.5488084067,-0.1178446336,0.0565642904,0.8286252081,0.0012608274,0.0050694446
0.0480067426,0.9640980375,1.6184917744,-0.8901294307,2e-05,1.9701917322,0.4063497943,0.073366901,0.3680761798,256189,0.4809045768,-0.8920112828,16.2833480835,1772726501.2077985,1.9740026776,0.0305732566,5e-06,1.8222340178,0.0488823232,1.6873351749,0.1344538824,9.3464756775,812.0,0.0473557528,55.4003436565,1.8422905548,-1.6765288401,2.2132421215,2.392565039,0.6480555745,0.3685145716,16375.0706065,-0.1004236033,0.5257651621,0.01359375,222,0.2714057873,0.6192416966,0.0,0,0.3766698193,1.7198910824,1.6792818515,0.0033940973,0.2685090979,0.1779653547,0.9645379392,0,0.176423645,0.005013021,0.5183241596,-0.1030638828,0.0571115999,0.8382079184,0.0011825641,0.0050043404
0.2681534511,0.9628143569,1.8119942188,-0.8876279175,2e-05,2.23662462,0.4138169821,0.0726389098,0.3706098334,256189,0.4823527175,-0.890013994,16.2833480835,1772726501.2077985,1.9034800998,0.0306372475,5e-06,1.820980773,0.0488772999,1.6184597516,0.1269852479,8.2707135677,812.0,0.2655536033,55.7810781002,1.9764598409,-1.7663872854,2.2014124592,2.3781483563,0.6397786649,0.3624970072,16375.0711061,-0.1044502411,0.5359241652,0.0166666667,223,0.2728183102,0.6226584872,0.0,0,0.3496308223,1.7183033005,1.7687883059,0.0031987848,0.2696567861,0.1770245308,0.9639963492,0,0.1735098349,0.1241710113,0.5278686764,-0.1079354718,0.0554211965,0.8310959554,0.0011839167,0.1261545178
0.0566081308,0.9639306267,1.8772813249,-0.88775268,2e-05,2.271650366,0.4252950921,0.0759833018,0.3763937553,256189,0.4852347853,-0.8901073138,16.2833480835,1772726501.2082982,1.9233624657,0.0313796888,5e-06,1.8890496333,0.0488722766,1.6295532393,0.1265734064,8.9742419823,812.0,0.0568196395,56.651696682,2.0085238814,-1.8134388471,2.2346205068,2.4098758451,0.6325955059,0.3643696903,16375.0716061,-0.1032502333,0.524493107,0.0091666667,224,0.2762294509,0.6209414633,0.0,0,0.3081295645,1.7844526116,1.8157492042,0.0032291667,0.2729220033,0.179262104,0.9641250487,0,0.1793599353,0.0065668404,0.5252690947,-0.1039042124,0.0551705389,0.8213864227,0.0012139591,0.0065407988
0.0358588195,0.9621175989,1.7068233422,-0.8842475804,2e-05,2.1852861603,0.4097468447,0.0720062577,0.3890108156,256189,0.4793573397,-0.8854348942,16.2833480835,1772726501.2087982,1.9155925854,0.0294646035,5e-06,1.8212025086,0.0488672534,1.6262300062,0.1253330986,9.4315431293,812.0,0.0344830251,58.5896995068,1.9150339484,-1.6902728637,2.2068232187,2.3754038612,0.6520920318,0.3733237145,16375.0716061,-0.1078417958,0.5413670466,0.0133333333,225,0.2798845869,0.6157708677,0.0,0,0.2205807656,1.7248581127,1.6921788232,0.0032769098,0.2792770607,0.183636637,0.9628809599,0,0.1812759962,0.0034765626,0.5323745275,-0.1102837894,0.0556022126,0.834600691,0.0015204255,0.0035026043
0.0495193572,0.9679728456,1.7822460119,-0.899943562,2e-05,2.2910250433,0.4119526459,0.0732371682,0.4291522598,270618,0.4848955925,-0.9002454682,15.7895186742,1772726501.2092981,2.0587270292,0.0311063427,5e-06,1.8467345532,0.0488622301,1.7805484708,0.1220825894,9.4331028271,704.0,0.0495136733,65.1894016266,2.0037765416,-1.7703039479,2.2119120479,2.3859959714,0.6397873459,0.3745624291,16375.0721062,-0.0903384573,0.4934893175,0.0133333333,226,0.256997054,0.6213003012,0.0,0,0.2946472097,1.7420364539,1.7723302897,0.003233507,0.2580058091,0.1655401898,0.9684600178,0,0.1646746217,0.0056336807,0.4978370345,-0.0903005178,0.055348087,0.832202944,0.0013620186,0.0055859377
0.0474238484,0.9736037234,2.0129278374,-0.9156057914,2e-05,2.6097315494,0.4161267257,0.0736124196,0.4256018925,270618,0.4859725447,-0.9169319963,14.8018598557,1772726501.2097986,2.0124236115,0.0312640205,5e-06,1.9165429338,0.0488572068,1.7309193373,0.1267383918,9.7690812747,488.0,0.0497680084,64.291352272,2.2104721149,-1.9139236975,2.3176318574,2.4887910938,0.6358333534,0.3749390414,16375.0726066,-0.0721419698,0.4551382566,0.0145833333,227,0.2303493965,0.6189234396,0.0,0,0.2989935473,1.8128642424,1.9163194672,0.003311632,0.2277679078,0.1475248288,0.9743994709,0,0.1442887108,0.0049522571,0.4449097322,-0.0746260301,0.0558874821,0.8300976268,0.0029036204,0.0047916668
0.255680327,0.9583244546,1.8738102198,-0.8757914038,2e-05,2.4645520616,0.4073509644,0.0724223914,0.3743301598,270618,0.4810739712,-0.8774660071,14.8018598557,1772726501.2102983,2.0279744045,0.0301961945,5e-06,1.8949643397,0.0488521836,1.6740102232,0.1374326432,11.8921975835,488.0,0.2544929937,56.3521721363,2.1619290884,-1.821541671,2.3429180956,2.5092674375,0.6387456818,0.3765165681,16375.0731062,-0.1226206767,0.572458927,0.0101822917,228,0.2901424576,0.6175607896,0.0,0,0.3251854433,1.7968098203,1.8227029236,0.0033289931,0.2902979082,0.191569836,0.9578233119,0,0.1940740651,0.1299522606,0.5681088328,-0.1241320845,0.0560962432,0.8353557555,0.0012775183,0.1311631988
0.1460144692,0.972299281,1.8151013764,-0.9144744802,2e-05,2.2855118537,0.4162931028,0.0675205544,0.3694209973,270618,0.4825550453,-0.9154670946,14.8018598557,1772726501.2102983,2.0334187325,0.0295671486,5e-06,1.9187893414,0.0488471603,1.7558764545,0.1346665963,11.2871494834,488.0,0.1428396316,55.6036467552,2.0229344948,-1.7989429434,2.3238671732,2.4708195726,0.6288021028,0.3823727169,16375.0736061,-0.0806769687,0.4801364397,0.00875,229,0.2295638906,0.6204234338,0.0,0,0.2634642291,1.8238120461,1.8002729305,0.0031032987,0.2293040597,0.1524816151,0.9733112844,0,0.1484028639,0.048789064,0.4703399434,-0.0832961198,0.0538564192,0.8280815331,0.0011964973,0.0491753489
0.0735124456,0.9668586473,1.7180505796,-0.890826116,2e-05,2.2380610601,0.4100806461,0.0780803657,0.3697657299,270618,0.4914183088,-0.8917125805,14.8018598557,1772727117.173739,2.0216128055,0.0329112338,5e-06,1.893201286,0.048842137,1.7131845919,0.1375418145,11.2293621969,488.0,0.0744823784,55.6763706207,1.9753506565,-1.7297133434,2.3238805874,2.501667335,0.6252213718,0.3624928147,16991.0088497,-0.0939368738,0.5057076208,0.01875,230,0.2701555661,0.6194744941,0.0,0,0.2435174466,1.7807512935,1.7325568235,0.0031987848,0.2702752837,0.1699372627,0.9670787946,0,0.1702753709,0.0081597225,0.5105767997,-0.0938255713,0.0550168641,0.8334540157,0.0013364998,0.0080989585
0.369569085,0.9662910922,1.6950984931,-0.887268732,2e-05,2.0729083196,0.4197552898,0.0747777458,0.3657261642,270618,0.483406541,-0.8887923845,14.8018598557,1772727117.1747458,2.0519587056,0.0311796237,5e-06,1.8589425278,0.0488371138,1.7433649166,0.1325089533,10.3537434546,488.0,0.3683360735,55.0619111061,1.8932180333,-1.7368526045,2.242913425,2.4069088968,0.6349088715,0.3789146881,16991.0093556,-0.1002904928,0.5226888261,0.0116666667,231,0.2762383231,0.6169070903,0.0,0,0.2901961946,1.7550112526,1.7389057684,0.0031250001,0.2750141975,0.1717012502,0.966167475,0,0.1730345019,0.1887066031,0.5231555345,-0.1010303472,0.0543314035,0.8267383949,0.0012630526,0.1906770896
0.198458149,0.9500560149,1.5353887145,-0.8503750523,2e-05,2.0563950197,0.4117961755,0.0714645118,0.3711395884,270618,0.4870729828,-0.8510103528,14.8018598557,1772727117.1757514,1.8800681718,0.030099313,5e-06,1.7466071542,0.0488320905,1.5769458397,0.1240028158,11.0893158182,488.0,0.1998663493,55.8759877682,1.837657059,-1.5924033475,2.144685065,2.3034439874,0.6236241525,0.3701990241,16991.0098552,-0.1414302003,0.6068332034,0.0141666667,232,0.3225937102,0.6181283545,0.0,0,0.2161714854,1.6448570951,1.5938850077,0.0032074654,0.3226235457,0.2139374666,0.9511128751,0,0.2121529234,0.059939238,0.6066112854,-0.1432294658,0.0550784031,0.8313582071,0.0012966124,0.0598611128
0.2825105569,0.9677025429,1.701657327,-0.8954615366,2e-05,2.2063331437,0.4110994517,0.071531166,0.3702538761,270618,0.4863049479,-0.8975958749,14.8018598557,1772727117.1762512,1.7714979633,0.0303644947,5e-06,1.7548168802,0.0488270672,1.5655662509,0.127132587,11.1014161968,488.0,0.2829376005,55.7435646057,1.842563653,-1.6579017452,2.1358575892,2.2924335655,0.6304644289,0.3819347557,16991.0108542,-0.0930192049,0.5067496705,0.0104166667,233,0.2586343978,0.6201644548,0.0,0,0.3477430729,1.6517941654,1.6605688882,0.0032855904,0.2560063281,0.1637301957,0.9677852039,0,0.1645834518,0.1364930592,0.5087187481,-0.0936801531,0.055408545,0.8322201375,0.0011460892,0.1372743098
0.0524691344,0.9620526699,1.5015844051,-0.8813175658,2e-05,1.9469290153,0.4106199755,0.0719235713,0.3699810251,270618,0.4827405898,-0.8823221529,14.8018598557,1772727117.1767504,1.8550055067,0.0292784375,5e-06,1.6721994599,0.048822044,1.5685371677,0.1164842837,11.2891552941,488.0,0.0537177526,55.702454567,1.7383469748,-1.5437534801,2.0516375844,2.2122166602,0.6359245,0.3747544384,16991.0113536,-0.1109540447,0.5514907509,0.0104166667,234,0.2773652798,0.6179366903,0.0,0,0.4110406259,1.5725365138,1.5455917573,0.0033506945,0.2767371626,0.1845909744,0.9628454884,0,0.1814482297,0.0055772571,0.550693229,-0.1119751423,0.0566035554,0.8329993832,0.0012852637,0.0054861112
0.1143968009,0.9526483146,1.5013582083,-0.8609882565,2e-05,1.8075043058,0.4217657056,0.0734729483,0.3702954324,270618,0.4853993014,-0.8619704103,14.8018598557,1772727117.17725,1.7805280383,0.0305480472,5e-06,1.6927789323,0.0488170207,1.5571515087,0.1196782969,10.9048417552,488.0,0.1135245684,55.7492477894,1.6686042317,-1.5538861044,2.0093491872,2.1674180373,0.6275911645,0.3680713588,16991.0122324,-0.1330853686,0.591832391,0.0175,235,0.3136049062,0.6222690396,0.0,0,0.3123281515,1.5871406198,1.5554697299,0.0031814237,0.3130073633,0.2077843564,0.9533079,0,0.2064911883,0.0241493062,0.5876890572,-0.1351297502,0.0547808917,0.8252185607,0.001296107,0.0243446186
0.4217280352,0.9509555376,1.6022272658,-0.857721837,2e-05,1.9774945553,0.4158265515,0.0745171902,0.3736612797,270618,0.4820344301,-0.8589073972,14.8018598557,1772727117.1781287,1.6546082656,0.0304052466,5e-06,1.6491730094,0.0488119974,1.4651109266,0.1165867093,10.7029507224,488.0,0.4201357611,56.2517197132,1.6783419871,-1.5690248307,1.9509895889,2.1100457438,0.6374045328,0.3785374263,16991.0128543,-0.1391462111,0.6093070219,0.00875,236,0.3111929427,0.6186293924,0.0,0,0.1889784991,1.5427592405,1.5697865693,0.0031727431,0.3111021095,0.2110509277,0.9518002427,0,0.2104771021,0.2349132015,0.6008892753,-0.1429070749,0.054988357,0.8293216777,0.0013000695,0.2374566035
0.1016727814,0.9857932095,1.527986931,-0.9493724696,2e-05,1.7058326761,0.4147302276,0.0742363485,0.3689118973,270618,0.4883835165,-0.9496666257,14.8018598557,1772727117.1787508,1.6894214431,0.0309902865,5e-06,1.6245823812,0.0488069742,1.5604472566,0.1160191519,9.5396913083,488.0,0.101680591,55.5255386829,1.534129773,-1.5483711004,1.866614,2.0307253051,0.6249392547,0.3684474605,16991.0133545,-0.0367930116,0.3057265441,0.0125,237,0.1642354788,0.6203970098,0.0,0,0.3189674976,1.5151069458,1.55148947,0.0032942709,0.1639954854,0.095893817,0.9856333748,0,0.0965349337,0.0274696188,0.3052771652,-0.0364406676,0.0557134441,0.8299081707,0.0012016328,0.027473959
0.1278056144,0.948703055,1.2951716022,-0.8589450308,2e-05,1.6578879579,0.4086733266,0.0750159541,0.3684526459,270618,0.4832628419,-0.8602880108,14.8018598557,1772727117.1792507,1.5822772892,0.030851531,5e-06,1.5796372334,0.0488019509,1.4421128194,0.1093117187,9.5061849658,488.0,0.1272977213,55.4548175335,1.4939338227,-1.3747361279,1.7860052669,1.9561442582,0.6386067905,0.3788485332,16991.0138538,-0.1363896537,0.5624404296,0.01,238,0.313007254,0.6203499015,0.0,0,0.2661141525,1.469101431,1.3767212268,0.003077257,0.3111195098,0.2124817908,0.9492918452,0,0.2096271548,0.0424652788,0.5577492639,-0.1374531028,0.054237183,0.8351596542,0.0011725887,0.0430642375
0.3519686656,0.9227989737,1.3329055683,-0.7995727193,2e-05,1.6876377837,0.4148758419,0.0725547808,0.3678514115,270618,0.4836489385,-0.8045580347,14.8018598557,1772727117.1797502,1.5759508832,0.0301431975,5e-06,1.5073088304,0.0487969276,1.4103102136,0.1029946605,7.910629309,488.0,0.3503457472,55.6105229855,1.5135393333,-1.3781130636,1.7218630934,1.878542699,0.636302104,0.3700167038,16991.0145378,-0.20799813,0.7011456358,0.01125,239,0.3849564934,0.6183703045,0.0,0,0.2738698071,1.3985513596,1.3790989904,0.0032942709,0.3802016366,0.2666576716,0.923369021,0,0.2662327731,0.1710373315,0.7025892651,-0.2092442635,0.0559447668,0.8304824436,0.0013099321,0.1732335114
0.0438081195,0.9625868114,1.443525188,-0.8954589685,2e-05,1.7377144837,0.4104585908,0.076344102,0.4530128813,288319,0.4938288077,-0.8963781977,12.2309532166,1772727754.3626478,1.469307793,0.0333231974,5e-06,1.5084799194,0.0487919044,1.3427583945,0.1002564706,8.0263099305,243.0,0.0437569197,69.2860901356,1.4521449963,-1.4012382372,1.7111927462,1.8830628411,0.5963541857,0.3289537921,17628.1675606,-0.0998275354,0.5099198014,0.0120833333,240,0.2598133151,0.6481045794,0.0,0,0.2764480909,1.3833214577,1.4034853021,0.0032378473,0.2604110855,0.1782221913,0.9622720452,0,0.1787240869,0.0049262154,0.5091523246,-0.1002220552,0.0553787595,0.8347654521,0.0018804614,0.0049175349
0.0431409895,0.9589978031,1.4436817002,-0.8883205855,2e-05,1.7421550886,0.4015825137,0.0744060524,0.3734323517,288319,0.4911106839,-0.8881668059,12.2309532166,1772727754.36315,1.3837822076,0.0320013856,5e-06,1.4512280909,0.0487868811,1.2878083742,0.0945946494,8.0879699596,243.0,0.040941842,56.2082035542,1.4307507626,-1.3716724368,1.6353615789,1.8079558067,0.5987456787,0.3238688456,17628.1675606,-0.1099626574,0.5430308841,0.01,241,0.2776883335,0.6489476824,0.0,0,0.2631926073,1.3313263333,1.3734380372,0.0033203126,0.2784737108,0.1940035314,0.9601823703,0,0.1906693552,0.004513889,0.5376885694,-0.1126327726,0.0561462268,0.8391130467,0.0012122027,0.0045616321
0.044016631,0.9585814369,1.5743501071,-0.8791949634,2e-05,2.0820700868,0.4135695181,0.0783476415,0.374763031,288319,0.4954945656,-0.8800202616,12.2309532166,1772727754.3636813,1.5371240381,0.0331215511,5e-06,1.5487936322,0.0487818578,1.4274571669,0.1054134593,9.4410848713,243.0,0.0443807668,56.416918993,1.6914498786,-1.5216552615,1.7773940412,1.9641939942,0.5938889068,0.3190453931,17628.1680922,-0.1149177691,0.5520833886,0.0125,242,0.287443086,0.6501363552,0.0,0,0.1789772603,1.4256172756,1.5237585429,0.0032552084,0.2878777953,0.1916523087,0.9595417396,0,0.1892299324,0.0046744793,0.5488932828,-0.1172225471,0.0548918568,0.8306577798,0.001266276,0.004670139
0.0351122889,0.9475874897,1.5623624098,-0.8532120442,2e-05,2.006364582,0.4060327433,0.073954947,0.3738156716,288319,0.4906825479,-0.8541710138,12.2309532166,1772727754.364186,1.6268319086,0.0313310531,5e-06,1.5313776656,0.0487768346,1.4160922261,0.0995285371,9.19274508,243.0,0.0365810359,56.2583332062,1.6864159735,-1.4916029592,1.7912667104,1.955538706,0.5961501942,0.3224410989,17628.1685971,-0.1483321172,0.6006038612,0.00875,243,0.3207841809,0.6493587116,0.0,0,0.1594685136,1.417699459,1.492075429,0.0034765626,0.3204595631,0.219357673,0.9470375208,0,0.2210914056,0.0038802084,0.6075312777,-0.1452933571,0.0574713552,0.8357420866,0.0011530956,0.0038498265
0.3438649381,0.9424102092,1.4820307239,-0.8407704246,2e-05,1.9442195328,0.4037363646,0.0744793599,0.3744745954,288319,0.4911933907,-0.8416017997,12.2309532166,1772727754.3646858,1.5824671666,0.0313145761,5e-06,1.546683176,0.0487718113,1.3861748374,0.102233923,10.5624791908,243.0,0.3429010633,56.3746786118,1.6111303663,-1.4202864909,1.8388059648,2.0045118701,0.5993967189,0.3219735155,17628.1695958,-0.1578443922,0.6270050452,0.0133333333,244,0.3343411555,0.6498157696,0.0,0,0.2260466121,1.4325118335,1.421369679,0.003107639,0.3344525031,0.22930448,0.9427732793,0,0.2282730271,0.178125005,0.6267878348,-0.1577292526,0.0541312608,0.8372581164,0.0012330675,0.1805642421
0.1167681292,0.9554566725,1.4982620056,-0.8639999159,2e-05,1.8441159479,0.4132332053,0.0778633053,0.3761860498,288319,0.4906251725,-0.8658908677,12.2309532166,1772727754.365185,1.6440631549,0.0319294312,5e-06,1.5761602016,0.048766788,1.4323241893,0.1037898533,8.905983626,243.0,0.116626284,56.6413002014,1.6599211073,-1.4750145435,1.8593477639,2.0245807012,0.6019010605,0.3177877372,17628.1695958,-0.1244303439,0.5710313175,0.0079166667,245,0.3018041825,0.6514685154,0.0,0,0.3451349187,1.4597112111,1.4768093292,0.0031250001,0.2994907151,0.2009317067,0.9550009084,0,0.2031924832,0.0390451402,0.5708438504,-0.1241512669,0.0544672657,0.8308385992,0.0013392178,0.0398003483
0.044945191,0.967236987,1.5302241619,-0.8870915806,2e-05,1.8629878004,0.4002902415,0.07467633,0.3692097505,288319,0.4916319674,-0.8872570121,12.2309532166,1772727754.365685,1.6571736558,0.0319718219,5e-06,1.551714284,0.0487617648,1.4841393042,0.101174937,9.0092583338,243.0,0.0437529112,55.6137645245,1.6836268103,-1.5206432887,1.8091306067,1.9780612147,0.6026996736,0.3207771717,17628.1700959,-0.0933144953,0.4967879434,0.0182682292,246,0.2661002992,0.6529566209,0.0,0,0.2565763769,1.4346661329,1.5225429233,0.0034461807,0.2667449253,0.1681468219,0.9677571579,0,0.1668959413,0.004561632,0.5016376779,-0.0921410051,0.0573853918,0.8411798966,0.0012548908,0.0045963543
0.1163920123,0.9515034866,1.5030983488,-0.8444916121,2e-05,1.8956509113,0.4122775578,0.0779924456,0.3724887323,288319,0.4930584049,-0.846261603,12.2309532166,1772727754.366185,1.7865897401,0.0327056755,5e-06,1.6088344177,0.0487567415,1.5825854985,0.1033371314,9.4778894154,243.0,0.1146331508,56.066078186,1.7128016941,-1.5217866158,1.8763474512,2.0525525347,0.5984505401,0.3184635244,17628.1705957,-0.141128282,0.6064220621,0.0125,247,0.3227171752,0.6523235345,0.0,0,0.2150814975,1.4900212975,1.5229347881,0.0034288196,0.3213967274,0.2101183225,0.9516420905,0,0.2102337413,0.0306684036,0.6077367121,-0.1412770486,0.0571112217,0.8313205433,0.0012144581,0.0308854178
0.1948574843,0.9532914714,1.5797234031,-0.8405301734,2e-05,1.9919310443,0.4103063507,0.0754462548,0.3806608804,288319,0.4917782793,-0.841851699,12.2309532166,1772727754.366185,1.7664902782,0.032235896,5e-06,1.5986655764,0.0487517182,1.5567274276,0.0999276171,10.5712001657,243.0,0.1935435453,57.3250894547,1.7791544747,-1.5728537468,1.8653378097,2.0360278686,0.6009461999,0.327402955,17628.1710952,-0.1378886987,0.6031007806,0.0116666667,248,0.3186880393,0.6491757878,0.0,0,0.2353485983,1.4817711858,1.5740233334,0.0033246529,0.318280006,0.204492507,0.9534750565,0,0.204158824,0.068146703,0.6046444392,-0.1376104868,0.0562568608,0.8334312002,0.0014095688,0.0690321203
0.0378174067,0.9671817672,1.6989728713,-0.884887112,2e-05,2.1008708779,0.4089691881,0.076802573,0.3720890713,288319,0.4921104437,-0.8869914548,12.2309532166,1772727754.3666844,1.7536469968,0.0323836039,5e-06,1.6329988885,0.048746695,1.4826723989,0.1014163919,10.932485431,243.0,0.0378823852,56.0475826263,1.818021094,-1.601299719,1.9334481215,2.1063359539,0.5964843937,0.3207087203,17628.1715967,-0.0945171156,0.51821609,0.0120833333,249,0.2642357597,0.6548090796,0.0,0,0.1615536982,1.5170978928,1.6027492229,0.0034461807,0.2618958498,0.1694628122,0.967786574,0,0.1672267807,0.0041927085,0.5082969479,-0.0974614239,0.0574392973,0.8348572469,0.0015079546,0.0041883682
0.0356479638,0.9909676119,1.7578741264,-0.9575124669,2e-05,1.8698684573,0.4085542366,0.0735712501,0.3716962624,288319,0.4903557837,-0.9576183347,12.2309532166,1772728394.5165386,1.8372507262,0.0308348283,5e-06,1.6417249258,0.0487416717,1.5700869664,0.0982783827,9.2489495977,243.0,0.0374079926,55.9742767811,1.7251843492,-1.6661318048,1.9359618489,2.1040603574,0.6021484554,0.3291771526,18268.2916186,-0.0223332571,0.2238297464,0.0108333333,250,0.1417955214,0.6462949757,0.0,0,0.1995164677,1.5339839566,1.6685481795,0.0032595487,0.1419810719,0.0653887216,0.9912319088,0,0.0646310971,0.0043272571,0.2114119389,-0.0237160555,0.055785545,0.8345287089,0.0014020093,0.0042404515
0.0388587028,0.9876837778,1.4851962539,-0.9459096758,2e-05,1.9170609538,0.4074144572,0.0750671673,0.3792868455,288319,0.4906558045,-0.9464923104,12.2309532166,1772728394.5170388,1.8007343149,0.0312010696,5e-06,1.6466723065,0.0487366484,1.5659796039,0.0964845267,10.5735610151,243.0,0.0383155218,57.1076757908,1.7399219831,-1.5186235889,1.9315885083,2.1017370677,0.6013281439,0.3228037261,18268.2921182,-0.03320146,0.2747056742,0.0120833333,251,0.1775015666,0.6529570377,0.0,0,0.1389831698,1.53674131,1.5207811709,0.0033984376,0.1766810475,0.088503553,0.987563347,0,0.0896175315,0.0042708335,0.2789297719,-0.0328098467,0.0568041688,0.8356380892,0.0013735708,0.0043359376
0.0434579168,0.9409106708,1.5713127152,-0.7818589775,2e-05,1.9305520741,0.4097549889,0.0737721912,0.3652513536,288319,0.4942460823,-0.7842396979,12.2309532166,1772728394.5175385,1.7737682033,0.0310333737,5e-06,1.6321766686,0.0487316252,1.5131930431,0.1017451629,11.8489695628,243.0,0.0419065564,54.9831988811,1.7742705568,-1.5553058672,1.9380075634,2.1055476316,0.6013975892,0.3324950192,18268.2926179,-0.1707554631,0.6717919991,0.0133333333,252,0.3802299676,0.6446008277,0.0,0,0.1470507273,1.5225061862,1.5567260218,0.0031944445,0.3801340163,0.2343318084,0.9432890546,0,0.2280452544,0.0041666668,0.6564913521,-0.1774862594,0.0550571465,0.8336851521,0.0012532981,0.0042274307
0.3253973724,0.9496109068,1.5903223713,-0.7686899626,2e-05,2.0186699756,0.4049938825,0.076368094,0.4804483112,302715,0.4960947541,-0.7690809023,12.2325032552,1772728394.5180383,1.7704163345,0.0321229329,5e-06,1.6468084002,0.0487266019,1.5070921413,0.0918404534,9.0175225465,243.0,0.323606444,72.9086508751,1.7795296566,-1.5522734205,1.9829474433,2.1609634415,0.5798264078,0.2898369094,18268.2926179,-0.1593546069,0.653907876,0.0120833333,253,0.3951347252,0.6708555845,0.0,0,0.1905877649,1.5325623608,1.553040212,0.0034375001,0.3972662967,0.210243142,0.950168972,0,0.2100543468,0.1513064271,0.6553335861,-0.1610832742,0.0572082148,0.837992334,0.0016705116,0.153350698
0.0863907402,0.96510505,1.8559246413,-0.7945237859,2e-05,2.1693039846,0.4034978061,0.078676587,0.3698832862,302715,0.4973217676,-0.7943652737,12.2332782745,1772728394.5185394,1.9746318682,0.0329455327,5e-06,1.6786475833,0.0487215786,1.6349634441,0.1029721408,9.773336943,243.0,0.086115945,55.6685659885,1.8847580679,-1.7261167034,1.9915203722,2.1703913204,0.5722178994,0.2641812991,18268.2931193,-0.1113327779,0.552756653,0.0106119792,254,0.4239472131,0.6826582472,0.0,0,0.1992206874,1.5609978819,1.727714715,0.0034114584,0.425863325,0.1747084714,0.9655008392,0,0.1732441591,0.02124132,0.5526759803,-0.1123016196,0.0569538696,0.8390517946,0.0011936617,0.0214930562
0.0319073873,0.9374620148,1.6560647086,-0.7055137873,2e-05,2.1791771857,0.4065674382,0.0754414134,0.3749835348,302715,0.4991363041,-0.705972031,12.2332782745,1772728394.5190384,2.0329556815,0.0323809966,5e-06,1.712412926,0.0487165554,1.6968807705,0.1044376129,10.1645543432,243.0,0.0307582768,56.4436500072,1.9627321466,-1.6539073622,2.0306438669,2.2085918204,0.5561501916,0.2612300936,18268.2941188,-0.1888214431,0.6882075824,0.0120833333,255,0.4907983589,0.6847471547,0.0,0,0.0996142521,1.5976487414,1.6545903436,0.0034548612,0.4925059746,0.2405594335,0.9384475207,0,0.2376883211,0.003077257,0.6859900459,-0.1899779819,0.0570951582,0.835500464,0.0012673632,0.0031380209
0.0533903064,0.9273409534,1.5683622162,-0.6157105889,2e-05,2.080837423,0.4082944983,0.0767270938,0.3778430398,302715,0.4978578039,-0.6176714251,12.2332782745,1772728394.519539,1.9134762812,0.0332935128,5e-06,1.7118136899,0.0487115321,1.5669137939,0.1067869663,10.6484283924,243.0,0.0549268813,56.8791866302,1.8866408571,-1.5764916476,2.077793359,2.2626395909,0.5692144269,0.2671514339,18268.2946183,-0.2151924343,0.7303793585,0.01,256,0.553210182,0.6782767081,0.0,0,0.2114991958,1.5919940042,1.5768643379,0.0035199654,0.5534270104,0.2586754732,0.9275002265,0,0.2598175325,0.0059461807,0.7267399291,-0.2168447036,0.0581066033,0.8341201647,0.0012847328,0.0058289932
0.0875772061,0.9177566004,1.6394475452,0.0252391416,2e-05,2.0830609099,0.4017756363,0.0792956002,0.3724968052,302715,0.4962576381,0.0320929294,12.2332782745,1772728394.5200386,1.9160816701,0.0343939033,5e-06,1.6944146995,0.0487065088,1.5581990965,0.1071910452,10.9495193021,243.0,0.0887560754,56.066038847,1.8659133426,-1.6006881225,2.0533190107,2.2439284968,0.5723611303,0.2665338782,18268.2946183,-0.268978038,0.8116331236,0.0125,257,0.6862700816,0.6797997419,0.0,0,0.2559827773,1.5684577163,1.6005603743,0.0032725695,0.6858870522,0.272752209,0.9187651006,0,0.270717815,0.0141362852,0.8090790482,-0.2714419106,0.055971964,0.83999746,0.001169939,0.0143576393
0.3841499086,0.9017467395,1.4891745361,0.5120139766,2e-05,1.9012092217,0.4060707167,0.0755160842,0.3680250708,302715,0.4992668553,0.5209904019,12.2332782745,1772728394.52054,1.8888961347,0.0331486187,5e-06,1.6990713795,0.0487014856,1.539420774,0.1061562785,10.2417821161,243.0,0.3816305903,55.3881416321,1.7795440873,-1.5333869616,2.0498932473,2.2293272845,0.5639974155,0.2740420695,18268.2951196,-0.3015822564,0.8324786894,0.01125,258,0.636241225,0.6807119381,0.0,0,0.2624803355,1.5793431183,1.5331412967,0.0032986112,0.6335515881,0.3034763808,0.9035557942,0,0.3002151595,0.1913975745,0.8189820906,-0.3085699918,0.0560420809,0.8353497652,0.0011657985,0.1943012204
0.0337402968,0.9178993646,1.788765444,0.64989453,2e-05,1.9050555062,0.4002880134,0.0759615661,0.3710579983,302715,0.4955348275,0.6552977725,12.2332782745,1772728394.521039,1.8959327547,0.0333556101,5e-06,1.6868140531,0.0486964623,1.5857076208,0.0998511175,9.2966953961,243.0,0.034151689,55.8962697983,1.7574805546,-1.6800623417,1.9802471932,2.1633876387,0.5744357844,0.2583184465,18268.2956187,-0.2555105264,0.7764218493,0.01,259,0.539142953,0.6866173104,0.0,0,0.2539065647,1.5661289549,1.680261569,0.0034288196,0.535787134,0.2781918611,0.9196992866,0,0.2755315729,0.0029687501,0.7647239212,-0.2619893613,0.0570909061,0.841869541,0.0013900248,0.0029600695
0.0504653691,0.9230683887,1.724413751,0.7066720315,2e-05,2.0296563379,0.3953010947,0.0775333252,0.3849766175,302715,0.4977949629,0.7093240877,12.2332782745,1772729079.2067707,1.8867338991,0.0327580665,5e-06,1.7081696391,0.048691439,1.6361959974,0.1022277982,9.440769399,243.0,0.0512916385,57.9556715488,1.8371071792,-1.6711778045,1.9695821746,2.1627990675,0.5727864804,0.2718558182,18952.9499426,-0.2291433457,0.7448177111,0.014609375,260,0.4787336709,0.6813892484,0.0,0,0.2693822478,1.5917076151,1.6720948879,0.0033333334,0.4788844544,0.2679442052,0.9254874118,0,0.2633878995,0.0056467016,0.731726435,-0.236968568,0.0566173092,0.8450156363,0.001340491,0.0056944446
0.0490790556,0.9465878117,1.736649677,0.7929402335,2e-05,2.0046781969,0.4020504501,0.075089041,0.3846094974,302715,0.4952322332,0.7966670517,12.2332782745,1772729079.2077694,1.8887049206,0.0320372773,5e-06,1.7568811584,0.0486864158,1.6463141569,0.1006694523,8.930262626,243.0,0.0500038396,57.9497208595,1.8193024556,-1.6899786711,2.0082029343,2.1956856004,0.5782725883,0.278342633,18952.9504425,-0.1724749296,0.6609595877,0.0120833333,261,0.3902807897,0.6787893677,0.0,0,0.1957429758,1.6460593017,1.6906531064,0.0034765626,0.3865256278,0.2198467267,0.9465276241,0,0.221896668,0.0053038196,0.6622909576,-0.1741342332,0.0575215834,0.8401770778,0.0016617552,0.0052864585
0.2795840663,0.9478818329,1.5639223973,0.803262943,2e-05,1.8646425605,0.3966888593,0.0761566139,0.3749459298,302715,0.4942719344,0.8054614858,12.2332782745,1772729079.2077694,1.8633859237,0.0327943711,5e-06,1.7693499239,0.0486813925,1.6930933869,0.1011036436,9.9842336973,243.0,0.2762025499,56.4573543072,1.7060860904,-1.6104792007,1.9835213121,2.1709374078,0.580915817,0.2817774215,18952.9509444,-0.1662338631,0.6608541711,0.0125,262,0.3815513515,0.678202608,0.0,0,0.244690793,1.6552943563,1.6110250974,0.0035199654,0.3807121205,0.218514419,0.9490442936,0,0.2151708872,0.1253906288,0.6506584213,-0.1690752339,0.0581053046,0.8435530889,0.0013697561,0.1278385457
0.0705827084,0.954624143,1.5829731174,0.8337426587,2e-05,1.8604771042,0.4024974289,0.0792108728,0.3909221427,302715,0.4984483365,0.8343557084,12.2332782745,1772729079.2082713,1.9098883359,0.0332690025,5e-06,1.7275323594,0.0486763692,1.6916482838,0.0976685557,9.1231298602,243.0,0.0700437592,58.8504641056,1.7477663231,-1.6212912317,1.9768317779,2.1720895727,0.5636805753,0.2713381575,18952.9514456,-0.1435114499,0.6202449004,0.015,263,0.3361579778,0.6847820683,0.0,0,0.2516325139,1.6088728348,1.6223418208,0.0032204862,0.3362524401,0.2006350266,0.9554150403,0,0.1985663088,0.0120963546,0.6159381231,-0.1457315869,0.055285824,0.838706586,0.0013176998,0.0121918407
0.0440405201,0.9597403196,1.7567785867,0.8485007918,2e-05,2.1384724776,0.4022019905,0.0763395495,0.3872454214,302715,0.4994761988,0.8502595993,12.2332782745,1772729079.2087727,1.8040726439,0.032248272,5e-06,1.7227085455,0.048671346,1.5823093836,0.0964624913,9.4682803027,243.0,0.0422625158,58.3040101528,1.8538044357,-1.6816828076,1.9783528924,2.1689677159,0.5649175519,0.2732646972,18952.9524444,-0.1280198583,0.5963204869,0.0109114583,264,0.3206631665,0.6826579396,0.0,0,0.2073199915,1.6091419323,1.6831975047,0.003420139,0.3204127607,0.1897442438,0.9600900463,0,0.1885873039,0.0042838543,0.588409119,-0.1300203401,0.0571380662,0.8378571049,0.0013736868,0.0043272571
0.0438910433,0.9562376316,1.7402333196,0.8440727492,2e-05,2.0669185106,0.3953889548,0.0752592369,0.3812229554,302715,0.4973569262,0.8456726952,12.2332782745,1772729079.2097712,1.9659975076,0.0326962339,5e-06,1.7559227792,0.0486663227,1.65922726,0.0997674459,10.872244676,243.0,0.0426374197,57.3991940022,1.9008941388,-1.7150724324,2.0218923132,2.2123943631,0.5717448099,0.2624498054,18952.9529446,-0.1375401292,0.6088040847,0.0104166667,265,0.3289117278,0.6862629684,0.0,0,0.226720758,1.6417256101,1.7161865203,0.0034809029,0.3273390103,0.198302649,0.9563385816,0,0.1981254203,0.0044097223,0.6052517825,-0.1388511881,0.05753966,0.8443091623,0.0013447173,0.0044878474
0.0506051887,0.9633705107,1.8843598859,0.866316758,2e-05,2.2308347066,0.3960709348,0.0792418668,0.4988787397,317348,0.4977146961,0.8679932849,12.8865404129,1772729079.2102716,1.9466389799,0.0335906443,5e-06,1.8070700041,0.0486612994,1.6562004817,0.0928445098,9.0199902725,243.0,0.0484414535,75.8743581772,1.9913746524,-1.7972799373,2.0906011383,2.293965048,0.567565123,0.2644786902,18952.9529446,-0.1162655624,0.5646148016,0.0104166667,266,0.2967946614,0.6888850955,0.0,0,0.1317230287,1.6888060315,1.7983891114,0.0033767362,0.294275631,0.1772896835,0.9633465135,0,0.1779102714,0.0051605904,0.5632867404,-0.1176412603,0.0564240326,0.8440609773,0.0021142817,0.0052039932
0.2310024996,0.9857576966,1.8443730966,0.9423122895,2e-05,2.3824158669,0.3911375666,0.0810929364,0.4818278249,317348,0.4972356659,0.9435732806,14.1930646896,1772729079.2107704,2.1319983657,0.0348270028,5e-06,1.8568503412,0.0486562762,1.7558658338,0.0994631285,9.682494359,243.0,0.2309785616,72.5827405453,2.0990691964,-1.8093812966,2.185207746,2.39638846,0.5556163375,0.2287566527,18952.9534434,-0.0414125859,0.2804962413,0.0095833333,267,0.1667243985,0.7008075996,0.0,0,0.2164706489,1.7338194982,1.8109586859,0.0034244793,0.1640034231,0.0850725852,0.9854018537,0,0.0887177837,0.112348094,0.281764641,-0.0418636229,0.0570417706,0.8465644844,0.0019702578,0.1139366352
0.3639994989,0.9364647337,1.8941717744,0.780072217,2e-05,2.3648132348,0.395640025,0.077117819,0.3891663376,317348,0.4973928533,0.7833639558,14.1930646896,1772729079.2112691,2.0939555605,0.0332880091,5e-06,1.850589753,0.0486512529,1.723940773,0.1037013518,10.5909935157,243.0,0.3616651388,58.6116769314,2.0715854955,-1.8102445348,2.2334396633,2.4300968162,0.5599045326,0.2470116878,18952.9544421,-0.1969874845,0.7003436701,0.00875,268,0.4010315571,0.6939339379,0.0,0,0.1989846535,1.7348496866,1.810541416,0.0033246529,0.398777474,0.2417738146,0.936861372,0,0.2425289238,0.1766536505,0.6971971687,-0.1986811789,0.0565057872,0.8438029917,0.0014913781,0.179275179
0.0510956877,0.9462113516,1.7678214645,0.821261934,2e-05,2.2011021757,0.3987155254,0.0759106916,0.3804043468,317348,0.4999333165,0.8225196763,14.1930646896,1772729079.211769,2.0405808059,0.0333136582,5e-06,1.8404623508,0.0486462296,1.6688735946,0.1073994687,9.7815705872,243.0,0.0492899986,57.2657682896,1.9936556474,-1.7394522158,2.2195207826,2.4092451302,0.5437760588,0.2259123315,18952.954944,-0.1627280019,0.649460872,0.0108333333,269,0.3526889946,0.7028210604,0.0,0,0.2154660727,1.7245343963,1.7405312085,0.0032421876,0.351624558,0.219164288,0.9472055054,0,0.2178508464,0.0050477432,0.6478711762,-0.1646467061,0.0553428134,0.8412366005,0.0012705692,0.0051215279
0.0439499581,0.9582366065,1.9627430129,0.8539117976,2e-05,2.4543117817,0.395003761,0.0791418932,0.3718367052,317348,0.498074018,0.8542252839,14.1930646896,1772729748.083759,2.167480433,0.0338334657,5e-06,1.8996815427,0.0486412064,1.8088166523,0.1067758074,12.2633001804,243.0,0.043101897,55.9785234928,2.1324764156,-1.8631660469,2.2637924536,2.4628310084,0.5491753632,0.2352324117,19621.7981318,-0.132310324,0.5894696079,0.00875,270,0.3108472677,0.7033336163,0.0,0,0.2435735853,1.7822443684,1.8646310377,0.0033593751,0.31228448,0.1918354881,0.9574241837,0,0.1954915857,0.0044704862,0.5931863884,-0.1311159947,0.0564639789,0.8448068702,0.0012900559,0.0045095487
0.0395514041,0.9682681767,2.0105405823,0.8870273256,2e-05,2.4280425088,0.4025188078,0.0792920811,0.4006649256,317348,0.4982554716,0.8885091571,14.1930646896,1772729748.0842593,2.1035281078,0.0335504068,5e-06,1.9296065625,0.0486361831,1.7052383375,0.1022932664,9.5175315158,243.0,0.0372659267,60.3381333351,2.1136344727,-1.8625830491,2.3098144436,2.5034403038,0.5472960246,0.2334854757,19621.7988892,-0.0994753861,0.5396824225,0.0079166667,271,0.2636837038,0.6982989446,0.0,0,0.1619600362,1.8146472311,1.8636947147,0.0033159723,0.2619440614,0.1652480574,0.968807979,0,0.1632723507,0.0037109376,0.5225910976,-0.1030040166,0.0560567276,0.8387664465,0.0014724652,0.0038020834
0.0387170107,0.9652654111,2.166696082,0.871087118,2e-05,2.7243312581,0.3983700699,0.0789924571,0.3859755246,317348,0.5001866355,0.8722260364,14.1930646896,1772729748.0850167,2.3492274682,0.0342260684,5e-06,2.0140108848,0.0486311598,1.9111581405,0.1108596938,10.9954439799,243.0,0.0373772737,58.1474564075,2.3833688513,-2.0410415538,2.443440911,2.6467343187,0.5498611323,0.2344581375,19621.7993934,-0.1142224005,0.5577543239,0.01125,272,0.2908041169,0.7025686045,0.0,0,0.2095570486,1.8980908966,2.0424920909,0.0032899307,0.2893610689,0.1755779688,0.9651336273,0,0.1751519487,0.0038585071,0.5615567092,-0.1127541682,0.0560509589,0.8418918105,0.0015875069,0.0039105904
0.1338879596,0.9642344109,1.9666892878,0.8645321318,2e-05,2.4019215385,0.3991353943,0.0791019303,0.3808137178,317348,0.4999068848,0.8665028294,14.1930646896,1772729748.085521,2.4830270306,0.0331670289,5e-06,1.9893981131,0.0486261366,2.0066969283,0.1137833274,11.8823390738,243.0,0.1322769494,57.3553266525,2.277410779,-1.976343143,2.4281927943,2.6269458516,0.5497048769,0.2421322669,19621.7998933,-0.1173682,0.569247905,0.0083333333,273,0.2982469233,0.6999960689,0.0,0,0.1406105141,1.8779426869,1.9775842547,0.0032942709,0.2956338408,0.1763570997,0.9643104064,0,0.1772929773,0.0414105914,0.5674179129,-0.1185492796,0.0556682281,0.8419227572,0.0013580338,0.0425347232
0.1742780174,0.9654856133,2.1268836673,0.8684595295,2e-05,2.6184592843,0.3983868865,0.0781354025,0.400865256,317348,0.49814173,0.8708152409,14.1930646896,1772729748.0860212,2.4179576031,0.0335671045,5e-06,2.0524014179,0.0486211133,1.9711617374,0.1097922931,11.9089496581,243.0,0.1715709829,60.3942344189,2.3540239573,-2.0410142104,2.4993238568,2.6965031282,0.5457074829,0.2287110195,19621.8003933,-0.112538143,0.5654524265,0.0095833333,274,0.2938623414,0.6984143754,0.0,0,0.2189387295,1.9411138697,2.0421271873,0.0033506945,0.2903419541,0.1726353386,0.9658160555,0,0.1714157832,0.0578559045,0.5566613623,-0.1143275572,0.0564275942,0.8422274999,0.0016928403,0.059175349
0.0468474101,0.9661235925,2.1157990972,0.8680868999,2e-05,2.6612710841,0.3954162513,0.0782907094,0.3731952031,317348,0.4989715799,0.8685473959,14.1930646896,1772729748.0865211,2.559052128,0.0344240911,5e-06,2.0977676765,0.04861609,2.090748419,0.1229999476,13.0718878953,243.0,0.0455966204,56.1691942215,2.4525272202,-2.1058900944,2.5539825344,2.7574102767,0.55552953,0.2357562201,19621.8008933,-0.1114485774,0.5542918805,0.014375,275,0.2910107175,0.6975582325,0.0,0,0.2640679746,1.984831183,2.1083620969,0.0034157987,0.2912459743,0.1722427435,0.9657225259,0,0.1747647203,0.0052126738,0.5582430651,-0.110361468,0.0565875609,0.8457038184,0.0012093274,0.0053125001
0.0631293496,0.9609559989,2.1624916482,0.8474211911,2e-05,2.6573239215,0.3980522362,0.0792945647,0.4200850677,317348,0.5020662053,0.8481891759,14.1930646896,1772729748.087021,2.5778776121,0.0345550835,5e-06,2.104521753,0.0486110668,2.0541085696,0.1114003451,12.8526514943,243.0,0.0636980295,63.2581729889,2.456909287,-2.1113659644,2.575526096,2.7812200316,0.5467925521,0.2242205866,19621.8008933,-0.1274080731,0.5895274448,0.0129166667,276,0.3229307397,0.7022965364,0.0,0,0.1645135663,1.9910004624,2.1130872075,0.0034852431,0.3230207435,0.1873430727,0.960851564,0,0.1886023715,0.0061024307,0.5897273455,-0.1281049104,0.0576045319,0.8418361803,0.0015115849,0.0060720488
0.2009911779,0.9548996878,2.1333514444,0.8306488578,2e-05,2.7417009958,0.3925824647,0.0760051116,0.3720845556,317348,0.4960954531,0.8330925496,14.1930646896,1772729748.0875208,2.5157430148,0.032777672,5e-06,2.1043370541,0.0486060435,2.0118610191,0.1123626064,12.0165939569,243.0,0.1978750463,56.0136885643,2.4691508071,-2.0695055556,2.59099262,2.7848023828,0.561987865,0.245530833,19621.8013931,-0.1480589621,0.6231749996,0.0091666667,277,0.3444932293,0.6989645791,0.0,0,0.2223794441,1.9989144158,2.07028421,0.0036675348,0.3428490992,0.2021596199,0.9547568285,0,0.2018964444,0.0581684041,0.6227845319,-0.1476181273,0.0590394846,0.8465470878,0.001269811,0.0596614599
0.0427405234,0.9599580554,2.0519074178,0.8520545161,2e-05,2.6236259508,0.3922817038,0.0779205157,0.4139650091,317348,0.4980953854,0.8535448194,14.1930646896,1772729748.088021,2.436921169,0.0340987274,5e-06,2.1531750162,0.0486010202,1.9523282488,0.1166333464,12.0829416815,243.0,0.0420670292,62.3191235065,2.3666024176,-2.0168205937,2.6686764121,2.8687164855,0.5492144295,0.2193826206,19621.8023933,-0.129711646,0.5931332944,0.0125,278,0.3114783481,0.7013132771,0.0,0,0.183999751,2.0425987673,2.0179359452,0.0035026043,0.3102758229,0.1880040974,0.9604305923,0,0.1862415351,0.0045876737,0.593013895,-0.1295619498,0.0576649946,0.8471571501,0.0013955021,0.0046527779
0.0456131853,0.9546802747,2.3080266945,0.8432898657,2e-05,2.9604068708,0.4023438905,0.0815430696,0.3752226988,317348,0.5003201179,0.8443431747,14.1930646896,1772729748.0885212,2.6652156838,0.0353796475,5e-06,2.2077470072,0.048595997,2.0942699083,0.1291599509,14.0415823015,243.0,0.0457165564,56.5040369034,2.6543747512,-2.2195554797,2.7239696678,2.9333146739,0.5517621706,0.2356353083,19621.8028932,-0.1397405209,0.6097605366,0.01125,279,0.3286408929,0.6983553644,0.0,0,0.1854143513,2.0918096066,2.2208247193,0.0035329862,0.3284121039,0.201297202,0.9553488855,0,0.2004460719,0.0051866321,0.6094242005,-0.1413922205,0.0582714135,0.838847425,0.0012738593,0.0050998265
0.0432805725,0.9609895297,2.1426159048,0.853590287,2e-05,2.7554620584,0.3967367694,0.0757334819,0.633026859,332362,0.4980690332,0.8551965455,139.0738983154,1772730466.2640522,2.5952167519,0.0333375325,5e-06,2.1426083056,0.0485909737,2.0486861984,0.1138668816,10.862495323,2755.0,0.0447306319,96.121655941,2.5012354668,-2.0944638435,2.6821959368,2.8734219948,0.5332422038,0.2163423627,20339.9496353,-0.1277595534,0.5929168189,0.0086848958,280,0.3127127278,0.7082558846,0.0,0,0.1606296637,2.0348687951,2.0950632032,0.0035807293,0.311557735,0.1846077329,0.9609065215,0,0.1854724432,0.0045399307,0.5895094268,-0.1281431016,0.0586690595,0.8421993037,0.0026242447,0.0045052085
0.2526189935,0.9582487027,2.1909521246,0.8420654333,2e-05,2.8254451783,0.3932332802,0.0839425265,0.5249444866,332362,0.5011701153,0.8438123322,139.0738983154,1772730466.2655675,2.6751618616,0.0358545208,5e-06,2.244308943,0.0485859504,2.1189173166,0.1179059183,12.7982332055,2755.0,0.251206454,82.8607590199,2.6152034895,-2.1757753277,2.810826292,3.0177997311,0.5344271018,0.2132229713,20339.950138,-0.1334127541,0.6067196248,0.0108333333,281,0.3271654529,0.7105926204,0.0,0,0.1298526883,2.1274415056,2.1766772223,0.0034288196,0.3268774177,0.1904435524,0.9591449948,0,0.1889874884,0.1073958369,0.5999228553,-0.1370834719,0.0568066562,0.8462724257,0.0273303048,0.1094748298
0.1444311659,0.9569220165,2.1542497929,0.8357725871,2e-05,2.9705874825,0.3905234708,0.0819442638,0.3990900087,332362,0.5009187462,0.8361938806,139.0738983154,1772730466.2660677,2.6545453548,0.0357041062,5e-06,2.2332585422,0.0485809272,2.0535708443,0.1275649596,13.5006616577,2755.0,0.1425411761,60.1482021809,2.6580297947,-2.1213550854,2.851642406,3.0615554039,0.5323437671,0.2175094353,20339.9506383,-0.1394191499,0.6124284407,0.0140755208,282,0.3354737018,0.7076175821,0.0,0,0.1862541444,2.1158185053,2.122765425,0.0033854168,0.3357266102,0.1968857873,0.9576616212,0,0.1954493388,0.0429253482,0.608158922,-0.1408432523,0.0564608654,0.8472023058,0.0018180482,0.0440885431
0.0432777909,0.9510915903,2.3219750929,0.8185573792,2e-05,2.9081322638,0.3884167375,0.0764506844,0.4049024328,332362,0.5017130949,0.8200774558,139.0738983154,1772730466.2660677,2.7866478856,0.0346046219,5e-06,2.2152878443,0.0485759039,2.1350497945,0.1177259279,12.6624280612,2755.0,0.0420203805,60.9839417934,2.6712072714,-2.2140063794,2.8533718967,3.0508566078,0.5322352594,0.2121430037,20339.9511409,-0.1509057361,0.6320343254,0.015,283,0.3532595081,0.7083889067,0.0,0,0.2342516423,2.1041791662,2.2152376453,0.0035373265,0.3525118767,0.2098113168,0.9527114471,0,0.2062382844,0.0048784723,0.6273548265,-0.1546839556,0.0581300108,0.8486225736,0.0015870841,0.0049609377
0.1913989131,0.9488660705,2.0546291041,0.81196775,2e-05,2.8287843124,0.3920445531,0.0768796995,0.3759485515,332362,0.4987461887,0.8140229857,139.0738983154,1772730466.2665703,2.7933668359,0.0336778149,5e-06,2.2091397802,0.0485708806,2.1086222895,0.1207059257,14.3077847687,2755.0,0.1888176595,56.5888772011,2.6890402182,-2.0892262936,2.8622199972,3.0507814956,0.5332986265,0.2186393068,20339.951641,-0.1670154339,0.65281567,0.0070833333,284,0.3650248202,0.7052426962,0.0,0,0.2255595879,2.1010794608,2.0898601063,0.0032812501,0.3637215821,0.2162371409,0.9488017182,0,0.216276291,0.0664756961,0.6578985544,-0.1651860109,0.0558842322,0.8473914738,0.0012303861,0.0676041687
0.1572070239,0.9529601669,1.988896811,0.8274249641,2e-05,2.7628555568,0.3869099568,0.0772219917,0.3737691943,332362,0.5003077894,0.8284440724,139.0738983154,1772730466.2670705,2.7156680433,0.0326886572,5e-06,2.1238006552,0.0485658574,2.0229596519,0.1163206099,13.6995709817,2755.0,0.1573787432,56.2592222691,2.6076363206,-2.0187852049,2.8205166396,3.0104635715,0.5471701588,0.22437986,20339.9521391,-0.1526830309,0.6290807138,0.01375,285,0.3412777601,0.7030856721,0.0,0,0.2663876642,2.0199017072,2.0198383649,0.0035980904,0.3403859356,0.2073018214,0.9523380391,0,0.2085868616,0.0564626754,0.6340889096,-0.1495121036,0.0582983045,0.8515367738,0.0012120597,0.0567317725
0.0415247369,0.9618386912,2.2058156411,0.8593568993,2e-05,2.9572604966,0.3974286256,0.0789415154,0.365433809,332362,0.5003801407,0.8620694935,139.0738983154,1772730466.2675686,2.7051339968,0.0351352073,5e-06,2.2467252429,0.0485608341,2.0302265469,0.1182868894,14.9074815663,2755.0,0.0406015403,55.0284059048,2.7034470431,-2.1322709417,2.9391646393,3.1313694843,0.5260677238,0.2102426978,20339.9526396,-0.1218918988,0.5808304451,0.0083333333,286,0.3035952864,0.7131869046,0.0,0,0.2164318288,2.1327411715,2.1330959098,0.0032899306,0.2998791868,0.1823687893,0.9622803899,0,0.1809782421,0.0044748265,0.5721525284,-0.1243044872,0.0558283471,0.8424667533,0.0012126128,0.0044878474
0.0443531357,0.9629224042,2.2591152716,0.859281983,2e-05,2.9858482409,0.391055564,0.0775654778,0.4076899656,332362,0.497721324,0.8601896679,139.0738983154,1772730466.268069,2.7549897138,0.0337554032,5e-06,2.1926610692,0.0485558108,2.042888724,0.1167965892,14.9706384643,2755.0,0.0450594518,61.3726780415,2.7360475651,-2.1617783475,2.8904484137,3.083923219,0.5468055705,0.2236790585,20339.9526396,-0.1215968015,0.5808051906,0.0129166667,287,0.3070284826,0.7028959028,0.0,0,0.2060777144,2.0847714122,2.1627186815,0.0035373265,0.3060857748,0.1811255157,0.9632777917,0,0.1803242268,0.0043967015,0.5764640576,-0.1222512002,0.0581458752,0.8474752363,0.0013977337,0.0044270835
0.0739925442,0.961797541,2.2723373143,0.8572692128,2e-05,3.0451459821,0.3958633428,0.077147936,0.3776651764,332362,0.4975921913,0.8588898853,139.0738983154,1772730466.26857,2.8211077444,0.0334289925,5e-06,2.2239609019,0.0485507876,2.0821076667,0.1173902805,16.2682876762,2755.0,0.0738345001,56.8618297577,2.8015130965,-2.1939842741,2.9619520124,3.1515727774,0.5366883852,0.2076432213,20339.9531403,-0.1245399941,0.5908921822,0.0075,288,0.3067265611,0.7083694609,0.0,0,0.1813052535,2.1176963369,2.1946270307,0.0033333334,0.3051285445,0.1848782012,0.962620908,0,0.1800396872,0.0095572919,0.5827434079,-0.1271724682,0.0563813282,0.8435160931,0.0013468965,0.0095225697
0.3303353537,0.9608223216,2.3129045741,0.8500686884,2e-05,3.2810548449,0.3895858488,0.0780701308,0.3788825448,332362,0.498874109,0.8500647056,139.0738983154,1772730466.2690687,2.78355932,0.0344215043,5e-06,2.3022535094,0.0485457643,2.0524860215,0.1210975821,15.9055370871,2755.0,0.3280204694,57.0409908295,2.8963722253,-2.2175496809,3.0568053063,3.2481397788,0.5385503646,0.2208363225,20339.954138,-0.1291804331,0.59275807,0.0120833333,289,0.3122916858,0.7045023119,0.0,0,0.2294797979,2.1938704888,2.2184257372,0.0033159723,0.3133602138,0.1865468757,0.9614578549,0,0.1843406329,0.1410112883,0.5904183861,-0.1307748879,0.0560233091,0.8485365438,0.0013440212,0.1430772611
0.0536319479,0.9631222045,2.122189699,0.8537050569,2e-05,2.9336506176,0.3953116457,0.0779025573,0.3750885677,332362,0.5003597067,0.8550893497,139.0738983154,1772731172.8925824,2.9460713394,0.034838598,5e-06,2.2748854343,0.048540741,2.210551188,0.1197130848,15.5839345773,2755.0,0.0511093044,56.4720480442,2.7884343998,-2.1751180696,3.0681522671,3.2623768187,0.5317708488,0.2028315504,21046.5491692,-0.1222468708,0.5809730573,0.00875,290,0.3077498985,0.7122148311,0.0,0,0.1806468293,2.1632689555,2.1762476222,0.0033029515,0.3067682789,0.1804115804,0.9635224346,0,0.17903368,0.005217014,0.5789139962,-0.1237994233,0.0559286996,0.8436557833,0.0013149261,0.0053559029
0.048902489,0.9609886114,2.2842258732,0.8454190512,2e-05,3.2156232913,0.3945689199,0.0794040442,0.4187758827,332362,0.5001961521,0.8460214492,139.0738983154,1772731172.893429,2.7234245849,0.0354574235,5e-06,2.2873658478,0.0485357178,2.0259722487,0.1197548715,13.5673030186,2755.0,0.0489183459,63.0455138683,2.8668717225,-2.2067399518,3.0495863056,3.2443794044,0.5373264056,0.2163574404,21046.5498236,-0.1272917468,0.5873413591,0.0129166667,291,0.3206480988,0.7026567022,0.0,0,0.2165808171,2.1734659211,2.2082431785,0.0035243057,0.3211520664,0.1861715317,0.9611520612,0,0.1867921787,0.0053298612,0.5906309382,-0.1269669746,0.0577150427,0.8438905342,0.001460743,0.0052864585
0.0637783751,0.9600685088,2.450361654,0.8433947706,2e-05,3.3740951848,0.3944209441,0.0774441375,0.3786055581,332362,0.5011707507,0.8449174627,139.0738983154,1772731172.8945823,2.9939807542,0.0349375875,5e-06,2.3132823849,0.0485306945,2.2139362677,0.1306022963,16.6404540284,2755.0,0.0651410641,57.0049571991,3.052117517,-2.3767392,3.108012445,3.3002712393,0.5368793557,0.2198425707,21046.5506412,-0.1298536507,0.6008060137,0.0104166667,292,0.3267605981,0.7072693443,0.0,0,0.2230999373,2.2019980391,2.3784476527,0.0033246529,0.3253710855,0.1888285513,0.9606375213,0,0.1868774828,0.0080338544,0.5920168674,-0.1326988755,0.0562436762,0.8448943698,0.0013439878,0.0079991322
0.2956207494,0.9632581385,2.2522182377,0.839897236,2e-05,3.0904592403,0.3936710793,0.0764154492,0.5830881023,350293,0.4984585438,0.8391475797,56.5804335276,1772731172.894901,3.0264075629,0.034872115,5e-06,2.3442138751,0.0485256712,2.2467158357,0.1159747691,13.1117021624,1316.3333333333,0.2948774044,88.5854785442,2.8932366101,-2.2788099806,3.1644891294,3.3506540513,0.5297135593,0.210686021,21046.5506412,-0.1259858981,0.5813215862,0.0083333333,293,0.3238503884,0.7079236102,0.0,0,0.1649020299,2.2343469318,2.2794828598,0.0033116321,0.3256670189,0.1783296287,0.9631509384,0,0.1797080561,0.1279383714,0.587271288,-0.1249050613,0.055841239,0.84599009,0.0017981497,0.1302083374
0.044806619,0.9614898749,2.3834012548,0.8482598313,2e-05,3.3201544825,0.39008058,0.0779925008,0.5173972098,350293,0.5015049537,0.8487375204,15.3337011337,1772731172.894901,2.9965960415,0.0352208507,5e-06,2.3725303062,0.048520648,2.2225227825,0.1262263488,15.6597976144,597.0,0.0443500672,78.2336752415,2.9581223647,-2.2806811682,3.2280252616,3.4184447424,0.5228646016,0.2232010788,21046.5513241,-0.1254612655,0.5905716447,0.0108333333,294,0.3181798907,0.7083912977,0.0,0,0.1346199559,2.2612027454,2.2817416263,0.0033506945,0.3181560693,0.1861555798,0.9618489353,0,0.1846127763,0.0043706598,0.5833541787,-0.1264749827,0.0562537907,0.849263856,0.00405996,0.0043359376
0.0588182237,0.9620631365,2.3628598579,0.8448929799,2e-05,3.3507011525,0.3991576233,0.0765303026,0.3850823371,350293,0.5002989072,0.8463678773,15.3337011337,1772731172.895584,3.023344241,0.0347580695,5e-06,2.3674835229,0.0485156247,2.2057345271,0.1275178628,14.5511369499,597.0,0.0614139635,57.978474617,3.0912912496,-2.3308102655,3.2523245136,3.4391368445,0.5347613015,0.217148587,21046.5518227,-0.1264576635,0.5836714025,0.0079166667,295,0.3206194424,0.7043791465,0.0,0,0.1740724801,2.2588466652,2.331864148,0.0034375001,0.3190824504,0.1831814498,0.9622866714,0,0.1822441927,0.0056163196,0.5832810404,-0.1268523144,0.0570957081,0.8401184011,0.0013910993,0.0054383682
0.3087572618,0.9623511044,2.2731717006,0.8383693047,2e-05,3.3051578474,0.3908042061,0.076594364,0.3767453798,350293,0.49917834,0.8395986501,15.3337011337,1772731172.8965843,2.9664442118,0.0340479474,5e-06,2.2851560481,0.0485106014,2.1421592863,0.1243167992,14.8752395503,597.0,0.3063830049,56.7030966282,3.0156033595,-2.2292273879,3.178847212,3.363733259,0.5362717173,0.2183067398,21046.5528228,-0.1306273499,0.599446095,0.0108333333,296,0.3336626522,0.7066303229,0.0,0,0.179689217,2.1790163891,2.2300376797,0.003467882,0.3322651472,0.181924681,0.9624636626,0,0.1812081853,0.1295659754,0.5972794255,-0.1315800652,0.0576151525,0.8467109144,0.0011875439,0.1315191013
0.0550493533,0.9682559168,2.4729021629,0.8477708769,2e-05,3.6076513934,0.3911221403,0.0783772432,0.4269299968,350293,0.500391348,0.848450524,15.3337011337,1772731172.8970828,3.0206948471,0.0354444893,5e-06,2.3872494713,0.0485055782,2.1849487535,0.1260781471,14.8063867776,597.0,0.0563944565,64.2845575809,3.1867115553,-2.3617212852,3.3178088744,3.5046475569,0.5313238019,0.2252038785,21046.5536808,-0.110590242,0.554862228,0.00875,297,0.3119445699,0.7068550074,0.0,0,0.1560042327,2.2752565972,2.3628570501,0.0033767362,0.3124723114,0.1666827713,0.9686790673,0,0.1653484166,0.0058940974,0.5560239432,-0.1114305187,0.0565605588,0.8470785042,0.0015168587,0.0057812501
0.0487226029,0.9668981675,2.115112555,0.8369628183,2e-05,2.797901632,0.3973813252,0.0799631658,0.3799475511,350293,0.500931827,0.8375843994,15.3337011337,1772731172.8979406,3.0487424143,0.035754592,5e-06,2.4106031919,0.0485005549,2.2526482272,0.1292961405,14.1586495829,597.0,0.0481228579,57.1950013638,2.7358932503,-2.1893033711,3.2973096355,3.4876254042,0.5268663373,0.227663241,21046.5543233,-0.1121475044,0.555666728,0.0120833333,298,0.3206500927,0.7064747262,0.0,0,0.1442210665,2.2978271206,2.1905752603,0.0033159723,0.3208931721,0.1698039098,0.9674751834,0,0.1674985771,0.0048654516,0.555700467,-0.1123647335,0.0562374206,0.8424220999,0.00127563,0.0048828127
0.0513032308,0.9579370729,2.3148798633,0.7309246703,2e-05,3.341516734,0.39035025,0.0781155565,0.375587581,350293,0.4965021612,0.7311959044,15.3337011337,1772731172.8990843,3.053062079,0.0343282954,5e-06,2.3298997792,0.0484955316,2.2160562356,0.1249924886,13.7442132203,597.0,0.0493888082,56.5772361755,3.0766922275,-2.2868712982,3.2570811749,3.444733274,0.5398698107,0.2179453641,21046.555324,-0.1443314051,0.6229616171,0.0129166667,299,0.4249987489,0.7103990634,0.0,0,0.15945622,2.2223726543,2.2871206268,0.0033637154,0.4252757732,0.1937756356,0.9588706986,0,0.1914296304,0.0051475696,0.6205437585,-0.146032353,0.0565603688,0.8489941068,0.0013703156,0.0052430557
0.2971789818,0.9465835778,2.2640790804,0.2347958684,2e-05,3.3127009352,0.3982552276,0.08102962,0.4135036564,350293,0.5023658798,0.2325339501,15.3337011337,1772731888.732264,3.0341926201,0.0357274361,5e-06,2.365315249,0.0484905084,2.1682150014,0.1298516842,13.807617871,597.0,0.2963514556,62.2984013557,3.0633039808,-2.2597556726,3.2933377695,3.4853794336,0.5239670293,0.2232813229,21762.3592979,-0.1882443117,0.6980915097,0.01,300,0.7259228249,0.7042755493,0.0,0,0.2116614488,2.2521898516,2.2602157362,0.003311632,0.7266758736,0.2202228881,0.9469197496,0,0.2204599257,0.135894101,0.689840728,-0.1908074213,0.0562714306,0.8427429497,0.0017055543,0.1374088581
0.0475207054,0.9338943517,2.2523652951,-0.5595052403,2e-05,3.3210689767,0.3958410369,0.0782088701,0.3948941167,350293,0.5002268082,-0.5659641712,15.3337011337,1772731888.732764,2.9297708098,0.0346074625,5e-06,2.3336455456,0.0484854851,2.1267834989,0.1243282497,16.0347490454,597.0,0.0453710151,59.4568917751,2.9910846257,-2.2118351491,3.2825920296,3.4667451453,0.5279123404,0.2165229196,21762.3599553,-0.2403189471,0.7827566254,0.0104166667,301,0.5851871991,0.7101578967,0.0,0,0.2219863594,2.2247616331,2.2119134776,0.0033637154,0.5825346071,0.2448084889,0.9355887723,0,0.2414136331,0.005716146,0.7730865475,-0.2460955758,0.0565511485,0.8426902052,0.0013876534,0.0057118057
0.0366959689,0.9441818941,2.2225266139,-0.7164293083,2e-05,3.1910426863,0.401667963,0.0791177337,0.3960058896,350293,0.5003961476,-0.721307716,15.3337011337,1772731888.7334213,2.8368881901,0.0342909792,5e-06,2.2907741507,0.0484804618,2.0401421539,0.124001339,14.1892687178,597.0,0.0379980337,59.6385264397,2.9391574812,-2.1932576736,3.2566923642,3.4426407353,0.538255224,0.2287331095,21762.3604595,-0.1990797179,0.7152189231,0.0104166667,302,0.4666126907,0.6982631445,0.0,0,0.2586095372,2.1827874986,2.194152995,0.0035069445,0.4638722422,0.2235444419,0.9441619492,0,0.2233940314,0.0037847223,0.7149381812,-0.1995856927,0.0573702513,0.8398147511,0.0014973927,0.0036631946
0.0453948146,0.9617037201,2.468981448,-0.814423726,2e-05,3.5916546949,0.3877769035,0.0822316095,0.3763278405,350293,0.5011361162,-0.8158387601,15.3337011337,1772731888.7339256,3.1362050271,0.0359429217,5e-06,2.3799472237,0.0484754386,2.2814607779,0.1344602774,15.3385743221,597.0,0.0426716079,56.6471569538,3.2239352942,-2.4019942204,3.3674392502,3.5662042689,0.5379166834,0.2232975739,21762.3609593,-0.1370130112,0.6129319042,0.0133333333,303,0.3677552708,0.7126950069,0.0,0,0.2128132718,2.2653221369,2.4031778598,0.0032855904,0.3672147042,0.1827001559,0.9622115672,0,0.182209844,0.004357639,0.6112742231,-0.1388187357,0.0557891712,0.8506555219,0.001219732,0.0045225696
0.140628342,0.9604258927,2.5172995035,-0.8150529071,2e-05,3.6072307738,0.3944311544,0.0760742321,0.39499307,350293,0.5005750157,-0.8179297956,15.3337011337,1772731888.7344253,3.1458949804,0.0339457391,5e-06,2.3653739389,0.0484704153,2.2490338294,0.1354056597,13.7153334125,597.0,0.1406605421,59.4603488445,3.2146520146,-2.4136256997,3.3504315527,3.5311125159,0.527170156,0.2176734621,21762.3609593,-0.1370033448,0.6184804845,0.0133333333,304,0.3665356811,0.7104090393,0.0,0,0.2246909306,2.2602422468,2.4150314299,0.0032074654,0.364575057,0.1871484105,0.9612246378,0,0.1852432802,0.0401345497,0.6110274221,-0.1401936013,0.0549707375,0.8445125572,0.0013458188,0.0403732651
0.1701518276,0.977462343,2.7372160061,-0.8930924348,2e-05,3.8121203391,0.3903684892,0.0808513782,0.3805585384,350293,0.4999929569,-0.8945371191,15.3337011337,1772731888.734925,3.2942579484,0.0355764146,5e-06,2.5453331375,0.048465392,2.3735555045,0.1387557022,15.5201747306,597.0,0.170549335,57.3079082966,3.4274347607,-2.5987629986,3.5834671354,3.7691768932,0.528632828,0.2141127317,21762.3619587,-0.0776873797,0.4786108702,0.0108333333,305,0.2734606533,0.7099623171,0.0,0,0.2788790638,2.4383363263,2.600405968,0.0034027779,0.2720545661,0.134008568,0.9778838058,0,0.1338363142,0.0474131955,0.4698472836,-0.0804380201,0.0568549562,0.8486001317,0.0013941018,0.047695314
0.2560656942,0.9660170352,2.2746233002,-0.8359648955,2e-05,3.3724130154,0.3959423389,0.0775907356,0.4558445962,366962,0.5023959285,-0.8383583848,56.4911543528,1772731888.735425,3.1761185018,0.0349722343,5e-06,2.4688335594,0.0484603688,2.3096661297,0.1315827308,15.1929596233,1339.3333333333,0.2568955967,69.374781847,3.1397022152,-2.3102157116,3.4585180203,3.6377107525,0.5296571346,0.2262867308,21762.3624608,-0.1199347658,0.5714487976,0.0125,306,0.347893605,0.7065824831,0.0,0,0.1581611348,2.3616930922,2.312058475,0.0032899307,0.3467140129,0.1703039031,0.9660650547,0,0.1700838333,0.0936284752,0.5725786535,-0.1198872708,0.0556195985,0.8440847464,0.00175162,0.0935026066
0.3378060345,0.9563257881,2.4278249303,-0.7957378948,2e-05,3.5755343453,0.3865191417,0.0787725657,0.6397220993,366962,0.499778951,-0.7992919803,138.806060791,1772731888.735927,3.2021985626,0.0343797437,5e-06,2.4135553281,0.0484553455,2.251187698,0.1239217558,13.4213709227,2824.0,0.3364108871,96.4799852371,3.247398057,-2.3505861274,3.445682981,3.626460433,0.5217404664,0.2255241365,21762.3629605,-0.1559594246,0.6568241829,0.01375,307,0.3857888844,0.7075072889,0.0,0,0.1712368147,2.307952981,2.3511278081,0.0033246529,0.3821868247,0.1963966367,0.9567506071,0,0.1972137485,0.132921011,0.6495674231,-0.1594178573,0.0560579088,0.8508929853,0.0033752982,0.1342057333
0.0772029522,0.9582210394,2.4591450596,-0.8188981434,2e-05,3.6423936256,0.3825609565,0.0764246182,0.3781810506,366962,0.499040664,-0.8204925875,138.806060791,1772731888.7369258,3.3946374234,0.0335397014,5e-06,2.4512549186,0.0484503222,2.4939385955,0.1314096162,15.6547442516,2824.0,0.0786421967,56.9226887226,3.3508155966,-2.4387785753,3.5151218065,3.6889755805,0.5271354324,0.2231345638,21762.3639598,-0.1428330478,0.6219411155,0.0079166667,308,0.361003992,0.7101809919,0.0,0,0.2391775602,2.3517684865,2.4394829957,0.0034765626,0.360907074,0.1920176226,0.9584997805,0,0.1924519469,0.0162109379,0.6188462249,-0.1444474571,0.057267818,0.8543711257,0.0012300936,0.0163151046
0.0674076811,0.9659498902,2.3092143337,-0.849790831,2e-05,3.2863650831,0.3900405562,0.0776570189,0.3835403236,366962,0.500197981,-0.8515314333,138.806060791,1772731888.737931,3.1987414408,0.0342944399,5e-06,2.4271114826,0.048445299,2.296925025,0.1356955068,15.6606913185,2824.0,0.0676084845,57.748537302,3.0566224861,-2.2876983841,3.4480288347,3.6276158571,0.5350738019,0.2327357235,21762.3649296,-0.1165878316,0.5722024278,0.0091666667,309,0.322375086,0.7065576784,0.0,0,0.1726796851,2.3225879232,2.288681349,0.0035199654,0.3210840343,0.1702674996,0.9664186025,0,0.1692322068,0.0067795141,0.5649548986,-0.119801624,0.0579543849,0.8492756283,0.0013659477,0.0067925349
0.2508641105,0.9660508482,2.3636627714,-0.8519102561,2e-05,3.3732838798,0.391688606,0.0772476053,0.3865824588,366962,0.5005150928,-0.8540710513,138.806060791,1772732523.073442,3.2690354911,0.0340316516,5e-06,2.4593379903,0.0484402757,2.3832972813,0.1374432887,16.1314554532,2824.0,0.2486201933,58.2005937099,3.1288917732,-2.3591053573,3.4415302483,3.6145355844,0.5235113007,0.2279425997,22396.6740948,-0.117474415,0.5774765841,0.0095833333,310,0.3202713157,0.7057666453,0.0,0,0.1951761716,2.3562812956,2.3599853317,0.0031206598,0.3177307666,0.1700048251,0.9663306713,0,0.1699791,0.0812109396,0.5700465377,-0.1198691149,0.0541369468,0.8478916911,0.0013613907,0.0825781274
0.0494309818,0.964346412,2.3883865372,-0.8463878973,2e-05,3.5215960264,0.3970543802,0.0793037058,0.3702757613,366962,0.5004541343,-0.8476323342,138.806060791,1772732523.073442,3.0213707964,0.0362342849,5e-06,2.4983779788,0.0484352524,2.1523355969,0.1363633898,15.8738468933,2824.0,0.0502556175,55.7378695011,3.2003405921,-2.3191241256,3.5242161306,3.7077346722,0.5142665092,0.2164886271,22396.6754719,-0.1240887902,0.5754257919,0.0129166667,311,0.3286932903,0.7120972653,0.0,0,0.2517402776,2.3849965135,2.3203570422,0.0031119793,0.3284373316,0.1750827553,0.9634749361,0,0.1799113581,0.0050998265,0.5836861138,-0.122238929,0.0541562358,0.8433687882,0.0012332471,0.0050477432
0.0498027638,0.9683469474,2.333569928,-0.8631364655,2e-05,3.3426949684,0.3924301936,0.0828312527,0.3734067138,366962,0.5033533893,-0.8650269198,138.806060791,1772732523.074819,3.2111960053,0.0354395904,5e-06,2.4255839674,0.0484302292,2.2782771881,0.1346486889,14.4334857051,2824.0,0.0497492209,56.2076077461,3.1302166359,-2.3313483246,3.4513841955,3.6402547789,0.5189062677,0.2201868012,22396.6759752,-0.1054034393,0.5404311277,0.0133333333,312,0.3053246705,0.7062165793,0.0,0,0.2789314377,2.3143310459,2.3333146985,0.0032855904,0.3036445601,0.164673655,0.968849529,0,0.1625946423,0.0062456599,0.5431338698,-0.1055896419,0.055567786,0.8459169654,0.0012539037,0.0062977433
0.0368717262,0.9649822835,2.1981309406,-0.8546686252,2e-05,3.0524243649,0.3920191733,0.0787435643,0.3722124545,366962,0.5035108626,-0.8557812297,138.806060791,1772732523.0753224,3.1460621079,0.0345618093,5e-06,2.4191843375,0.0484252059,2.2567187206,0.1322528096,16.4404712264,2824.0,0.0357193486,56.0575304031,2.9859711281,-2.2690335131,3.3953243009,3.5770905987,0.5110330011,0.2309376744,22396.6759752,-0.1167523291,0.5631575958,0.0108333333,313,0.3240854629,0.7067815399,0.0,0,0.1751426108,2.3129292774,2.2707528559,0.0032595487,0.3231925207,0.174639772,0.964926732,0,0.1761738349,0.0036241321,0.56485047,-0.1165967482,0.0557948824,0.846757046,0.0012873904,0.0036588543
0.0517057035,0.9632502786,2.1718478465,-0.8445406087,2e-05,2.9640926385,0.3924436078,0.0797113767,0.3679507653,366962,0.5013754574,-0.8448390035,138.806060791,1772732523.0758224,3.002275091,0.0354784399,5e-06,2.3795042713,0.0484201826,2.2059790667,0.1337485916,15.1733440733,2824.0,0.0521111867,55.4035446644,2.9232813923,-2.2841401784,3.3061477097,3.4924784613,0.5206206749,0.2226562568,22396.676475,-0.124708144,0.5819084762,0.0095833333,314,0.3342174843,0.707785416,0.0,0,0.1854871462,2.2681971161,2.2856987103,0.0032855904,0.3343157947,0.1802703738,0.9635925241,0,0.1787562937,0.0054600696,0.5821265819,-0.1245353901,0.0558079933,0.8477513758,0.0013093805,0.0054427085
0.3132543451,0.9632543894,2.2884455013,-0.8488826791,2e-05,3.0929286456,0.39864045,0.0763534258,0.3719643339,366962,0.500795238,-0.8509126854,138.806060791,1772732523.0758224,2.9226206716,0.0343580326,5e-06,2.3550428518,0.0484151594,2.1938227359,0.1259472945,14.6372956006,2824.0,0.3093022051,55.9964597225,2.9204565016,-2.3198077099,3.1681650511,3.345095017,0.5239843903,0.2337739961,22396.6769762,-0.122401133,0.5959432286,0.0075,315,0.3254907141,0.7091151913,0.0,0,0.1782423024,2.2477454694,2.3210154875,0.0033376737,0.3231043824,0.1796754649,0.9647502613,0,0.1761208249,0.1248133719,0.578400954,-0.1281150196,0.0557753692,0.8425097132,0.0012818877,0.1279253507
0.0431764116,0.967431912,2.2801988403,-0.8670934772,2e-05,3.1623113998,0.3871392437,0.0758776492,0.3706441339,366962,0.500892841,-0.8668960718,138.806060791,1772732523.0763235,3.0859551962,0.0346907649,5e-06,2.3356844425,0.0484101361,2.339257075,0.1331612772,16.7618249162,2824.0,0.0430953326,55.7890510559,2.9852083556,-2.3398254935,3.1643852806,3.3431763776,0.5189279663,0.2279530427,22396.6776311,-0.1077265964,0.5497691508,0.0120833333,316,0.3021744649,0.7040925717,0.0,0,0.1687688701,2.2262761156,2.3409577147,0.0034505209,0.3040470975,0.1684881611,0.9676479733,0,0.1678636856,0.0047960071,0.5448725651,-0.1089926036,0.0572005442,0.8497384469,0.0012193569,0.0048177085
0.0340152588,0.9700468516,2.4366325506,-0.8750339015,2e-05,3.4737488095,0.3900323637,0.0784992198,0.3677648163,366962,0.4994451511,-0.875820659,138.806060791,1772732523.0769784,2.8512682517,0.0341099537,5e-06,2.3423099836,0.0484051128,2.0947437604,0.1251447799,14.3696092161,2824.0,0.0343501998,55.3693687916,3.0419624813,-2.2973407284,3.227849617,3.4083499002,0.5215711981,0.222968537,22396.6781337,-0.1042827373,0.5268620978,0.0108333333,317,0.2907251235,0.7095166286,0.0,0,0.1663802468,2.2364579328,2.2984161425,0.0034244793,0.2910636655,0.1613300106,0.9695246243,0,0.1627250483,0.0036371529,0.542239183,-0.1014183077,0.0569851442,0.8487834803,0.0012841813,0.0036154515
0.0316342451,0.9773816685,2.2834321388,-0.9003756034,2e-05,3.0634487136,0.3892208279,0.0734890385,0.3770354112,366962,0.4987498418,-0.9006530611,138.806060791,1772732523.077481,2.807113471,0.032974925,5e-06,2.3588691862,0.0484000896,2.1534570169,0.1288131924,14.5129984697,2824.0,0.0316370083,56.7569212914,2.8752427197,-2.2968461307,3.2256830851,3.3961471987,0.5244401189,0.2372287964,22396.6786338,-0.0776793479,0.4777295516,0.01,318,0.2566610554,0.7065009165,0.0,0,0.1264723896,2.2585253819,2.2978852153,0.0032725695,0.2567994416,0.1374941528,0.9775320733,0,0.1375188847,0.0036328126,0.4724505452,-0.0789050687,0.0558349196,0.8485198081,0.0012772036,0.003576389
0.0364025772,0.98007833,2.3111077189,-0.9072564471,2e-05,3.1102042119,0.3915902084,0.0798939705,0.3755914084,366962,0.502176259,-0.9079334553,138.806060791,1772732523.0779812,2.9428356806,0.0351040698,5e-06,2.4283432372,0.0483950663,2.2413158043,0.126836322,15.105597264,2824.0,0.0363764241,56.5440506935,3.0113586712,-2.3815723228,3.2591341289,3.4402513202,0.5190625143,0.2178963818,22396.6791344,-0.0673818516,0.4422640699,0.0133333333,319,0.2500859364,0.707976495,0.0,0,0.1673131384,2.3203182944,2.383405474,0.0034852432,0.2493372521,0.1265323525,0.9802452389,0,0.1265886913,0.0040711807,0.4382912163,-0.0678593806,0.0575723562,0.8478619599,0.0011520163,0.0040625001
0.0571814695,0.9643183275,2.4014963889,-0.85077215,2e-05,3.0872489413,0.3922907176,0.0755304276,0.5030546872,386845,0.5003854094,-0.8530147417,104.2964706421,1772733180.04024,2.8447927276,0.0333241653,5e-06,2.3906584175,0.048390043,2.2623743161,0.1228368642,13.4975074577,1586.0,0.0547611735,76.832202673,2.909433883,-2.4004007912,3.0976645899,3.2658097164,0.5119965418,0.2596841886,23053.6153825,-0.1200790497,0.5743135645,0.0083333333,320,0.3235050096,0.6987118999,0.0,0,0.1915250156,2.2894963686,2.4018747028,0.0033072918,0.3227769077,0.1777046519,0.964993397,0,0.1743803041,0.0072699655,0.5751830282,-0.1213400223,0.0555208644,0.8469507802,0.0019965363,0.0076736113
0.2619824598,0.9718197246,2.3248624555,-0.8721478172,2e-05,2.9714386121,0.3717816378,0.0773631562,0.3687177769,386845,0.5023268219,-0.8729241192,104.2964706421,1772733180.04124,2.8335541296,0.0328269905,5e-06,2.3836149613,0.0483850198,2.266734128,0.1267951385,16.4316563861,1586.0,0.2599783895,55.547344923,2.8111634771,-2.3451492659,3.092872866,3.2696702337,0.5081336955,0.2565687981,23053.6163823,-0.0960906315,0.5334308153,0.01125,321,0.2872334255,0.7014215334,0.0,0,0.2669927708,2.2851871999,2.3469496576,0.0032899307,0.2873221997,0.1508130736,0.9731641893,0,0.1461900812,0.098220489,0.520164821,-0.1005953532,0.0558327347,0.860980374,0.0014977407,0.1001085096
0.0564222306,0.9554980906,1.9727387698,-0.8140202101,2e-05,2.6653573791,0.3875469918,0.0768187856,0.3704356543,386845,0.4995919714,-0.8155759764,104.2964706421,1772733180.0417411,2.6610141706,0.0336694716,5e-06,2.3563938204,0.0483799965,2.1080052543,0.1284181039,14.1974782578,1586.0,0.0550765532,55.7703239918,2.6095584337,-2.1276184479,3.0250646432,3.2027973501,0.5042404664,0.2468967211,23053.6168808,-0.1507304932,0.6347852437,0.0120833333,322,0.3635018035,0.7058935146,0.0,0,0.1825166527,2.2523532335,2.1282446718,0.0032552084,0.3628312997,0.2007407367,0.9561374489,0,0.1986629818,0.0054340279,0.6343728075,-0.1518685393,0.0550980497,0.8505341319,0.0013030879,0.0054991321
0.0375581685,0.963896002,2.2808483028,-0.8472101156,2e-05,3.2127272224,0.3751521744,0.0782517809,0.3686855952,386845,0.5002172474,-0.8488622793,104.2964706421,1772733180.0422394,2.8454970813,0.0348737309,5e-06,2.3602494693,0.0483749732,2.2235618178,0.1246858342,15.5130021874,1586.0,0.0375817138,55.5234336853,2.9404170124,-2.3083471974,3.0927331575,3.2771121995,0.5015060929,0.2440642652,23053.6173803,-0.1222170042,0.5811950028,0.01125,323,0.320992158,0.707581201,0.0,0,0.2104486033,2.2506160124,2.309522419,0.0032161459,0.3199439394,0.177818871,0.9646393538,0,0.175270919,0.0038585071,0.5790762508,-0.1234678788,0.0550967244,0.8584893815,0.0013902744,0.0038194446
0.0357469943,0.9581788377,2.3723238095,-0.8343454321,2e-05,3.3064887905,0.3767597633,0.0763847052,0.3711649609,386845,0.5025783773,-0.8368967783,104.2964706421,1772733180.043242,2.8151587097,0.0333176838,5e-06,2.329334813,0.04836995,2.178370796,0.1258809313,16.1604702473,1586.0,0.0348421574,55.8933176994,3.0600122515,-2.3676203887,3.1080521663,3.2840821656,0.4973264035,0.2554121037,23053.6183812,-0.1373945889,0.6084204483,0.00875,324,0.338393542,0.7029628495,0.0,0,0.1731044476,2.2268046824,2.3687624709,0.0032725695,0.3364278425,0.1929790806,0.9585202122,0,0.1926006906,0.0037847223,0.6049320239,-0.1394372541,0.0557504323,0.8584028395,0.0013837051,0.0037977432
0.0357526665,0.9766065224,2.2862285217,-0.9004126815,2e-05,3.0349457725,0.383824329,0.0767448615,0.3752645461,386845,0.5010535729,-0.901801312,104.2964706421,1772733180.0437398,2.8272367803,0.0337430927,5e-06,2.3630725439,0.0483649267,2.2253613695,0.1207647641,14.7177532641,1586.0,0.0345713973,56.4913330078,2.8761726713,-2.3067233427,3.1524396904,3.3310741886,0.5031727608,0.2543029927,23053.6183812,-0.0784149676,0.4806526844,0.0103776042,325,0.2503542557,0.7048096669,0.0,0,0.1126226971,2.2598441466,2.3081125164,0.0035156251,0.2488898733,0.139462981,0.9773660433,0,0.1370019423,0.0036328126,0.4764435492,-0.0803012626,0.0578234801,0.8542966183,0.0012909381,0.0036848959
0.2828408423,0.9636626546,2.4637310346,-0.8519286235,2e-05,3.2859402331,0.3900928569,0.0774137752,0.3761494398,386845,0.5010072774,-0.853928678,104.2964706421,1772733180.0442443,2.897560579,0.0343340401,5e-06,2.4014228312,0.0483599034,2.2779163384,0.1273735497,15.4881280708,1586.0,0.2795081914,56.6517145634,3.0149753523,-2.4275348743,3.1512677542,3.3332871413,0.4971918521,0.2434142767,23053.6188853,-0.1255650699,0.5911396434,0.01,326,0.3162408184,0.6997003285,0.0,0,0.1483780922,2.2951677116,2.429018724,0.0032161459,0.314399388,0.1757165202,0.9636731279,0,0.1780407472,0.1520008726,0.590962219,-0.1264868697,0.0552284993,0.8472999048,0.0013181925,0.1550000047
0.1984480013,0.9708442243,2.5151155655,-0.8827732714,2e-05,3.4021798293,0.381001864,0.0766686441,0.3833121173,386845,0.5008823174,-0.8833053025,104.2964706421,1772733180.0442443,2.8729667624,0.0336322454,5e-06,2.4043394295,0.0483548802,2.2704894106,0.1240760107,15.776335125,1586.0,0.1978912337,57.6984813213,3.0834357023,-2.4601644667,3.1890804728,3.36726156,0.5060850845,0.2613329741,23053.6193823,-0.1015875286,0.5243049733,0.0141666667,327,0.2831345555,0.7021839821,0.0004994869,0,0.184106799,2.3022945253,2.4613643169,0.0032552084,0.2829872122,0.1531967305,0.970957617,0,0.1540315762,0.0979036494,0.5177516865,-0.1033710316,0.055487169,0.8541926241,0.0012543043,0.0995529546
0.037200745,0.9682160334,2.3112061659,-0.8681020121,2e-05,3.2566962298,0.3823423164,0.0778100214,0.3788245932,386845,0.5013267539,-0.8703979401,104.2964706421,1772733180.0447412,3.0502916026,0.034246506,5e-06,2.4417598828,0.0483498569,2.3816497183,0.1217828992,15.0530785306,1586.0,0.0371686989,57.0309245586,3.1071754305,-2.3880063542,3.2717102766,3.4521378263,0.5063324805,0.2558689213,23053.6198824,-0.1062303686,0.547413703,0.01375,328,0.3083996819,0.7050503751,0.0,0,0.2053513016,2.3373725303,2.3894805272,0.0032552084,0.3061900275,0.1683531146,0.968371383,0,0.1690221683,0.0038541668,0.5417326677,-0.1079832881,0.0553989604,0.8541130618,0.0013181575,0.0038715279
0.0418419204,0.964901789,2.5621680236,-0.8522585968,2e-05,3.6243590816,0.382578762,0.0775226782,0.3756059027,386845,0.5007547476,-0.853455718,104.2964706421,1772733180.045241,3.0174344635,0.0338858766,5e-06,2.4410725013,0.0483448336,2.2995952002,0.1273056877,18.1757021729,1586.0,0.0414533351,56.5358662605,3.2967163642,-2.4997479828,3.2939958199,3.4699816831,0.506072063,0.2522780742,23053.620382,-0.1190001255,0.5732080865,0.0091666667,329,0.3249217122,0.7045642587,0.0,0,0.1613950297,2.3392126568,2.5004688899,0.0033246529,0.32484811,0.1756923167,0.9644522949,0,0.1782115963,0.0047352432,0.5701902264,-0.119279284,0.0562231646,0.8534108996,0.0012431177,0.0047395835
0.0375880113,0.9630178503,2.6915205701,-0.8362884394,2e-05,3.6773466603,0.3813553549,0.0770771026,0.3733442465,386845,0.4999707156,-0.8385471145,104.2964706421,1772733774.201404,3.0816862973,0.0334611981,5e-06,2.4715216382,0.0483398104,2.3210091472,0.1236246495,15.5909417931,1586.0,0.0360508896,56.1832051277,3.3427997986,-2.5651355894,3.3606985656,3.5365760756,0.5037369945,0.2580550673,23647.7542642,-0.1261469666,0.595058891,0.0109765625,330,0.3410910801,0.7044533082,0.0,0,0.1584570865,2.3717892067,2.5662360748,0.0031467015,0.3399493025,0.1810054571,0.9635291469,0,0.1808753215,0.0040147571,0.585277516,-0.1297758623,0.0543783424,0.8549575118,0.0011470731,0.0040798612
0.0366609157,0.9640906719,2.5087608059,-0.8489459809,2e-05,3.5910952346,0.3873155,0.0757034835,0.3727035364,386845,0.5019237536,-0.8509495715,104.2964706421,1772733774.2019038,3.1307411003,0.032916743,5e-06,2.5158973471,0.0483347871,2.3753038518,0.133546814,20.0672180271,1586.0,0.036071597,56.1038491726,3.2838433345,-2.5092400201,3.4186517175,3.5858310064,0.5079904653,0.2553872515,23647.7542642,-0.1226434895,0.5811104965,0.01,331,0.3259646908,0.7037144828,0.0,0,0.1138585215,2.420102582,2.5101385689,0.0032204862,0.3243929393,0.1774366089,0.9642136347,0,0.1776497508,0.0039539932,0.5799086452,-0.1226165141,0.0553203032,0.8512892695,0.0012486998,0.0039583335
0.0367388586,0.9772322071,2.6847966878,-0.896841983,2e-05,3.7845661608,0.3835589351,0.0763032092,0.3637579409,386845,0.4996546541,-0.8981051473,104.2964706421,1772733774.2024038,3.2812900964,0.0334569713,5e-06,2.5341100375,0.0483297638,2.4876222285,0.1243040991,16.3418298403,1586.0,0.0372291717,54.7619178295,3.4660153643,-2.6357181978,3.5055092414,3.6734825595,0.4993793547,0.2604382175,23647.7547642,-0.0776758522,0.476448643,0.0091666667,332,0.2557874493,0.7023613667,0.0,0,0.1052968278,2.4362163186,2.6368379633,0.0030815973,0.2542290149,0.1379738141,0.9773355567,0,0.1370992843,0.0041536459,0.473016217,-0.0787717911,0.0538678718,0.8546427178,0.0012546921,0.0041710071
0.0431797461,0.9622830244,2.8596429197,-0.7662501629,2e-05,3.9565912231,0.3762013083,0.0789868311,0.4190104278,403741,0.4991765674,-0.7684998425,44.2248891195,1772733774.2029037,3.3940919153,0.0351902703,5e-06,2.6704315948,0.0483247406,2.5222678264,0.1227887581,18.9273420238,690.6666666667,0.0446336969,63.8362903595,3.6422992142,-2.77075188,3.6818771863,3.8589418085,0.494635431,0.2240694996,23647.7552641,-0.1326700023,0.5998741547,0.0133333333,333,0.3811857124,0.7166757258,0.0,0,0.0988633779,2.5676241517,2.7708477592,0.0033159723,0.379845797,0.1829283377,0.961612552,0,0.1843390842,0.0050390626,0.6016046935,-0.1314261517,0.0560016559,0.8590254013,0.0020128918,0.0048914932
0.0448784164,0.9627703667,2.8393468595,-0.6773509534,2e-05,3.9925305684,0.3665988129,0.0763444481,0.3225584698,403741,0.4997972767,-0.6771757426,14.1890983582,1772733774.2029037,3.5047951301,0.0339429265,5e-06,2.6991564473,0.0483197173,2.5787984339,0.1267610481,17.5947379621,243.0,0.0445369296,48.5744721889,3.7250837326,-2.7882982755,3.7554662673,3.9204421234,0.4858810904,0.2206484463,23647.7557641,-0.1298160714,0.6017691141,0.0091666667,334,0.450607033,0.7222648478,0.0,0,0.0907987804,2.603821636,2.7886066858,0.0035156251,0.4517775285,0.1817637051,0.9629780062,0,0.1809111815,0.0040625001,0.5937338903,-0.13167713,0.0577395642,0.8653686194,0.001194574,0.0040234376
0.2364751499,0.9386050463,2.6146504831,-0.0296529568,2e-05,3.5205528577,0.3794258051,0.0791755184,0.3193228881,403741,0.5020619879,-0.0248316322,14.1890983582,1772733774.2034037,3.6186281045,0.0345092075,5e-06,2.6850966175,0.048314694,2.6349225307,0.1266992895,18.8531397057,243.0,0.2355360082,48.0835330486,3.4990896273,-2.6923674218,3.7308286762,3.9024349769,0.4825434156,0.2114251944,23647.7562666,-0.2202463541,0.7616189855,0.0083333333,335,0.6327945431,0.7217464689,0.0,0,0.2701257218,2.5861052958,2.6928846868,0.0033810765,0.6322300271,0.2318881933,0.9399160421,0,0.2294760661,0.6446441102,0.7476502174,-0.2255354747,0.0563291687,0.8558933016,0.0011416578,0.6439757088
0.1846122361,0.9430286813,2.6233074951,0.4213741105,2e-05,3.591084315,0.3796396418,0.0761075601,0.3189905993,403741,0.499157747,0.4280664768,14.1890983582,1772733774.2039063,3.3836010949,0.0336759534,5e-06,2.6193562285,0.0483096708,2.538230474,0.1165550664,15.882182463,243.0,0.1845949613,48.0412003994,3.4462004821,-2.6466598694,3.6400518433,3.8081719319,0.48432293,0.2169265118,23647.756765,-0.2177880143,0.7612904243,0.0083333333,336,0.6963862173,0.7192133439,0.0,0,0.1883373299,2.5237329388,2.646538589,0.0031380209,0.6959957143,0.2269071275,0.94424745,0,0.2245507391,0.9588411661,0.751821932,-0.2225395453,0.054177313,0.8568769765,0.0011872244,0.959136306
0.4302490395,0.9334220167,2.5070160103,0.5555896664,2e-05,3.409931078,0.374622419,0.0793794768,0.3211561108,403741,0.5007259625,0.5606379354,14.1890983582,1772733774.2044048,3.2933356921,0.0355953207,5e-06,2.6867045792,0.0483046475,2.4725470233,0.1299839579,15.6957347441,243.0,0.4316847981,48.3637282848,3.380888354,-2.6154036411,3.7068111277,3.8833100541,0.4788194575,0.2058246754,23647.756765,-0.2364863702,0.7754810584,0.013046875,337,0.6183792136,0.7228793967,0.0,0,0.1413855955,2.5838859892,2.6151959062,0.0033897571,0.6166738355,0.2480888368,0.9344631616,0,0.2469588498,0.6807161649,0.7687504212,-0.2410574317,0.0562829425,0.8594634918,0.00120869,0.6852517547
0.4828594806,0.9370233631,2.792301391,0.6537077636,2e-05,3.5808686113,0.3805708495,0.0796155303,0.3230792618,403741,0.5029185466,0.6581949329,14.1890983582,1772733774.204905,3.2021787111,0.0351159449,5e-06,2.6434230073,0.0482996242,2.5004811621,0.123568445,16.2716560014,243.0,0.4817006578,48.6570146084,3.3745337152,-2.7313269822,3.5576400661,3.7373809767,0.4943663337,0.2270743911,23647.7572651,-0.2320351982,0.7718667777,0.0108333333,338,0.5523141793,0.7193766944,0.0,0,0.149847959,2.5396365023,2.7317303451,0.0031293404,0.5498633822,0.2368576101,0.9372492941,0,0.2378369784,0.3847873369,0.7665007472,-0.2344765429,0.0543051761,0.8558949892,0.0012440602,0.3900694548
0.1281020188,0.9408531404,2.5286608624,0.6877729483,2e-05,3.3745377111,0.3817045789,0.0773508026,0.3267022753,403741,0.499191526,0.6902551675,14.1890983582,1772733774.204905,3.3646630192,0.0345930439,5e-06,2.7075315213,0.048294601,2.6845523755,0.1328254707,17.8738666391,243.0,0.1281740133,49.2106742859,3.2921509473,-2.6728026573,3.5630752683,3.7369565773,0.4839279656,0.2130860402,23647.7577643,-0.2113764374,0.733257223,0.0079166667,339,0.5251168585,0.7196748888,0.0,0,0.1716145839,2.6087685672,2.6723506697,0.003233507,0.5243166272,0.2348261954,0.94229834,0,0.2314504259,0.0611197935,0.7247389615,-0.2155039887,0.0555500025,0.8554873021,0.0011852455,0.0615625018
0.0272053853,0.951044753,2.6990512959,0.723222003,2e-05,3.5219643211,0.3866723648,0.0766163437,0.3332378721,403741,0.5007141715,0.7277649132,14.1890983582,1772734363.2207427,3.2594555497,0.0351172134,5e-06,2.6814541014,0.0482895777,2.5790799769,0.1325138668,15.7925905577,243.0,0.02759427,50.191090107,3.3516226292,-2.7267458081,3.5061808395,3.6754526647,0.4862283136,0.2173116094,24236.7515144,-0.1756006636,0.6873281799,0.00875,340,0.4863948866,0.7180067166,0.0,0,0.1009015837,2.5801165501,2.7268247954,0.003233507,0.4829234906,0.2126631139,0.9528157969,0,0.2076690976,0.0031901042,0.6704293563,-0.1817866821,0.0556371017,0.8515332353,0.0013193162,0.0031467015
0.0349931711,0.9583196712,2.6811861142,0.7752605792,2e-05,3.5582161967,0.3797528634,0.0773066131,0.3124681393,403741,0.4999758587,0.7767069054,14.1890983582,1772734363.2212424,3.2096127597,0.0343113631,5e-06,2.6309375477,0.0482845544,2.5364523594,0.136313335,17.588412838,243.0,0.0349349784,47.0496435165,3.3185424487,-2.6655766884,3.4702596394,3.6432118289,0.485681439,0.2267699269,24236.7520142,-0.152515658,0.6415555469,0.0085286458,341,0.4231150397,0.7201265868,0.0,0,0.1603203825,2.5315411425,2.6661983641,0.0031380209,0.4232721359,0.1945661722,0.9595395863,0,0.1896702936,0.0040147571,0.6374278971,-0.1551426195,0.0542124048,0.8575380194,0.0011393531,0.0039713543
0.0302684655,0.9585105602,2.8710240062,0.794402734,2e-05,3.7248917007,0.3810220023,0.07745059,0.3208253606,403741,0.4997153968,0.7960295347,14.1890983582,1772734363.2217422,3.4525998632,0.0348764619,5e-06,2.6996749679,0.0482795312,2.7558525729,0.1238108509,14.7104717596,243.0,0.0306166839,48.3191883564,3.4789828587,-2.8381771668,3.5199464734,3.686732343,0.4782074785,0.2161965405,24236.7525144,-0.1480820972,0.6291350623,0.0073046875,342,0.4060580846,0.7234844991,0.0,0,0.1307702932,2.5987615625,2.8386295239,0.003216146,0.4057572061,0.1944472141,0.9591175012,0,0.1925616394,0.0031727431,0.6252838343,-0.1500896766,0.0554803558,0.8556072783,0.0012256034,0.0031467015
0.0271481005,0.963110189,2.6881751362,0.8238236304,2e-05,3.5351856724,0.3783711238,0.077487346,0.3595375617,403741,0.5004021062,0.8243241473,14.1890983582,1772734363.2222424,3.3999326746,0.0349922224,5e-06,2.6892131567,0.0482745079,2.7081070685,0.1190453558,15.451657122,243.0,0.0276854488,54.2127611637,3.4027469746,-2.738444229,3.5614914846,3.7362002722,0.4885503626,0.2252683885,24236.7530142,-0.1298266417,0.6004414751,0.01125,343,0.3651539926,0.720209827,0.0,0,0.1259901138,2.5875999188,2.7390539376,0.0033029515,0.3662327351,0.1810992885,0.9644402881,0,0.1768846829,0.002842882,0.593001401,-0.1336954105,0.0561637287,0.8569290245,0.001804107,0.0028385418
0.0362086689,0.9618632809,2.5486525424,0.8113536485,2e-05,3.5419278971,0.3737305117,0.0803999593,0.3287617842,403741,0.4989667191,0.8124557368,14.1890983582,1772734363.2227423,3.3230087916,0.0351126953,5e-06,2.6612807099,0.0482694846,2.585543383,0.1319737802,17.0917400106,243.0,0.0362395678,49.4996359348,3.3843261035,-2.6312667147,3.5424137513,3.7213274431,0.4860590424,0.2235527175,24236.7530142,-0.1407558116,0.6106643077,0.0095833333,344,0.3741592703,0.7219658367,0.0,0,0.1405756523,2.5579873753,2.631670994,0.0032421876,0.3746774846,0.1837884369,0.9614175344,0,0.1856281224,0.0042925348,0.6146869127,-0.1390290407,0.0552362578,0.8627055931,0.0011689472,0.0042447918
0.0278886189,0.9593333574,2.769272426,0.8161766287,2e-05,3.5857183743,0.3815748226,0.0754460557,0.3232374096,403741,0.4980993088,0.8174969478,14.1890983582,1772734363.2232423,3.313391246,0.0344091081,5e-06,2.6840444247,0.0482644614,2.5572147441,0.1239138799,16.4297875039,243.0,0.0292398225,48.6650080681,3.4040449301,-2.732533226,3.5670673307,3.7410017697,0.4830034874,0.2164428427,24236.7535142,-0.1472620969,0.6218263521,0.0087109375,345,0.3705276106,0.7234776048,0.0,0,0.0833232559,2.5848728538,2.7328632577,0.0031944445,0.3707487808,0.1912708532,0.9587628412,0,0.1929391687,0.0027777779,0.6288060532,-0.1448627388,0.0548254956,0.8557330147,0.0011426242,0.002717014
0.035652825,0.9618632746,2.5997328965,0.8241623,2e-05,3.4315445423,0.378723287,0.0765180553,0.3836641773,418602,0.4988552676,0.8253618157,14.2581933339,1772734363.2232423,3.1961113501,0.034630302,5e-06,2.6523677357,0.0482594381,2.5005483731,0.1140374297,13.7656332,251.3333333333,0.0363511511,58.3778629303,3.2655859788,-2.6054390494,3.5026518742,3.6810012356,0.4882856047,0.2145863626,24236.7540141,-0.1341869881,0.6086501171,0.0116666667,346,0.3593533931,0.7231602859,0.0,0,0.1161475824,2.5523523959,2.6058463422,0.0032378473,0.3596663313,0.1846913265,0.9626763181,0,0.1825287865,0.0040060765,0.6027801508,-0.1368066077,0.0552603794,0.8572344939,0.0014049387,0.0040060765
0.0363194131,0.9561506605,2.8278794169,0.8120508401,2e-05,3.8861772855,0.3637135054,0.0788342585,0.3688388681,418602,0.4969674993,0.8144604115,14.3963832855,1772734363.2237422,3.4097714941,0.0343867453,5e-06,2.6807593346,0.0482544148,2.6415470028,0.1188539878,15.8389198192,268.0,0.036163897,55.5269908905,3.5869241921,-2.7778859091,3.6171059068,3.7927618011,0.4833593889,0.1937074396,24236.7540141,-0.1498642214,0.6337327594,0.0075,347,0.3747290639,0.7330976895,0.0,0,0.1463299555,2.5821456416,2.7777535645,0.0030034723,0.3721498853,0.1983106742,0.9564899337,0,0.1987811407,0.0038237849,0.6267456084,-0.1532243923,0.0532017602,0.8683177153,0.001274236,0.0037760418
0.0364296043,0.9643826715,2.6893034053,0.8420548375,2e-05,3.7059711377,0.3774833732,0.0812412564,0.3545210346,418602,0.4999307068,0.844807992,14.3963832855,1772734363.2242422,3.4330648247,0.0345551939,5e-06,2.7016447361,0.0482493916,2.6697970192,0.115611466,15.8006407817,268.0,0.0371092587,53.4003105164,3.4867276541,-2.7215291635,3.6532519404,3.828824393,0.4808941112,0.1888880877,24236.7550149,-0.1246274648,0.5879781135,0.0095833333,348,0.3357981662,0.7304478904,0.0,0,0.151877809,2.6041819565,2.7224230528,0.0035112848,0.3322306305,0.1768435504,0.9647282465,0,0.176258258,0.0042230904,0.583710047,-0.1262083151,0.0577548134,0.8583667556,0.0014103794,0.0041927084
0.0378590231,0.9663704685,2.6034539898,0.8507324787,2e-05,3.5475109148,0.3717294189,0.0777172747,0.3260941744,418602,0.4988539143,0.8518445849,14.3963832855,1772734363.224743,3.3154867482,0.03487987,5e-06,2.7146567806,0.0482443683,2.5963758413,0.1274372056,16.8645538553,268.0,0.0374335849,49.1074631214,3.3798374526,-2.667297616,3.6532641697,3.8267299891,0.4754210216,0.1896020367,24236.7550149,-0.1166646924,0.5731610741,0.0092447917,349,0.319879015,0.7305753887,0.0,0,0.1053145848,2.61569345,2.6677452858,0.0034895834,0.3188064755,0.1723997767,0.9670004304,0,0.1713956021,0.0040017362,0.5670692104,-0.1197151576,0.0578153019,0.8609366914,0.0012287792,0.0040104167
0.0355880025,0.9615573498,2.6816871023,0.8392501998,2e-05,3.8973181804,0.3788530551,0.0774485003,0.3304806105,418602,0.5015092204,0.842565515,14.3963832855,1772734937.067243,3.4029318301,0.0345399645,5e-06,2.6493352516,0.048239345,2.5592288017,0.1235883228,16.4443834559,268.0,0.0359965102,49.7810373306,3.5932994334,-2.6990862838,3.6445577606,3.822318236,0.4884461951,0.2104111614,24810.5764948,-0.1292526275,0.5972932778,0.0120833333,350,0.3377447957,0.7249240013,0.0,0,0.0926343036,2.5486987384,2.7002271684,0.0031119793,0.3332372863,0.1850188641,0.9622221943,0,0.1832835558,0.0041493057,0.5908017349,-0.1311684852,0.0541309476,0.8573188972,0.0012927485,0.0041493057
0.0308683559,0.9653833604,2.8879319064,0.8491801782,2e-05,4.1018083127,0.3724843705,0.0799146622,0.3328958321,418602,0.4990316927,0.8501667412,14.3963832855,1772734937.0682428,3.6076724887,0.0352053671,5e-06,2.7409414426,0.0482343218,2.7020311236,0.1357962109,18.5165469503,268.0,0.0304578667,50.144724369,3.7569312032,-2.8249827886,3.8131906676,3.9926016959,0.4782725827,0.1883551128,24810.5774954,-0.1204087782,0.579769427,0.0094010417,351,0.3196855389,0.7328202049,0.0,0,0.112881654,2.6412340204,2.8256368407,0.0032595487,0.3201375851,0.174551554,0.9664315462,0,0.1709162647,0.0029947918,0.5764329332,-0.1228429561,0.0553311818,0.8628030002,0.0013120572,0.002999132
0.035165796,0.9597150294,2.7422124624,0.8383660849,2e-05,3.9677716796,0.3763079263,0.0804518899,0.3305921555,418602,0.5014405729,0.8401046741,14.3963832855,1772734937.0687428,3.7646004581,0.0365945432,5e-06,2.7954606525,0.0482292985,2.8248965247,0.1266603844,16.6604124673,268.0,0.0344103704,49.7824940681,3.7755881468,-2.7994979707,3.8897570133,4.0701343266,0.4667057413,0.1801033058,24810.5779951,-0.1361041862,0.600890397,0.0103255208,352,0.3389419977,0.7351797911,0.0,0,0.1534342899,2.6886975177,2.8003040544,0.0032942709,0.337754911,0.1906309515,0.9599217204,0,0.189300929,0.003654514,0.604705226,-0.1362442007,0.0555024301,0.8595914702,0.0012110758,0.0036458334
0.0499535342,0.9628303047,2.8961374323,0.8548550173,2e-05,4.2083768272,0.3711217673,0.0829770056,0.327268432,418602,0.4987271599,0.8561233548,14.3963832855,1772734937.0692425,3.8499755875,0.0368001772,5e-06,2.8551451437,0.0482242752,2.8215119974,0.1313950829,16.3333435663,268.0,0.0498085203,49.2997412682,3.9137365707,-2.8806962887,4.0061102756,4.1898874283,0.468650188,0.1810357865,24810.578495,-0.1196542911,0.5865202026,0.01,353,0.3146813416,0.7321187957,0.0,0,0.14851375,2.7499272275,2.8812977068,0.0035546876,0.3137456638,0.1812041062,0.9642786797,0,0.1760989631,0.0052560765,0.5691878422,-0.1252669793,0.0584215221,0.8629300642,0.0011815453,0.0052690974
0.137123929,0.9674779753,2.6538976606,0.8670349995,2e-05,3.8416885916,0.37295302,0.0805088508,0.3280836217,418602,0.5009528869,0.8692042752,14.3963832855,1772734937.0697424,4.0032653681,0.0366260896,5e-06,2.8051298205,0.048219252,2.9245447787,0.1300424513,15.5960046577,268.0,0.1370251354,49.408208847,3.7958798313,-2.7807932766,3.9993107875,4.1811020247,0.470199666,0.1811342623,24810.578495,-0.1094002327,0.551733613,0.0133333333,354,0.2964292471,0.7299057655,0.0,0,0.2394501602,2.6991154869,2.782152857,0.0033159723,0.2936334104,0.1643283025,0.9685948026,0,0.160212399,0.5721484483,0.5488630495,-0.1121986624,0.0561057637,0.8617433401,0.0012476937,0.5714323056
0.0753804191,0.9691274544,2.711269544,0.8725533942,2e-05,3.9197363758,0.3767646503,0.0787807337,0.3292770433,418602,0.4993764011,0.8731458096,14.3963832855,1772734937.0702422,3.6850766428,0.0361252916,5e-06,2.7788231874,0.0482142287,2.6930477953,0.1323104,18.6463362058,268.0,0.0779974591,49.5917801857,3.7413466342,-2.7775861637,3.8983394416,4.0739146217,0.4680816098,0.1929641891,24810.5789948,-0.1056210946,0.5377808326,0.0120572917,355,0.2939261851,0.7335298848,0.0,0,0.1854347812,2.6738975724,2.7788171609,0.003155382,0.2936730082,0.1637259515,0.9690521936,0,0.1643299682,0.9911979338,0.5365791035,-0.1050540057,0.0546682699,0.8591652171,0.0012658215,0.9913455057
0.0884671107,0.9676907166,2.7599515446,0.8672420645,2e-05,3.9784319162,0.3758912107,0.0801369185,0.3232377609,418602,0.4992793606,0.8686203512,14.3963832855,1772734937.0702422,3.711378065,0.0361284983,5e-06,2.7524583475,0.0482092054,2.6915340543,0.1237306111,15.1189997911,268.0,0.0903641953,48.6776528358,3.7886498419,-2.7964949115,3.9070408106,4.0865785662,0.4683463671,0.1827884903,24810.579495,-0.1081080595,0.5517950414,0.0083333333,356,0.2955577884,0.7358662474,0.0,0,0.1966099237,2.6465695413,2.7973843988,0.0031987848,0.2934153228,0.1683350835,0.9679494925,0,0.1679081628,0.9889757117,0.5464232769,-0.1095701175,0.0546867284,0.8601436925,0.0012030665,0.9891536673
0.0765081002,0.9731035113,2.6205637614,0.8820092312,2e-05,3.83249554,0.3774301002,0.0781202659,0.3256992102,418602,0.4975200146,0.8823485919,14.3963832855,1772734937.0707424,3.7448914933,0.0337473844,5e-06,2.6389379859,0.0482041822,2.713511645,0.1254834695,16.6949440432,268.0,0.0747878467,49.0514888763,3.6977259048,-2.7291586137,3.8360325178,4.0073409653,0.4805512289,0.1980645861,24810.5799949,-0.0944408039,0.5200096973,0.00875,357,0.2754691315,0.7272219487,0.0,0,0.1143094593,2.5425239038,2.7293741274,0.0033289931,0.2771299111,0.1518168259,0.9732506398,0,0.151547883,0.9919661653,0.5175909205,-0.0952376564,0.0556979612,0.8581637398,0.0012104813,0.9918099177
0.0907279185,0.973689216,2.851624999,0.8873110882,2e-05,4.080464139,0.3858842401,0.0807655211,0.3694107072,418602,0.4989548518,0.8884878918,14.3963832855,1772734937.0712423,3.6529564206,0.0374311904,5e-06,2.8431922936,0.0481991589,2.6739462177,0.1153719389,14.5867137798,268.0,0.09140895,55.644841671,3.8381896114,-2.8565579232,3.9962002778,4.1764459729,0.4682422004,0.1797828263,24810.5804949,-0.0909228411,0.5076268087,0.0083333333,358,0.2744189024,0.7294454237,0.0,0,0.1164837694,2.7335970076,2.8574544636,0.0032291667,0.2724915063,0.1493847165,0.9738674076,0,0.1492214411,0.9893229389,0.5044971736,-0.0914213834,0.0552088795,0.8519289108,0.0014623229,0.9893923775
0.1115185227,0.9664112055,2.7013005535,0.8631280744,2e-05,4.15956031,0.3668655424,0.0795130313,0.3255021413,418602,0.4982344276,0.8632022834,14.3963832855,1772734937.0717423,3.5097079961,0.0362709618,5e-06,2.7834050012,0.0481941356,2.5087327234,0.1343125328,16.7983494218,268.0,0.1123696527,49.6228380203,3.7375850519,-2.6503066039,3.9953518303,4.1705751053,0.4659288323,0.1880060604,24810.5804949,-0.1145624299,0.5562456743,0.0116666667,359,0.3096391254,0.7366443586,0.0,0,0.1299858546,2.6779341507,2.6509584578,0.0032595487,0.3093821392,0.1713642843,0.9670666385,0,0.1682136209,0.9844140832,0.5573889401,-0.1143221109,0.0554076865,0.8659164457,0.0050991821,0.9845703328
0.3237833969,0.9641828529,2.7532092293,0.8527156603,2e-05,4.108091766,0.3742248002,0.0822393687,0.5179810381,431368,0.4995599562,0.8540651306,14.8860940933,1772735537.2462664,3.7309002217,0.0365285871,5e-06,2.7844729463,0.0481891124,2.6269269101,0.1107836499,14.1749413872,512.0,0.3250575335,78.9513237476,3.8317069689,-2.7215317472,4.06687421,4.245793163,0.4625390726,0.1760027632,25410.7330124,-0.1201740784,0.5776199534,0.0095833333,360,0.3237103517,0.7316616833,0.0,0,0.1279988938,2.6778398697,2.7224836222,0.0031597223,0.3222586533,0.1779919483,0.9645690739,0,0.1763780037,0.8553689424,0.5756424548,-0.1212192873,0.0549688765,0.8597618818,0.0028028409,0.8571093957
0.3524916004,0.9530443549,2.6464616092,0.8198610421,2e-05,3.8923106496,0.3743606934,0.0820597375,0.3232897822,431368,0.4989686815,0.8208090989,14.8860940933,1772735537.2467663,3.7092276088,0.0365784857,5e-06,2.767192626,0.0481840891,2.631963892,0.130836307,20.2704693715,512.0,0.3515481743,48.6964521408,3.7378805669,-2.6855642335,4.0349068324,4.2093333292,0.4541362967,0.1777117644,25410.7335124,-0.1658121681,0.6688940028,0.0091666667,361,0.3597770687,0.733954554,0.0,0,0.1531768444,2.6600199485,2.6861528063,0.0032161459,0.3595130714,0.2023179094,0.9536366892,0,0.2016011303,0.3158637242,0.6669714328,-0.1675766506,0.0551752273,0.8615016806,0.0012763484,0.3187934143
0.0423204957,0.9641018522,2.751971639,0.8520108549,2e-05,4.1094554202,0.3749410873,0.0819176775,0.3253171492,431368,0.4998528997,0.8523313014,14.8860940933,1772735537.2472663,3.7989652491,0.0371287138,5e-06,2.8126778642,0.0481790658,2.6532476298,0.1226495589,15.7128209591,512.0,0.043684193,48.9958398342,3.900706439,-2.7571911287,4.1270876853,4.3066926241,0.4576432419,0.1752660399,25410.7340124,-0.1181970878,0.5768874671,0.0095833333,362,0.3154886952,0.7317983512,0.0,0,0.1113365313,2.7040386407,2.7582644955,0.0033463543,0.3160626429,0.1790308464,0.9655232128,0,0.172272594,0.0042881946,0.5685448531,-0.1208169662,0.0561146427,0.8606097941,0.0012549512,0.0042187501
0.0408614027,0.9591051793,2.5710225836,0.8388532559,2e-05,3.9782414786,0.3658534906,0.083537246,0.3279266675,431368,0.500285638,0.8403530808,14.8860940933,1772735537.2477663,3.8747062445,0.0371998819,5e-06,2.8093850517,0.0481740426,2.6834109155,0.1306186293,17.5947738012,512.0,0.0406543341,49.3920776844,3.8656280756,-2.6891948883,4.140438056,4.3196659819,0.4592404662,0.1808110972,25410.7340124,-0.1321512809,0.6063259353,0.0095833333,363,0.3350685708,0.7367577628,0.0,0,0.1125416955,2.6993959522,2.6902838731,0.0033289931,0.3333093213,0.192395812,0.9595210584,0,0.1921044408,0.004513889,0.5938659384,-0.1361216409,0.0561055128,0.866758124,0.0012636964,0.0044878473
0.0442109729,0.9648163398,2.5377414147,0.852769833,2e-05,3.7502927526,0.3777310916,0.0810015261,0.3343477901,431368,0.498170923,0.8545394429,14.8860940933,1772735537.2482662,3.6465484468,0.0362059731,5e-06,2.7052049168,0.0481690193,2.5135273616,0.1270167876,16.9796886412,512.0,0.0448942954,50.3537330627,3.6014569505,-2.5615734212,4.0013495922,4.1807346614,0.4598046994,0.1743920487,25410.7345124,-0.1202733706,0.5780346793,0.0120833333,364,0.3122741524,0.732002341,0.0,0,0.0627896723,2.5972284635,2.5620097248,0.0030902779,0.3103450216,0.1757201336,0.9649459334,0,0.1751588436,0.0050043404,0.5751785984,-0.1215202019,0.0541125779,0.8586297154,0.0012668673,0.0049175349
0.0390119727,0.9591063794,2.431378303,0.8259752532,2e-05,3.6825651979,0.372879736,0.0786440009,0.3289113251,431368,0.4982743963,0.8270244221,14.8860940933,1772735537.2482662,3.6423155046,0.0357486639,5e-06,2.6640407014,0.048163996,2.5374881434,0.1316442898,15.355910476,512.0,0.0377870021,49.5266792774,3.5836332273,-2.5256922086,3.9206676865,4.0948943106,0.4599218883,0.1779771592,25410.7350126,-0.1381476629,0.6013286865,0.0116796875,365,0.3416596677,0.7316072496,0.0,0,0.1344103034,2.5592160249,2.5264829691,0.0033072918,0.3411447728,0.1912981215,0.9582608763,0,0.1948536785,0.0040234376,0.6089139338,-0.1366293321,0.0559475387,0.8611713183,0.0011972793,0.0040972223
0.0347435051,0.9611526688,2.6444202526,0.844359866,2e-05,3.9036048079,0.3728302472,0.0789511867,0.3386796522,431368,0.4973943079,0.845036492,14.8860940933,1772735537.2487667,3.531759185,0.0350509453,5e-06,2.6193857686,0.0481589728,2.4860190113,0.1298417975,15.7165066862,512.0,0.0359694705,51.0163431168,3.64549517,-2.6055105011,3.876550107,4.0490652625,0.4651085206,0.1788777472,25410.7355144,-0.1309473057,0.5888346573,0.00625,366,0.3262521294,0.7320311447,0.0,0,0.0959658481,2.5156522369,2.6055092676,0.0032118056,0.3266374463,0.1838236688,0.9611234951,0,0.184807444,0.0033159723,0.593679715,-0.1304160582,0.0549451292,0.8620312798,0.0012222417,0.0032508681
0.0508174621,0.9633529087,2.8360092942,0.8368529745,2e-05,4.071370759,0.3676872901,0.080955234,0.3379513979,431368,0.4984878931,0.8388401302,14.8860940933,1772735537.2492685,3.741971782,0.0364715271,5e-06,2.7320402718,0.0481539495,2.6383005873,0.1329409185,18.3510459153,512.0,0.0485296804,50.8964397907,3.7724154043,-2.7553375793,3.9894422626,4.1675684039,0.4678776165,0.1862243208,25410.736014,-0.1186303074,0.5701171533,0.0070833333,367,0.3274518484,0.7331469095,0.0,0,0.1104760148,2.6237796831,2.7554662935,0.0031293404,0.3246210287,0.180051226,0.9639448945,0,0.1780219828,0.0047352432,0.5675551273,-0.1201652347,0.0541464575,0.8664455525,0.001278251,0.0048480904
0.1719980246,0.9651937409,2.5777155471,0.848114055,2e-05,3.8228250615,0.3735114216,0.0795522832,0.3371100267,431368,0.4992764803,0.8491738605,14.8860940933,1772735537.249768,3.4680943139,0.0351029631,5e-06,2.6317745733,0.0481489262,2.4803079772,0.132234721,16.9178774198,512.0,0.1726303934,50.7629208565,3.5534246778,-2.5676874963,3.8701640002,4.0440926774,0.4648654634,0.1820319746,25410.7365126,-0.1117320244,0.5589236748,0.0058333333,368,0.3216379495,0.7337386513,0.0,0,0.0814995132,2.5278754973,2.5681529212,0.0032161459,0.3208498203,0.1746688942,0.9661707143,0,0.17156401,0.0720225721,0.5507529094,-0.1148743737,0.0550012742,0.8609739276,0.0012159824,0.0716189254
0.493505042,0.9550049114,2.5421205147,0.8165148675,2e-05,3.7887339067,0.3651079302,0.0799306741,0.3293729194,431368,0.5006987441,0.8182747837,14.8860940933,1772735537.2502666,3.6993702992,0.0350803144,5e-06,2.6242695085,0.048143903,2.5954553898,0.1312109649,14.1925599798,512.0,0.4931673833,49.59866786,3.6427162329,-2.5775973741,3.882916503,4.0612444067,0.4680295269,0.1820284429,25410.7370139,-0.1439033549,0.6278695647,0.0125,369,0.3508144613,0.7336041888,0.0,0,0.1296246208,2.5207367229,2.5777559153,0.0031293404,0.350450418,0.1989563488,0.9554379765,0,0.1997315729,0.5411979355,0.6220987292,-0.147591557,0.0544203663,0.8680530711,0.0012248262,0.5373915094
0.3385705871,0.9678189262,2.6994785984,0.8204647442,2e-05,3.7427213478,0.3756211833,0.080189239,0.31729321,431368,0.4978260388,0.820235794,14.8860940933,1772736127.3716593,3.7120530987,0.0366538302,5e-06,2.7096680411,0.0481388797,2.7314323823,0.1409546891,16.1195121082,512.0,0.3385282361,47.7878060341,3.624314642,-2.7296159816,3.880619429,4.0631042528,0.4595876849,0.1754592497,26000.8362757,-0.1109438351,0.5401225316,0.0091666667,370,0.3404909434,0.7385642854,0.0,0,0.146372684,2.600297393,2.7304598022,0.0032769098,0.340941663,0.1621021024,0.967950714,0,0.1611835186,0.8081033188,0.5386208166,-0.110045606,0.0557085062,0.8599315723,0.0012287474,0.8068316176
0.2761305675,0.9787434216,2.676540943,0.7738605924,2e-05,3.7882059495,0.3621749206,0.0814012538,0.3524570195,431368,0.4999425616,0.7742355454,14.8860940933,1772736127.3721592,3.5635408433,0.0375224517,5e-06,2.7630539934,0.0481338564,2.6115472873,0.119853045,14.023473862,512.0,0.2767742313,53.0861780643,3.5959815121,-2.6787889123,3.9298961051,4.116805555,0.4655034842,0.1869576979,26000.8367757,-0.0695027248,0.4447060698,0.0104166667,371,0.3967688648,0.7327812131,0.0,0,0.1022308192,2.6509769718,2.6798993802,0.003263889,0.3967265446,0.1344218075,0.9788646595,0,0.1337139367,0.911671025,0.4432551577,-0.0700606804,0.0555751385,0.8681540529,0.0013509305,0.9122005383
0.382840354,0.9693973406,2.4323788563,0.4467130452,2e-05,3.3088008308,0.3617099882,0.08017123,0.3241625341,431368,0.4990324189,0.4437000964,14.8860940933,1772736127.3726592,3.426585896,0.0355624727,5e-06,2.6528961921,0.0481288332,2.5496358204,0.1315220872,15.3318648505,512.0,0.3837925363,48.8251881599,3.26171012,-2.5309651947,3.7546191454,3.9342852672,0.4705078256,0.196387327,26000.8367757,-0.105781835,0.5419803929,0.0075,372,0.7017262079,0.7326357134,0.0,0,0.230564592,2.5478036729,2.5320931228,0.0031510418,0.7033206356,0.162414485,0.9690304287,0,0.1640095375,0.8019184216,0.5346798086,-0.1063763846,0.0549317429,0.8682228053,0.0012442303,0.8030946398
0.4883876004,0.943090748,2.6291692821,-0.0653313278,2e-05,3.8239308953,0.3619311881,0.0820290833,0.4731942574,447408,0.4993711923,-0.0732576811,13.6303720474,1772736127.3731592,3.6308739003,0.0375837391,5e-06,2.7120934439,0.0481238099,2.7007195783,0.1165454562,11.7462715213,494.0,0.4892851845,71.8776671886,3.5948448618,-2.6509547408,3.7911196852,3.9814540346,0.4609678948,0.1787973225,26000.8372755,-0.199480606,0.7150156224,0.0094140625,373,0.8056364608,0.7356785003,0.0,0,0.1854882972,2.5992289265,2.650901835,0.0033940973,0.8057583205,0.2240589936,0.9429182414,0,0.2259409799,0.5684505385,0.7180113061,-0.20019011,0.05684235,0.8686061692,0.001579531,0.5748133876
0.3639032576,0.9127133183,2.4683408332,-0.4164019072,2e-05,3.9205470244,0.3595775258,0.0799896589,0.3267690786,447408,0.4978117585,-0.4245619546,13.0025110245,1772736127.3736594,3.271418457,0.0359417198,5e-06,2.6541572261,0.0481187866,2.2477856612,0.1318171422,16.1541284275,485.0,0.36383336,49.2106361389,3.6119966348,-2.4557515264,3.8737872251,4.0589529991,0.4509027892,0.1859820989,26000.8377757,-0.3020404889,0.8519220769,0.0091666667,374,0.6839469512,0.739667693,0.0,0,0.1506400544,2.5464411879,2.4543648672,0.0034288195,0.6820163083,0.2806318273,0.9138912908,0,0.278699162,0.3035373349,0.8485708193,-0.3055441271,0.0575008329,0.8709662433,0.0012083403,0.3077691054
0.0426973774,0.9258902653,2.5418452724,-0.5844380565,2e-05,3.8991114155,0.362608962,0.0815465557,0.3568911489,447408,0.4988406837,-0.5904316574,13.0025110245,1772736127.3736594,3.3775021323,0.0358791971,5e-06,2.6291325132,0.0481137634,2.3711572353,0.1155507336,14.5658514301,485.0,0.0428004111,53.7496106625,3.6533708318,-2.5506181955,3.8461880493,4.0315933116,0.4648524433,0.213400563,26000.8382754,-0.2484688372,0.7793574289,0.0095833333,375,0.5898946895,0.7337150939,0.0,0,0.1049247256,2.5210139887,2.5495026509,0.0031250001,0.5872038446,0.263246369,0.9278941226,0,0.2599299383,0.0047873266,0.7686821453,-0.2556191756,0.0541182497,0.8702096613,0.001362532,0.0047699654
0.0402564085,0.9273623546,2.4904505603,-0.6451395802,2e-05,3.8698087327,0.3703822689,0.0801519102,0.3242123413,447408,0.4977737172,-0.6504635725,13.0025110245,1772736127.374159,3.3748729817,0.0355584046,5e-06,2.6070369641,0.0481087401,2.3428877401,0.1240973636,16.6770657762,485.0,0.0411591746,48.8179216385,3.6063634109,-2.4945073422,3.8451568731,4.026370724,0.4541406379,0.2029524778,26000.8387753,-0.2436761872,0.7671053529,0.0079166667,376,0.5373358419,0.7354332229,0.0,0,0.1401090428,2.5002384869,2.493835392,0.0031901043,0.5346015521,0.260609058,0.9286764359,0,0.2567401396,0.0042187501,0.7604951636,-0.2470316198,0.0547025244,0.8630980281,0.0011670097,0.0041449654
0.0444202164,0.9310721012,2.6891803479,-0.698261952,2e-05,4.0570568244,0.3745869005,0.081726648,0.3238238319,447408,0.4976780814,-0.7004541894,13.0025110245,1772736127.374659,3.4604938372,0.0376071196,5e-06,2.7456798188,0.0481037168,2.3915282782,0.1286026422,17.4383233356,485.0,0.0449139547,48.7634272575,3.7953092337,-2.6549912405,4.0098194472,4.1923971605,0.4502474076,0.1923709813,26000.8392756,-0.2299945425,0.7372582197,0.0095182292,377,0.495001841,0.73279833,0.0,0,0.1423471258,2.6315990392,2.6545564032,0.0031727431,0.4949913865,0.2543801148,0.9305304102,0,0.2552003118,0.004700521,0.7445433931,-0.2275617327,0.0547794172,0.8609813881,0.0012055635,0.0046918404
0.0342037085,0.9438885895,2.6196099583,-0.7594023697,2e-05,4.0247146972,0.3661319294,0.0786703196,0.3205072514,447408,0.4984261735,-0.7614054449,13.0025110245,1772736127.3751593,3.4492331616,0.0347068943,5e-06,2.6460974304,0.0480986936,2.3370627411,0.121550117,15.5412626473,485.0,0.0354888281,48.2709491253,3.7715651774,-2.5888575904,3.9259687479,4.0912383302,0.4567621644,0.2158593977,26000.8392756,-0.1861610625,0.6950162389,0.00625,378,0.4307202586,0.7280012902,0.0,0,0.0842174541,2.544695731,2.588648893,0.0032204862,0.4314192112,0.2268183886,0.9458104897,0,0.2220329038,0.0036675348,0.6865962629,-0.1918620085,0.0549799564,0.8667407215,0.0011987336,0.0036935765
0.0347789382,0.9502887344,2.6282259504,-0.7954271181,2e-05,4.0074449778,0.358314384,0.0766018844,0.3225407966,447408,0.4971435507,-0.7971998159,13.0025110245,1772736127.375659,3.5630350025,0.0334487435,5e-06,2.5868850621,0.0480936703,2.390610346,0.1142469209,15.9707680217,485.0,0.0356623078,48.5854387283,3.8243166995,-2.6121754297,3.9132415708,4.0784035381,0.4617144213,0.2106620614,26000.8397754,-0.1678072782,0.6610694838,0.0075,379,0.3920353321,0.7340076117,0.0,0,0.0851576508,2.4899242258,2.6116246041,0.0030729168,0.3909740883,0.2114637665,0.9509679445,0,0.2097092356,0.0036067709,0.6572144332,-0.1690968823,0.0536374715,0.8709590062,0.0011783409,0.0035850695
